cell_id,lat,lon,elevation_m,slope_deg,rain_1h,rain_3h,rain_6h,rain_24h,rain_72h,rain_intensity,rain_acceleration,soil_moisture_surface,soil_saturation_index,antecedent_rain_48h,flood_event
0,26.5,91.4,50.0,2.0,0.7,1.54,2.31,3.0,5.4,0.7,0.19,0.408,0.85,3.09,1
0,26.5,91.4,50.0,2.0,8.9,19.58,29.37,85.8,154.44,8.9,2.37,0.435,0.907,125.07,1
0,26.5,91.4,50.0,2.0,11.2,24.64,36.96,66.1,118.98,11.2,2.99,0.432,0.899,82.02,1
0,26.5,91.4,50.0,2.0,8.5,18.7,28.05,83.9,151.02,8.5,2.27,0.437,0.91,122.97,1
0,26.5,91.4,50.0,2.0,4.5,9.9,14.85,18.2,32.76,4.5,1.2,0.421,0.878,17.91,1
0,26.5,91.4,50.0,2.0,6.5,14.3,21.45,46.4,83.52,6.5,1.73,0.429,0.893,62.07,1
0,26.5,91.4,50.0,2.0,9.2,20.24,30.36,32.8,59.04,9.2,2.45,0.424,0.884,28.68,1
0,26.5,91.4,50.0,2.0,4.5,9.9,14.85,32.4,58.32,4.5,1.2,0.429,0.894,43.47,1
0,26.5,91.4,50.0,2.0,2.4,5.28,7.92,9.3,16.74,2.4,0.64,0.416,0.867,8.82,1
0,26.5,91.4,50.0,2.0,0.5,1.1,1.65,1.9,3.42,0.5,0.13,0.401,0.836,1.77,1
0,26.5,91.4,50.0,2.0,3.3,7.26,10.89,13.3,23.94,3.3,0.88,0.411,0.855,13.05,1
0,26.5,91.4,50.0,2.0,13.7,30.14,45.21,92.2,165.96,13.7,3.65,0.435,0.906,120.75,1
0,26.5,91.4,50.0,2.0,25.3,55.66,83.49,93.4,168.12,25.3,6.75,0.431,0.898,84.63,1
0,26.5,91.4,50.0,2.0,6.0,13.2,19.8,44.4,79.92,6.0,1.6,0.429,0.893,60.12,1
0,26.5,91.4,50.0,2.0,9.9,21.78,32.67,53.0,95.4,9.9,2.64,0.43,0.895,62.73,1
0,26.5,91.4,50.0,2.0,3.9,8.58,12.87,16.3,29.34,3.9,1.04,0.42,0.875,16.47,1
0,26.5,91.4,50.0,2.0,2.2,4.84,7.26,8.2,14.76,2.2,0.59,0.419,0.872,7.5,1
0,26.5,91.4,50.0,2.0,7.8,17.16,25.74,44.1,79.38,7.8,2.08,0.429,0.894,53.64,1
0,26.5,91.4,50.0,2.0,19.6,43.12,64.68,114.5,206.1,19.6,5.23,0.433,0.903,141.42,1
0,26.5,91.4,50.0,2.0,20.5,45.1,67.65,103.1,185.58,20.5,5.47,0.433,0.903,117.93,1
0,26.5,91.4,50.0,2.0,15.0,33.0,49.5,141.2,254.16,15.0,4.0,0.436,0.908,204.66,1
0,26.5,91.4,50.0,2.0,15.5,34.1,51.15,116.3,209.34,15.5,4.13,0.437,0.909,158.19,1
0,26.5,91.4,50.0,2.0,25.1,55.22,82.83,75.2,135.36,25.1,6.69,0.433,0.903,52.53,1
0,26.5,91.4,50.0,2.0,11.0,24.2,36.3,69.9,125.82,11.0,2.93,0.434,0.905,89.52,1
0,26.5,91.4,50.0,2.0,7.1,15.62,23.43,22.1,39.78,7.1,1.89,0.421,0.876,16.35,1
0,26.5,91.4,50.0,2.0,2.3,5.06,7.59,6.1,10.98,2.3,0.61,0.411,0.856,3.39,1
0,26.5,91.4,50.0,2.0,0.7,1.54,2.31,1.8,3.24,0.7,0.19,0.375,0.782,0.93,1
0,26.5,91.4,50.0,2.0,5.8,12.76,19.14,18.4,33.12,5.8,1.55,0.383,0.798,13.98,1
0,26.5,91.4,50.0,2.0,15.9,34.98,52.47,140.5,252.9,15.9,4.24,0.436,0.909,200.43,1
0,26.5,91.4,50.0,2.0,7.6,16.72,25.08,74.5,134.1,7.6,2.03,0.436,0.909,109.02,1
0,26.5,91.4,50.0,2.0,28.3,62.26,93.39,225.3,405.54,28.3,7.55,0.438,0.912,312.15,1
0,26.5,91.4,50.0,2.0,34.5,75.9,113.85,158.8,285.84,34.5,9.2,0.436,0.909,171.99,1
0,26.5,91.4,50.0,2.0,7.6,16.72,25.08,48.1,86.58,7.6,2.03,0.43,0.896,61.5,1
0,26.5,91.4,50.0,2.0,2.8,6.16,9.24,7.3,13.14,2.8,0.75,0.419,0.873,3.9,1
0,26.5,91.4,50.0,2.0,2.0,4.4,6.6,5.0,9.0,2.0,0.53,0.417,0.868,2.4,1
0,26.5,91.4,50.0,2.0,0.9,1.98,2.97,2.4,4.32,0.9,0.24,0.403,0.84,1.35,1
0,26.5,91.4,50.0,2.0,0.3,0.66,0.99,1.2,2.16,0.3,0.08,0.388,0.809,1.17,1
0,26.5,91.4,50.0,2.0,0.4,0.88,1.32,0.6,1.08,0.4,0.11,0.361,0.751,0.0,1
0,26.5,91.4,50.0,2.0,1.0,2.2,3.3,1.2,2.16,1.0,0.27,0.346,0.721,0.0,1
0,26.5,91.4,50.0,2.0,0.0,0.0,0.0,0.0,0.0,0.0,0.0,0.328,0.684,0.0,1
0,26.5,91.4,50.0,2.0,3.0,6.6,9.9,4.4,7.92,3.0,0.8,0.319,0.665,0.0,1
0,26.5,91.4,50.0,2.0,3.6,7.92,11.88,21.1,37.98,3.6,0.96,0.362,0.753,26.1,1
0,26.5,91.4,50.0,2.0,3.5,7.7,11.55,15.5,27.9,3.5,0.93,0.416,0.867,16.35,1
0,26.5,91.4,50.0,2.0,0.0,0.0,0.0,0.0,0.0,0.0,0.0,0.214,0.445,0.0,0
0,26.5,91.4,50.0,2.0,1.0,2.2,3.3,2.2,3.96,1.0,0.27,0.213,0.443,0.66,0
0,26.5,91.4,50.0,2.0,0.0,0.0,0.0,0.0,0.0,0.0,0.0,0.201,0.418,0.0,0
0,26.5,91.4,50.0,2.0,0.0,0.0,0.0,0.0,0.0,0.0,0.0,0.194,0.404,0.0,0
0,26.5,91.4,50.0,2.0,0.0,0.0,0.0,0.0,0.0,0.0,0.0,0.188,0.391,0.0,0
0,26.5,91.4,50.0,2.0,1.0,2.2,3.3,1.9,3.42,1.0,0.27,0.195,0.406,0.12,0
0,26.5,91.4,50.0,2.0,0.0,0.0,0.0,0.0,0.0,0.0,0.0,0.182,0.379,0.0,0
0,26.5,91.4,50.0,2.0,0.0,0.0,0.0,0.0,0.0,0.0,0.0,0.174,0.362,0.0,0
0,26.5,91.4,50.0,2.0,0.0,0.0,0.0,0.0,0.0,0.0,0.0,0.168,0.35,0.0,0
0,26.5,91.4,50.0,2.0,0.0,0.0,0.0,0.0,0.0,0.0,0.0,0.164,0.341,0.0,0
0,26.5,91.4,50.0,2.0,0.4,0.88,1.32,1.9,3.42,0.4,0.11,0.392,0.816,2.1,0
0,26.5,91.4,50.0,2.0,0.0,0.0,0.0,0.0,0.0,0.0,0.0,0.365,0.76,0.0,0
0,26.5,91.4,50.0,2.0,0.0,0.0,0.0,0.0,0.0,0.0,0.0,0.347,0.723,0.0,0
0,26.5,91.4,50.0,2.0,0.0,0.0,0.0,0.0,0.0,0.0,0.0,0.335,0.699,0.0,0
0,26.5,91.4,50.0,2.0,0.0,0.0,0.0,0.0,0.0,0.0,0.0,0.322,0.671,0.0,0
0,26.5,91.4,50.0,2.0,0.0,0.0,0.0,0.0,0.0,0.0,0.0,0.314,0.654,0.0,0
0,26.5,91.4,50.0,2.0,0.1,0.22,0.33,0.2,0.36,0.1,0.03,0.304,0.634,0.03,0
0,26.5,91.4,50.0,2.0,0.0,0.0,0.0,0.0,0.0,0.0,0.0,0.296,0.617,0.0,0
0,26.5,91.4,50.0,2.0,0.0,0.0,0.0,0.0,0.0,0.0,0.0,0.287,0.597,0.0,0
0,26.5,91.4,50.0,2.0,0.0,0.0,0.0,0.0,0.0,0.0,0.0,0.275,0.574,0.0,0
1,26.5,91.49,58.0,2.8,0.7,1.54,2.31,2.4,4.32,0.7,0.19,0.492,1.0,2.01,1
1,26.5,91.49,58.0,2.8,8.6,18.92,28.38,86.4,155.52,8.6,2.29,0.511,1.0,127.14,1
1,26.5,91.49,58.0,2.8,7.7,16.94,25.41,57.3,103.14,7.7,2.05,0.51,1.0,77.73,1
1,26.5,91.49,58.0,2.8,10.2,22.44,33.66,75.9,136.62,10.2,2.72,0.511,1.0,102.96,1
1,26.5,91.49,58.0,2.8,6.1,13.42,20.13,13.6,24.48,6.1,1.63,0.506,1.0,4.35,1
1,26.5,91.49,58.0,2.8,7.3,16.06,24.09,50.0,90.0,7.3,1.95,0.508,1.0,65.91,1
1,26.5,91.49,58.0,2.8,10.5,23.1,34.65,43.2,77.76,10.5,2.8,0.508,1.0,43.11,1
1,26.5,91.49,58.0,2.8,5.4,11.88,17.82,31.5,56.7,5.4,1.44,0.51,1.0,38.88,1
1,26.5,91.49,58.0,2.8,2.1,4.62,6.93,6.4,11.52,2.1,0.56,0.497,1.0,4.59,1
1,26.5,91.49,58.0,2.8,0.5,1.1,1.65,2.0,3.6,0.5,0.13,0.484,1.0,1.95,1
1,26.5,91.49,58.0,2.8,4.9,10.78,16.17,10.6,19.08,4.9,1.31,0.493,1.0,2.91,1
1,26.5,91.49,58.0,2.8,11.8,25.96,38.94,83.9,151.02,11.8,3.15,0.51,1.0,112.08,1
1,26.5,91.49,58.0,2.8,18.2,40.04,60.06,88.5,159.3,18.2,4.85,0.506,1.0,99.24,1
1,26.5,91.49,58.0,2.8,8.2,18.04,27.06,44.3,79.74,8.2,2.19,0.509,1.0,52.68,1
1,26.5,91.49,58.0,2.8,11.6,25.52,38.28,53.4,96.12,11.6,3.09,0.511,1.0,57.84,1
1,26.5,91.49,58.0,2.8,7.6,16.72,25.08,20.8,37.44,7.6,2.03,0.497,1.0,12.36,1
1,26.5,91.49,58.0,2.8,2.4,5.28,7.92,9.6,17.28,2.4,0.64,0.5,1.0,9.36,1
1,26.5,91.49,58.0,2.8,7.1,15.62,23.43,48.6,87.48,7.1,1.89,0.505,1.0,64.05,1
1,26.5,91.49,58.0,2.8,17.0,37.4,56.1,117.4,211.32,17.0,4.53,0.511,1.0,155.22,1
1,26.5,91.49,58.0,2.8,17.8,39.16,58.74,107.7,193.86,17.8,4.75,0.513,1.0,135.12,1
1,26.5,91.49,58.0,2.8,15.9,34.98,52.47,132.8,239.04,15.9,4.24,0.512,1.0,186.57,1
1,26.5,91.49,58.0,2.8,10.7,23.54,35.31,112.0,201.6,10.7,2.85,0.514,1.0,166.29,1
1,26.5,91.49,58.0,2.8,19.1,42.02,63.03,64.7,116.46,19.1,5.09,0.51,1.0,53.43,1
1,26.5,91.49,58.0,2.8,11.2,24.64,36.96,64.8,116.64,11.2,2.99,0.512,1.0,79.68,1
1,26.5,91.49,58.0,2.8,4.8,10.56,15.84,23.1,41.58,4.8,1.28,0.504,1.0,25.74,1
1,26.5,91.49,58.0,2.8,2.0,4.4,6.6,6.3,11.34,2.0,0.53,0.499,1.0,4.74,1
1,26.5,91.49,58.0,2.8,0.2,0.44,0.66,1.1,1.98,0.2,0.05,0.467,0.973,1.32,1
1,26.5,91.49,58.0,2.8,5.8,12.76,19.14,20.2,36.36,5.8,1.55,0.49,1.0,17.22,1
1,26.5,91.49,58.0,2.8,18.9,41.58,62.37,158.3,284.94,18.9,5.04,0.514,1.0,222.57,1
1,26.5,91.49,58.0,2.8,9.1,20.02,30.03,74.5,134.1,9.1,2.43,0.51,1.0,104.07,1
1,26.5,91.49,58.0,2.8,26.0,57.2,85.8,197.4,355.32,26.0,6.93,0.514,1.0,269.52,1
1,26.5,91.49,58.0,2.8,30.5,67.1,100.65,168.2,302.76,30.5,8.13,0.512,1.0,202.11,1
1,26.5,91.49,58.0,2.8,5.2,11.44,17.16,39.3,70.74,5.2,1.39,0.508,1.0,53.58,1
1,26.5,91.49,58.0,2.8,7.5,16.5,24.75,18.3,32.94,7.5,2.0,0.501,1.0,8.19,1
1,26.5,91.49,58.0,2.8,0.7,1.54,2.31,4.8,8.64,0.7,0.19,0.5,1.0,6.33,1
1,26.5,91.49,58.0,2.8,0.6,1.32,1.98,1.9,3.42,0.6,0.16,0.486,1.0,1.44,1
1,26.5,91.49,58.0,2.8,0.2,0.44,0.66,0.6,1.08,0.2,0.05,0.473,0.985,0.42,1
1,26.5,91.49,58.0,2.8,0.3,0.66,0.99,0.6,1.08,0.3,0.08,0.45,0.938,0.09,1
1,26.5,91.49,58.0,2.8,0.9,1.98,2.97,1.1,1.98,0.9,0.24,0.43,0.895,0.0,1
1,26.5,91.49,58.0,2.8,0.0,0.0,0.0,0.0,0.0,0.0,0.0,0.408,0.85,0.0,1
1,26.5,91.49,58.0,2.8,3.0,6.6,9.9,4.5,8.1,3.0,0.8,0.397,0.826,0.0,1
1,26.5,91.49,58.0,2.8,3.9,8.58,12.87,19.8,35.64,3.9,1.04,0.441,0.92,22.77,1
1,26.5,91.49,58.0,2.8,2.9,6.38,9.57,14.5,26.1,2.9,0.77,0.501,1.0,16.53,1
1,26.5,91.49,58.0,2.8,0.0,0.0,0.0,0.0,0.0,0.0,0.0,0.342,0.713,0.0,0
1,26.5,91.49,58.0,2.8,0.8,1.76,2.64,1.8,3.24,0.8,0.21,0.339,0.706,0.6,0
1,26.5,91.49,58.0,2.8,0.0,0.0,0.0,0.0,0.0,0.0,0.0,0.324,0.674,0.0,0
1,26.5,91.49,58.0,2.8,0.0,0.0,0.0,0.0,0.0,0.0,0.0,0.316,0.659,0.0,0
1,26.5,91.49,58.0,2.8,0.0,0.0,0.0,0.0,0.0,0.0,0.0,0.309,0.645,0.0,0
1,26.5,91.49,58.0,2.8,0.6,1.32,1.98,1.7,3.06,0.6,0.16,0.32,0.666,1.08,0
1,26.5,91.49,58.0,2.8,0.0,0.0,0.0,0.0,0.0,0.0,0.0,0.306,0.638,0.0,0
1,26.5,91.49,58.0,2.8,0.0,0.0,0.0,0.0,0.0,0.0,0.0,0.296,0.617,0.0,0
1,26.5,91.49,58.0,2.8,0.0,0.0,0.0,0.0,0.0,0.0,0.0,0.29,0.604,0.0,0
1,26.5,91.49,58.0,2.8,0.0,0.0,0.0,0.0,0.0,0.0,0.0,0.286,0.596,0.0,0
1,26.5,91.49,58.0,2.8,0.6,1.32,1.98,1.4,2.52,0.6,0.16,0.476,0.991,0.54,0
1,26.5,91.49,58.0,2.8,0.0,0.0,0.0,0.0,0.0,0.0,0.0,0.455,0.947,0.0,0
1,26.5,91.49,58.0,2.8,0.0,0.0,0.0,0.0,0.0,0.0,0.0,0.439,0.914,0.0,0
1,26.5,91.49,58.0,2.8,0.0,0.0,0.0,0.0,0.0,0.0,0.0,0.426,0.888,0.0,0
1,26.5,91.49,58.0,2.8,0.0,0.0,0.0,0.0,0.0,0.0,0.0,0.414,0.862,0.0,0
1,26.5,91.49,58.0,2.8,0.0,0.0,0.0,0.0,0.0,0.0,0.0,0.404,0.841,0.0,0
1,26.5,91.49,58.0,2.8,0.1,0.22,0.33,0.2,0.36,0.1,0.03,0.394,0.821,0.03,0
1,26.5,91.49,58.0,2.8,0.0,0.0,0.0,0.0,0.0,0.0,0.0,0.386,0.803,0.0,0
1,26.5,91.49,58.0,2.8,0.0,0.0,0.0,0.0,0.0,0.0,0.0,0.375,0.781,0.0,0
1,26.5,91.49,58.0,2.8,0.0,0.0,0.0,0.0,0.0,0.0,0.0,0.362,0.754,0.0,0
2,26.5,91.58,66.0,3.6,1.6,3.52,5.28,5.6,10.08,1.6,0.43,0.5,1.0,4.8,1
2,26.5,91.58,66.0,3.6,9.7,21.34,32.01,80.8,145.44,9.7,2.59,0.514,1.0,113.43,1
2,26.5,91.58,66.0,3.6,13.1,28.82,43.23,50.5,90.9,13.1,3.49,0.509,1.0,47.67,1
2,26.5,91.58,66.0,3.6,9.2,20.24,30.36,60.1,108.18,9.2,2.45,0.512,1.0,77.82,1
2,26.5,91.58,66.0,3.6,3.4,7.48,11.22,12.7,22.86,3.4,0.91,0.505,1.0,11.64,1
2,26.5,91.58,66.0,3.6,7.6,16.72,25.08,68.5,123.3,7.6,2.03,0.507,1.0,98.22,1
2,26.5,91.58,66.0,3.6,10.1,22.22,33.33,40.2,72.36,10.1,2.69,0.505,1.0,39.03,1
2,26.5,91.58,66.0,3.6,6.5,14.3,21.45,30.6,55.08,6.5,1.73,0.51,1.0,33.63,1
2,26.5,91.58,66.0,3.6,1.6,3.52,5.28,6.1,10.98,1.6,0.43,0.497,1.0,5.7,1
2,26.5,91.58,66.0,3.6,0.8,1.76,2.64,2.1,3.78,0.8,0.21,0.482,1.0,1.14,1
2,26.5,91.58,66.0,3.6,3.6,7.92,11.88,9.3,16.74,3.6,0.96,0.495,1.0,4.86,1
2,26.5,91.58,66.0,3.6,9.2,20.24,30.36,68.4,123.12,9.2,2.45,0.507,1.0,92.76,1
2,26.5,91.58,66.0,3.6,22.5,49.5,74.25,86.8,156.24,22.5,6.0,0.507,1.0,81.99,1
2,26.5,91.58,66.0,3.6,10.3,22.66,33.99,44.7,80.46,10.3,2.75,0.505,1.0,46.47,1
2,26.5,91.58,66.0,3.6,18.8,41.36,62.04,66.7,120.06,18.8,5.01,0.509,1.0,58.02,1
2,26.5,91.58,66.0,3.6,7.4,16.28,24.42,26.4,47.52,7.4,1.97,0.502,1.0,23.1,1
2,26.5,91.58,66.0,3.6,2.7,5.94,8.91,9.5,17.1,2.7,0.72,0.501,1.0,8.19,1
2,26.5,91.58,66.0,3.6,13.8,30.36,45.54,47.3,85.14,13.8,3.68,0.508,1.0,39.6,1
2,26.5,91.58,66.0,3.6,14.3,31.46,47.19,109.3,196.74,14.3,3.81,0.513,1.0,149.55,1
2,26.5,91.58,66.0,3.6,17.3,38.06,57.09,101.0,181.8,17.3,4.61,0.513,1.0,124.71,1
2,26.5,91.58,66.0,3.6,12.4,27.28,40.92,107.1,192.78,12.4,3.31,0.515,1.0,151.86,1
2,26.5,91.58,66.0,3.6,10.2,22.44,33.66,105.0,189.0,10.2,2.72,0.51,1.0,155.34,1
2,26.5,91.58,66.0,3.6,12.5,27.5,41.25,51.2,92.16,12.5,3.33,0.508,1.0,50.91,1
2,26.5,91.58,66.0,3.6,9.3,20.46,30.69,58.2,104.76,9.3,2.48,0.511,1.0,74.07,1
2,26.5,91.58,66.0,3.6,5.5,12.1,18.15,24.7,44.46,5.5,1.47,0.501,1.0,26.31,1
2,26.5,91.58,66.0,3.6,3.4,7.48,11.22,8.6,15.48,3.4,0.91,0.5,1.0,4.26,1
2,26.5,91.58,66.0,3.6,1.1,2.42,3.63,2.1,3.78,1.1,0.29,0.471,0.981,0.15,1
2,26.5,91.58,66.0,3.6,6.6,14.52,21.78,24.1,43.38,6.6,1.76,0.498,1.0,21.6,1
2,26.5,91.58,66.0,3.6,23.5,51.7,77.55,159.6,287.28,23.5,6.27,0.514,1.0,209.73,1
2,26.5,91.58,66.0,3.6,8.5,18.7,28.05,75.5,135.9,8.5,2.27,0.512,1.0,107.85,1
2,26.5,91.58,66.0,3.6,18.6,40.92,61.38,176.0,316.8,18.6,4.96,0.514,1.0,255.42,1
2,26.5,91.58,66.0,3.6,33.5,73.7,110.55,181.5,326.7,33.5,8.93,0.513,1.0,216.15,1
2,26.5,91.58,66.0,3.6,8.2,18.04,27.06,42.1,75.78,8.2,2.19,0.51,1.0,48.72,1
2,26.5,91.58,66.0,3.6,10.1,22.22,33.33,15.1,27.18,10.1,2.69,0.498,1.0,0.0,1
2,26.5,91.58,66.0,3.6,1.8,3.96,5.94,6.4,11.52,1.8,0.48,0.502,1.0,5.58,1
2,26.5,91.58,66.0,3.6,0.9,1.98,2.97,1.9,3.42,0.9,0.24,0.486,1.0,0.45,1
2,26.5,91.58,66.0,3.6,0.5,1.1,1.65,1.3,2.34,0.5,0.13,0.47,0.98,0.69,1
2,26.5,91.58,66.0,3.6,0.1,0.22,0.33,0.4,0.72,0.1,0.03,0.449,0.936,0.39,1
2,26.5,91.58,66.0,3.6,0.4,0.88,1.32,0.8,1.44,0.4,0.11,0.431,0.899,0.12,1
2,26.5,91.58,66.0,3.6,0.0,0.0,0.0,0.0,0.0,0.0,0.0,0.413,0.86,0.0,1
2,26.5,91.58,66.0,3.6,0.7,1.54,2.31,1.9,3.42,0.7,0.19,0.398,0.828,1.11,1
2,26.5,91.58,66.0,3.6,3.6,7.92,11.88,19.3,34.74,3.6,0.96,0.45,0.938,22.86,1
2,26.5,91.58,66.0,3.6,3.2,7.04,10.56,17.9,32.22,3.2,0.85,0.497,1.0,21.66,1
2,26.5,91.58,66.0,3.6,0.0,0.0,0.0,0.0,0.0,0.0,0.0,0.362,0.755,0.0,0
2,26.5,91.58,66.0,3.6,0.9,1.98,2.97,2.3,4.14,0.9,0.24,0.361,0.751,1.17,0
2,26.5,91.58,66.0,3.6,0.0,0.0,0.0,0.0,0.0,0.0,0.0,0.342,0.713,0.0,0
2,26.5,91.58,66.0,3.6,0.0,0.0,0.0,0.0,0.0,0.0,0.0,0.335,0.697,0.0,0
2,26.5,91.58,66.0,3.6,0.1,0.22,0.33,0.1,0.18,0.1,0.03,0.329,0.685,0.0,0
2,26.5,91.58,66.0,3.6,2.3,5.06,7.59,2.5,4.5,2.3,0.61,0.344,0.716,0.0,0
2,26.5,91.58,66.0,3.6,0.0,0.0,0.0,0.0,0.0,0.0,0.0,0.321,0.668,0.0,0
2,26.5,91.58,66.0,3.6,0.0,0.0,0.0,0.0,0.0,0.0,0.0,0.309,0.643,0.0,0
2,26.5,91.58,66.0,3.6,0.0,0.0,0.0,0.0,0.0,0.0,0.0,0.302,0.629,0.0,0
2,26.5,91.58,66.0,3.6,0.0,0.0,0.0,0.0,0.0,0.0,0.0,0.3,0.625,0.0,0
2,26.5,91.58,66.0,3.6,0.4,0.88,1.32,1.0,1.8,0.4,0.11,0.466,0.971,0.48,0
2,26.5,91.58,66.0,3.6,0.0,0.0,0.0,0.0,0.0,0.0,0.0,0.446,0.929,0.0,0
2,26.5,91.58,66.0,3.6,0.0,0.0,0.0,0.0,0.0,0.0,0.0,0.43,0.896,0.0,0
2,26.5,91.58,66.0,3.6,0.0,0.0,0.0,0.0,0.0,0.0,0.0,0.416,0.866,0.0,0
2,26.5,91.58,66.0,3.6,0.0,0.0,0.0,0.0,0.0,0.0,0.0,0.404,0.841,0.0,0
2,26.5,91.58,66.0,3.6,0.0,0.0,0.0,0.0,0.0,0.0,0.0,0.395,0.824,0.0,0
2,26.5,91.58,66.0,3.6,0.1,0.22,0.33,0.1,0.18,0.1,0.03,0.385,0.802,0.0,0
2,26.5,91.58,66.0,3.6,0.0,0.0,0.0,0.0,0.0,0.0,0.0,0.375,0.782,0.0,0
2,26.5,91.58,66.0,3.6,0.0,0.0,0.0,0.0,0.0,0.0,0.0,0.363,0.757,0.0,0
2,26.5,91.58,66.0,3.6,0.0,0.0,0.0,0.0,0.0,0.0,0.0,0.349,0.728,0.0,0
3,26.5,91.67,74.0,4.4,0.7,1.54,2.31,4.5,8.1,0.7,0.19,0.495,1.0,5.79,1
3,26.5,91.67,74.0,4.4,9.9,21.78,32.67,81.4,146.52,9.9,2.64,0.509,1.0,113.85,1
3,26.5,91.67,74.0,4.4,16.5,36.3,54.45,53.7,96.66,16.5,4.4,0.505,1.0,42.21,1
3,26.5,91.67,74.0,4.4,7.0,15.4,23.1,52.1,93.78,7.0,1.87,0.512,1.0,70.68,1
3,26.5,91.67,74.0,4.4,1.8,3.96,5.94,12.9,23.22,1.8,0.48,0.507,1.0,17.28,1
3,26.5,91.67,74.0,4.4,9.0,19.8,29.7,55.1,99.18,9.0,2.4,0.506,1.0,69.48,1
3,26.5,91.67,74.0,4.4,8.2,18.04,27.06,33.9,61.02,8.2,2.19,0.501,1.0,33.96,1
3,26.5,91.67,74.0,4.4,3.8,8.36,12.54,19.3,34.74,3.8,1.01,0.505,1.0,22.2,1
3,26.5,91.67,74.0,4.4,2.5,5.5,8.25,9.5,17.1,2.5,0.67,0.493,1.0,8.85,1
3,26.5,91.67,74.0,4.4,0.6,1.32,1.98,1.9,3.42,0.6,0.16,0.472,0.984,1.44,1
3,26.5,91.67,74.0,4.4,4.1,9.02,13.53,12.5,22.5,4.1,1.09,0.495,1.0,8.97,1
3,26.5,91.67,74.0,4.4,13.5,29.7,44.55,56.2,101.16,13.5,3.6,0.511,1.0,56.61,1
3,26.5,91.67,74.0,4.4,21.9,48.18,72.27,69.5,125.1,21.9,5.84,0.509,1.0,52.83,1
3,26.5,91.67,74.0,4.4,6.2,13.64,20.46,36.6,65.88,6.2,1.65,0.508,1.0,45.42,1
3,26.5,91.67,74.0,4.4,12.6,27.72,41.58,54.3,97.74,12.6,3.36,0.505,1.0,56.16,1
3,26.5,91.67,74.0,4.4,8.5,18.7,28.05,26.0,46.8,8.5,2.27,0.501,1.0,18.75,1
3,26.5,91.67,74.0,4.4,3.1,6.82,10.23,12.0,21.6,3.1,0.83,0.504,1.0,11.37,1
3,26.5,91.67,74.0,4.4,11.2,24.64,36.96,42.6,76.68,11.2,2.99,0.504,1.0,39.72,1
3,26.5,91.67,74.0,4.4,11.8,25.96,38.94,94.8,170.64,11.8,3.15,0.511,1.0,131.7,1
3,26.5,91.67,74.0,4.4,23.9,52.58,78.87,102.2,183.96,23.9,6.37,0.51,1.0,105.09,1
3,26.5,91.67,74.0,4.4,9.7,21.34,32.01,98.0,176.4,9.7,2.59,0.512,1.0,144.39,1
3,26.5,91.67,74.0,4.4,9.5,20.9,31.35,84.0,151.2,9.5,2.53,0.512,1.0,119.85,1
3,26.5,91.67,74.0,4.4,7.9,17.38,26.07,42.7,76.86,7.9,2.11,0.509,1.0,50.79,1
3,26.5,91.67,74.0,4.4,10.0,22.0,33.0,45.8,82.44,10.0,2.67,0.513,1.0,49.44,1
3,26.5,91.67,74.0,4.4,6.8,14.96,22.44,23.8,42.84,6.8,1.81,0.501,1.0,20.4,1
3,26.5,91.67,74.0,4.4,5.6,12.32,18.48,12.4,22.32,5.6,1.49,0.497,1.0,3.84,1
3,26.5,91.67,74.0,4.4,3.7,8.14,12.21,5.6,10.08,3.7,0.99,0.473,0.986,0.0,1
3,26.5,91.67,74.0,4.4,7.8,17.16,25.74,24.9,44.82,7.8,2.08,0.493,1.0,19.08,1
3,26.5,91.67,74.0,4.4,21.3,46.86,70.29,166.0,298.8,21.3,5.68,0.515,1.0,228.51,1
3,26.5,91.67,74.0,4.4,7.9,17.38,26.07,74.9,134.82,7.9,2.11,0.513,1.0,108.75,1
3,26.5,91.67,74.0,4.4,17.0,37.4,56.1,157.9,284.22,17.0,4.53,0.515,1.0,228.12,1
3,26.5,91.67,74.0,4.4,28.7,63.14,94.71,165.0,297.0,28.7,7.65,0.513,1.0,202.29,1
3,26.5,91.67,74.0,4.4,15.9,34.98,52.47,52.6,94.68,15.9,4.24,0.51,1.0,42.21,1
3,26.5,91.67,74.0,4.4,4.0,8.8,13.2,9.0,16.2,4.0,1.07,0.5,1.0,3.0,1
3,26.5,91.67,74.0,4.4,1.5,3.3,4.95,6.1,10.98,1.5,0.4,0.498,1.0,6.03,1
3,26.5,91.67,74.0,4.4,0.7,1.54,2.31,1.9,3.42,0.7,0.19,0.48,1.0,1.11,1
3,26.5,91.67,74.0,4.4,0.8,1.76,2.64,2.2,3.96,0.8,0.21,0.466,0.971,1.32,1
3,26.5,91.67,74.0,4.4,0.1,0.22,0.33,0.3,0.54,0.1,0.03,0.442,0.92,0.21,1
3,26.5,91.67,74.0,4.4,0.7,1.54,2.31,1.5,2.7,0.7,0.19,0.427,0.889,0.39,1
3,26.5,91.67,74.0,4.4,0.0,0.0,0.0,0.0,0.0,0.0,0.0,0.409,0.853,0.0,1
3,26.5,91.67,74.0,4.4,0.5,1.1,1.65,1.3,2.34,0.5,0.13,0.396,0.826,0.69,1
3,26.5,91.67,74.0,4.4,4.4,9.68,14.52,19.9,35.82,4.4,1.17,0.44,0.917,21.3,1
3,26.5,91.67,74.0,4.4,3.7,8.14,12.21,17.5,31.5,3.7,0.99,0.492,1.0,19.29,1
3,26.5,91.67,74.0,4.4,0.0,0.0,0.0,0.0,0.0,0.0,0.0,0.352,0.734,0.0,0
3,26.5,91.67,74.0,4.4,0.5,1.1,1.65,1.4,2.52,0.5,0.13,0.345,0.719,0.87,0
3,26.5,91.67,74.0,4.4,0.0,0.0,0.0,0.0,0.0,0.0,0.0,0.332,0.692,0.0,0
3,26.5,91.67,74.0,4.4,0.0,0.0,0.0,0.0,0.0,0.0,0.0,0.324,0.675,0.0,0
3,26.5,91.67,74.0,4.4,0.0,0.0,0.0,0.0,0.0,0.0,0.0,0.318,0.663,0.0,0
3,26.5,91.67,74.0,4.4,0.3,0.66,0.99,0.5,0.9,0.3,0.08,0.31,0.647,0.0,0
3,26.5,91.67,74.0,4.4,0.0,0.0,0.0,0.0,0.0,0.0,0.0,0.302,0.628,0.0,0
3,26.5,91.67,74.0,4.4,0.0,0.0,0.0,0.0,0.0,0.0,0.0,0.293,0.611,0.0,0
3,26.5,91.67,74.0,4.4,0.0,0.0,0.0,0.0,0.0,0.0,0.0,0.287,0.598,0.0,0
3,26.5,91.67,74.0,4.4,0.0,0.0,0.0,0.0,0.0,0.0,0.0,0.286,0.596,0.0,0
3,26.5,91.67,74.0,4.4,0.2,0.44,0.66,0.2,0.36,0.2,0.05,0.464,0.966,0.0,0
3,26.5,91.67,74.0,4.4,0.0,0.0,0.0,0.0,0.0,0.0,0.0,0.447,0.931,0.0,0
3,26.5,91.67,74.0,4.4,0.0,0.0,0.0,0.0,0.0,0.0,0.0,0.433,0.902,0.0,0
3,26.5,91.67,74.0,4.4,0.0,0.0,0.0,0.0,0.0,0.0,0.0,0.421,0.876,0.0,0
3,26.5,91.67,74.0,4.4,0.0,0.0,0.0,0.0,0.0,0.0,0.0,0.409,0.852,0.0,0
3,26.5,91.67,74.0,4.4,0.0,0.0,0.0,0.0,0.0,0.0,0.0,0.402,0.837,0.0,0
3,26.5,91.67,74.0,4.4,0.0,0.0,0.0,0.0,0.0,0.0,0.0,0.393,0.819,0.0,0
3,26.5,91.67,74.0,4.4,0.0,0.0,0.0,0.0,0.0,0.0,0.0,0.385,0.801,0.0,0
3,26.5,91.67,74.0,4.4,0.0,0.0,0.0,0.0,0.0,0.0,0.0,0.373,0.778,0.0,0
3,26.5,91.67,74.0,4.4,0.0,0.0,0.0,0.0,0.0,0.0,0.0,0.359,0.748,0.0,0
4,26.5,91.76,82.0,5.2,3.9,8.58,12.87,8.7,15.66,3.9,1.04,0.497,1.0,2.79,1
4,26.5,91.76,82.0,5.2,7.2,15.84,23.76,73.5,132.3,7.2,1.92,0.514,1.0,108.54,1
4,26.5,91.76,82.0,5.2,13.7,30.14,45.21,60.7,109.26,13.7,3.65,0.507,1.0,64.05,1
4,26.5,91.76,82.0,5.2,6.3,13.86,20.79,57.7,103.86,6.3,1.68,0.511,1.0,83.07,1
4,26.5,91.76,82.0,5.2,2.1,4.62,6.93,16.8,30.24,2.1,0.56,0.506,1.0,23.31,1
4,26.5,91.76,82.0,5.2,6.7,14.74,22.11,37.3,67.14,6.7,1.79,0.502,1.0,45.03,1
4,26.5,91.76,82.0,5.2,6.9,15.18,22.77,33.0,59.4,6.9,1.84,0.502,1.0,36.63,1
4,26.5,91.76,82.0,5.2,1.9,4.18,6.27,13.5,24.3,1.9,0.51,0.504,1.0,18.03,1
4,26.5,91.76,82.0,5.2,2.9,6.38,9.57,11.1,19.98,2.9,0.77,0.497,1.0,10.41,1
4,26.5,91.76,82.0,5.2,0.5,1.1,1.65,1.5,2.7,0.5,0.13,0.489,1.0,1.05,1
4,26.5,91.76,82.0,5.2,5.6,12.32,18.48,16.7,30.06,5.6,1.49,0.5,1.0,11.58,1
4,26.5,91.76,82.0,5.2,13.0,28.6,42.9,49.7,89.46,13.0,3.47,0.511,1.0,46.56,1
4,26.5,91.76,82.0,5.2,16.6,36.52,54.78,70.6,127.08,16.6,4.43,0.505,1.0,72.3,1
4,26.5,91.76,82.0,5.2,11.1,24.42,36.63,39.3,70.74,11.1,2.96,0.503,1.0,34.11,1
4,26.5,91.76,82.0,5.2,16.4,36.08,54.12,42.7,76.86,16.4,4.37,0.506,1.0,22.74,1
4,26.5,91.76,82.0,5.2,7.8,17.16,25.74,19.4,34.92,7.8,2.08,0.501,1.0,9.18,1
4,26.5,91.76,82.0,5.2,5.0,11.0,16.5,15.4,27.72,5.0,1.33,0.502,1.0,11.22,1
4,26.5,91.76,82.0,5.2,6.1,13.42,20.13,27.3,49.14,6.1,1.63,0.503,1.0,29.01,1
4,26.5,91.76,82.0,5.2,10.0,22.0,33.0,83.0,149.4,10.0,2.67,0.511,1.0,116.4,1
4,26.5,91.76,82.0,5.2,14.0,30.8,46.2,82.5,148.5,14.0,3.73,0.508,1.0,102.3,1
4,26.5,91.76,82.0,5.2,9.6,21.12,31.68,93.9,169.02,9.6,2.56,0.511,1.0,137.34,1
4,26.5,91.76,82.0,5.2,7.0,15.4,23.1,65.8,118.44,7.0,1.87,0.512,1.0,95.34,1
4,26.5,91.76,82.0,5.2,9.2,20.24,30.36,36.6,65.88,9.2,2.45,0.508,1.0,35.52,1
4,26.5,91.76,82.0,5.2,7.7,16.94,25.41,36.8,66.24,7.7,2.05,0.509,1.0,40.83,1
4,26.5,91.76,82.0,5.2,3.4,7.48,11.22,16.5,29.7,3.4,0.91,0.499,1.0,18.48,1
4,26.5,91.76,82.0,5.2,7.4,16.28,24.42,12.6,22.68,7.4,1.97,0.495,1.0,0.0,1
4,26.5,91.76,82.0,5.2,4.1,9.02,13.53,5.6,10.08,4.1,1.09,0.473,0.985,0.0,1
4,26.5,91.76,82.0,5.2,5.7,12.54,18.81,18.1,32.58,5.7,1.52,0.494,1.0,13.77,1
4,26.5,91.76,82.0,5.2,26.9,59.18,88.77,150.0,270.0,26.9,7.17,0.51,1.0,181.23,1
4,26.5,91.76,82.0,5.2,13.5,29.7,44.55,76.6,137.88,13.5,3.6,0.51,1.0,93.33,1
4,26.5,91.76,82.0,5.2,16.1,35.42,53.13,142.3,256.14,16.1,4.29,0.513,1.0,203.01,1
4,26.5,91.76,82.0,5.2,23.5,51.7,77.55,135.3,243.54,23.5,6.27,0.513,1.0,165.99,1
4,26.5,91.76,82.0,5.2,9.7,21.34,32.01,38.4,69.12,9.7,2.59,0.509,1.0,37.11,1
4,26.5,91.76,82.0,5.2,7.5,16.5,24.75,16.6,29.88,7.5,2.0,0.499,1.0,5.13,1
4,26.5,91.76,82.0,5.2,3.0,6.6,9.9,9.9,17.82,3.0,0.8,0.5,1.0,7.92,1
4,26.5,91.76,82.0,5.2,0.8,1.76,2.64,1.5,2.7,0.8,0.21,0.48,0.999,0.06,1
4,26.5,91.76,82.0,5.2,0.3,0.66,0.99,1.4,2.52,0.3,0.08,0.465,0.969,1.53,1
4,26.5,91.76,82.0,5.2,0.3,0.66,0.99,0.6,1.08,0.3,0.08,0.441,0.918,0.09,1
4,26.5,91.76,82.0,5.2,2.0,4.4,6.6,2.1,3.78,2.0,0.53,0.423,0.881,0.0,1
4,26.5,91.76,82.0,5.2,0.5,1.1,1.65,1.3,2.34,0.5,0.13,0.406,0.846,0.69,1
4,26.5,91.76,82.0,5.2,0.5,1.1,1.65,1.0,1.8,0.5,0.13,0.388,0.809,0.15,1
4,26.5,91.76,82.0,5.2,2.9,6.38,9.57,17.3,31.14,2.9,0.77,0.423,0.88,21.57,1
4,26.5,91.76,82.0,5.2,4.2,9.24,13.86,17.0,30.6,4.2,1.12,0.49,1.0,16.74,1
4,26.5,91.76,82.0,5.2,0.0,0.0,0.0,0.0,0.0,0.0,0.0,0.365,0.76,0.0,0
4,26.5,91.76,82.0,5.2,0.1,0.22,0.33,0.2,0.36,0.1,0.03,0.353,0.736,0.03,0
4,26.5,91.76,82.0,5.2,0.0,0.0,0.0,0.0,0.0,0.0,0.0,0.345,0.719,0.0,0
4,26.5,91.76,82.0,5.2,0.0,0.0,0.0,0.0,0.0,0.0,0.0,0.337,0.702,0.0,0
4,26.5,91.76,82.0,5.2,0.0,0.0,0.0,0.0,0.0,0.0,0.0,0.33,0.687,0.0,0
4,26.5,91.76,82.0,5.2,2.8,6.16,9.24,2.9,5.22,2.8,0.75,0.337,0.702,0.0,0
4,26.5,91.76,82.0,5.2,0.0,0.0,0.0,0.0,0.0,0.0,0.0,0.316,0.658,0.0,0
4,26.5,91.76,82.0,5.2,0.0,0.0,0.0,0.0,0.0,0.0,0.0,0.308,0.642,0.0,0
4,26.5,91.76,82.0,5.2,0.0,0.0,0.0,0.0,0.0,0.0,0.0,0.301,0.628,0.0,0
4,26.5,91.76,82.0,5.2,0.0,0.0,0.0,0.0,0.0,0.0,0.0,0.298,0.622,0.0,0
4,26.5,91.76,82.0,5.2,0.0,0.0,0.0,0.0,0.0,0.0,0.0,0.46,0.957,0.0,0
4,26.5,91.76,82.0,5.2,0.0,0.0,0.0,0.0,0.0,0.0,0.0,0.445,0.927,0.0,0
4,26.5,91.76,82.0,5.2,0.0,0.0,0.0,0.0,0.0,0.0,0.0,0.433,0.902,0.0,0
4,26.5,91.76,82.0,5.2,0.0,0.0,0.0,0.0,0.0,0.0,0.0,0.422,0.879,0.0,0
4,26.5,91.76,82.0,5.2,0.0,0.0,0.0,0.0,0.0,0.0,0.0,0.411,0.857,0.0,0
4,26.5,91.76,82.0,5.2,0.0,0.0,0.0,0.0,0.0,0.0,0.0,0.404,0.842,0.0,0
4,26.5,91.76,82.0,5.2,0.0,0.0,0.0,0.0,0.0,0.0,0.0,0.397,0.827,0.0,0
4,26.5,91.76,82.0,5.2,0.0,0.0,0.0,0.0,0.0,0.0,0.0,0.389,0.811,0.0,0
4,26.5,91.76,82.0,5.2,0.0,0.0,0.0,0.0,0.0,0.0,0.0,0.379,0.789,0.0,0
4,26.5,91.76,82.0,5.2,0.0,0.0,0.0,0.0,0.0,0.0,0.0,0.365,0.761,0.0,0
5,26.5,91.85,90.0,6.0,8.5,18.7,28.05,20.3,36.54,8.5,2.27,0.499,1.0,8.49,1
5,26.5,91.85,90.0,6.0,8.6,18.92,28.38,68.6,123.48,8.6,2.29,0.513,1.0,95.1,1
5,26.5,91.85,90.0,6.0,14.7,32.34,48.51,73.0,131.4,14.7,3.92,0.508,1.0,82.89,1
5,26.5,91.85,90.0,6.0,6.5,14.3,21.45,53.3,95.94,6.5,1.73,0.513,1.0,74.49,1
5,26.5,91.85,90.0,6.0,1.8,3.96,5.94,10.1,18.18,1.8,0.48,0.505,1.0,12.24,1
5,26.5,91.85,90.0,6.0,2.4,5.28,7.92,12.8,23.04,2.4,0.64,0.5,1.0,15.12,1
5,26.5,91.85,90.0,6.0,6.7,14.74,22.11,30.8,55.44,6.7,1.79,0.501,1.0,33.33,1
5,26.5,91.85,90.0,6.0,5.7,12.54,18.81,14.5,26.1,5.7,1.52,0.502,1.0,7.29,1
5,26.5,91.85,90.0,6.0,7.9,17.38,26.07,13.3,23.94,7.9,2.11,0.498,1.0,0.0,1
5,26.5,91.85,90.0,6.0,1.3,2.86,4.29,2.4,4.32,1.3,0.35,0.485,1.0,0.03,1
5,26.5,91.85,90.0,6.0,11.4,25.08,37.62,21.1,37.98,11.4,3.04,0.496,1.0,0.36,1
5,26.5,91.85,90.0,6.0,8.5,18.7,28.05,48.1,86.58,8.5,2.27,0.507,1.0,58.53,1
5,26.5,91.85,90.0,6.0,14.2,31.24,46.86,55.3,99.54,14.2,3.79,0.504,1.0,52.68,1
5,26.5,91.85,90.0,6.0,10.7,23.54,35.31,43.8,78.84,10.7,2.85,0.504,1.0,43.53,1
5,26.5,91.85,90.0,6.0,7.5,16.5,24.75,28.8,51.84,7.5,2.0,0.506,1.0,27.09,1
5,26.5,91.85,90.0,6.0,3.5,7.7,11.55,12.7,22.86,3.5,0.93,0.497,1.0,11.31,1
5,26.5,91.85,90.0,6.0,4.1,9.02,13.53,17.3,31.14,4.1,1.09,0.495,1.0,17.61,1
5,26.5,91.85,90.0,6.0,5.2,11.44,17.16,27.8,50.04,5.2,1.39,0.505,1.0,32.88,1
5,26.5,91.85,90.0,6.0,10.2,22.44,33.66,76.3,137.34,10.2,2.72,0.511,1.0,103.68,1
5,26.5,91.85,90.0,6.0,15.7,34.54,51.81,89.4,160.92,15.7,4.19,0.51,1.0,109.11,1
5,26.5,91.85,90.0,6.0,13.4,29.48,44.22,95.9,172.62,13.4,3.57,0.51,1.0,128.4,1
5,26.5,91.85,90.0,6.0,7.6,16.72,25.08,54.5,98.1,7.6,2.03,0.509,1.0,73.02,1
5,26.5,91.85,90.0,6.0,8.6,18.92,28.38,31.9,57.42,8.6,2.29,0.512,1.0,29.04,1
5,26.5,91.85,90.0,6.0,5.6,12.32,18.48,38.3,68.94,5.6,1.49,0.507,1.0,50.46,1
5,26.5,91.85,90.0,6.0,3.6,7.92,11.88,13.0,23.4,3.6,0.96,0.502,1.0,11.52,1
5,26.5,91.85,90.0,6.0,5.2,11.44,17.16,8.4,15.12,5.2,1.39,0.493,1.0,0.0,1
5,26.5,91.85,90.0,6.0,1.5,3.3,4.95,2.5,4.5,1.5,0.4,0.475,0.989,0.0,1
5,26.5,91.85,90.0,6.0,3.8,8.36,12.54,15.9,28.62,3.8,1.01,0.49,1.0,16.08,1
5,26.5,91.85,90.0,6.0,26.9,59.18,88.77,136.4,245.52,26.9,7.17,0.513,1.0,156.75,1
5,26.5,91.85,90.0,6.0,20.5,45.1,67.65,78.7,141.66,20.5,5.47,0.51,1.0,74.01,1
5,26.5,91.85,90.0,6.0,18.7,41.14,61.71,139.5,251.1,18.7,4.99,0.51,1.0,189.39,1
5,26.5,91.85,90.0,6.0,24.5,53.9,80.85,121.4,218.52,24.5,6.53,0.512,1.0,137.67,1
5,26.5,91.85,90.0,6.0,7.8,17.16,25.74,30.7,55.26,7.8,2.08,0.51,1.0,29.52,1
5,26.5,91.85,90.0,6.0,3.0,6.6,9.9,9.5,17.1,3.0,0.8,0.501,1.0,7.2,1
5,26.5,91.85,90.0,6.0,2.8,6.16,9.24,7.3,13.14,2.8,0.75,0.497,1.0,3.9,1
5,26.5,91.85,90.0,6.0,0.2,0.44,0.66,0.6,1.08,0.2,0.05,0.478,0.995,0.42,1
5,26.5,91.85,90.0,6.0,0.3,0.66,0.99,1.2,2.16,0.3,0.08,0.459,0.956,1.17,1
5,26.5,91.85,90.0,6.0,0.9,1.98,2.97,1.4,2.52,0.9,0.24,0.439,0.914,0.0,1
5,26.5,91.85,90.0,6.0,1.1,2.42,3.63,1.9,3.42,1.1,0.29,0.421,0.877,0.0,1
5,26.5,91.85,90.0,6.0,0.5,1.1,1.65,1.6,2.88,0.5,0.13,0.429,0.893,1.23,1
5,26.5,91.85,90.0,6.0,0.5,1.1,1.65,1.1,1.98,0.5,0.13,0.411,0.856,0.33,1
5,26.5,91.85,90.0,6.0,2.6,5.72,8.58,13.0,23.4,2.6,0.69,0.427,0.89,14.82,1
5,26.5,91.85,90.0,6.0,1.6,3.52,5.28,13.4,24.12,1.6,0.43,0.497,1.0,18.84,1
5,26.5,91.85,90.0,6.0,0.0,0.0,0.0,0.0,0.0,0.0,0.0,0.39,0.812,0.0,0
5,26.5,91.85,90.0,6.0,2.7,5.94,8.91,5.1,9.18,2.7,0.72,0.408,0.851,0.27,0
5,26.5,91.85,90.0,6.0,0.0,0.0,0.0,0.0,0.0,0.0,0.0,0.373,0.776,0.0,0
5,26.5,91.85,90.0,6.0,0.0,0.0,0.0,0.0,0.0,0.0,0.0,0.362,0.753,0.0,0
5,26.5,91.85,90.0,6.0,0.2,0.44,0.66,0.2,0.36,0.2,0.05,0.349,0.728,0.0,0
5,26.5,91.85,90.0,6.0,1.4,3.08,4.62,1.8,3.24,1.4,0.37,0.353,0.736,0.0,0
5,26.5,91.85,90.0,6.0,0.0,0.0,0.0,0.0,0.0,0.0,0.0,0.34,0.708,0.0,0
5,26.5,91.85,90.0,6.0,0.0,0.0,0.0,0.0,0.0,0.0,0.0,0.331,0.69,0.0,0
5,26.5,91.85,90.0,6.0,0.0,0.0,0.0,0.0,0.0,0.0,0.0,0.324,0.675,0.0,0
5,26.5,91.85,90.0,6.0,0.0,0.0,0.0,0.0,0.0,0.0,0.0,0.32,0.668,0.0,0
5,26.5,91.85,90.0,6.0,0.1,0.22,0.33,0.1,0.18,0.1,0.03,0.462,0.963,0.0,0
5,26.5,91.85,90.0,6.0,0.0,0.0,0.0,0.0,0.0,0.0,0.0,0.447,0.931,0.0,0
5,26.5,91.85,90.0,6.0,0.0,0.0,0.0,0.0,0.0,0.0,0.0,0.434,0.905,0.0,0
5,26.5,91.85,90.0,6.0,0.0,0.0,0.0,0.0,0.0,0.0,0.0,0.423,0.881,0.0,0
5,26.5,91.85,90.0,6.0,0.2,0.44,0.66,0.2,0.36,0.2,0.05,0.413,0.861,0.0,0
5,26.5,91.85,90.0,6.0,0.0,0.0,0.0,0.0,0.0,0.0,0.0,0.405,0.844,0.0,0
5,26.5,91.85,90.0,6.0,0.0,0.0,0.0,0.0,0.0,0.0,0.0,0.395,0.823,0.0,0
5,26.5,91.85,90.0,6.0,0.0,0.0,0.0,0.0,0.0,0.0,0.0,0.387,0.807,0.0,0
5,26.5,91.85,90.0,6.0,0.0,0.0,0.0,0.0,0.0,0.0,0.0,0.377,0.786,0.0,0
5,26.5,91.85,90.0,6.0,0.0,0.0,0.0,0.0,0.0,0.0,0.0,0.367,0.764,0.0,0
6,26.5,91.94,98.0,6.800000000000001,7.7,16.94,25.41,19.4,34.92,7.7,2.05,0.5,1.0,9.51,1
6,26.5,91.94,98.0,6.800000000000001,11.1,24.42,36.63,77.9,140.22,11.1,2.96,0.514,1.0,103.59,1
6,26.5,91.94,98.0,6.800000000000001,10.5,23.1,34.65,80.7,145.26,10.5,2.8,0.508,1.0,110.61,1
6,26.5,91.94,98.0,6.800000000000001,5.2,11.44,17.16,37.4,67.32,5.2,1.39,0.511,1.0,50.16,1
6,26.5,91.94,98.0,6.800000000000001,1.0,2.2,3.3,5.6,10.08,1.0,0.27,0.501,1.0,6.78,1
6,26.5,91.94,98.0,6.800000000000001,2.0,4.4,6.6,6.2,11.16,2.0,0.53,0.497,1.0,4.56,1
6,26.5,91.94,98.0,6.800000000000001,7.2,15.84,23.76,32.2,57.96,7.2,1.92,0.501,1.0,34.2,1
6,26.5,91.94,98.0,6.800000000000001,2.3,5.06,7.59,11.3,20.34,2.3,0.61,0.505,1.0,12.75,1
6,26.5,91.94,98.0,6.800000000000001,6.3,13.86,20.79,18.5,33.3,6.3,1.68,0.494,1.0,12.51,1
6,26.5,91.94,98.0,6.800000000000001,1.9,4.18,6.27,3.4,6.12,1.9,0.51,0.485,1.0,0.0,1
6,26.5,91.94,98.0,6.800000000000001,18.0,39.6,59.4,26.5,47.7,18.0,4.8,0.495,1.0,0.0,1
6,26.5,91.94,98.0,6.800000000000001,8.4,18.48,27.72,49.0,88.2,8.4,2.24,0.509,1.0,60.48,1
6,26.5,91.94,98.0,6.800000000000001,12.7,27.94,41.91,38.3,68.94,12.7,3.39,0.505,1.0,27.03,1
6,26.5,91.94,98.0,6.800000000000001,11.0,24.2,36.3,41.8,75.24,11.0,2.93,0.497,1.0,38.94,1
6,26.5,91.94,98.0,6.800000000000001,3.4,7.48,11.22,16.6,29.88,3.4,0.91,0.502,1.0,18.66,1
6,26.5,91.94,98.0,6.800000000000001,3.6,7.92,11.88,13.9,25.02,3.6,0.96,0.504,1.0,13.14,1
6,26.5,91.94,98.0,6.800000000000001,4.7,10.34,15.51,14.3,25.74,4.7,1.25,0.498,1.0,10.23,1
6,26.5,91.94,98.0,6.800000000000001,7.4,16.28,24.42,31.0,55.8,7.4,1.97,0.504,1.0,31.38,1
6,26.5,91.94,98.0,6.800000000000001,8.4,18.48,27.72,65.5,117.9,8.4,2.24,0.511,1.0,90.18,1
6,26.5,91.94,98.0,6.800000000000001,16.5,36.3,54.45,87.4,157.32,16.5,4.4,0.507,1.0,102.87,1
6,26.5,91.94,98.0,6.800000000000001,11.4,25.08,37.62,78.5,141.3,11.4,3.04,0.508,1.0,103.68,1
6,26.5,91.94,98.0,6.800000000000001,8.4,18.48,27.72,45.4,81.72,8.4,2.24,0.511,1.0,54.0,1
6,26.5,91.94,98.0,6.800000000000001,5.7,12.54,18.81,28.4,51.12,5.7,1.52,0.511,1.0,32.31,1
6,26.5,91.94,98.0,6.800000000000001,7.0,15.4,23.1,41.6,74.88,7.0,1.87,0.508,1.0,51.78,1
6,26.5,91.94,98.0,6.800000000000001,2.2,4.84,7.26,10.9,19.62,2.2,0.59,0.5,1.0,12.36,1
6,26.5,91.94,98.0,6.800000000000001,2.3,5.06,7.59,6.9,12.42,2.3,0.61,0.493,1.0,4.83,1
6,26.5,91.94,98.0,6.800000000000001,2.3,5.06,7.59,3.5,6.3,2.3,0.61,0.482,1.0,0.0,1
6,26.5,91.94,98.0,6.800000000000001,4.0,8.8,13.2,16.9,30.42,4.0,1.07,0.496,1.0,17.22,1
6,26.5,91.94,98.0,6.800000000000001,21.1,46.42,69.63,132.4,238.32,21.1,5.63,0.514,1.0,168.69,1
6,26.5,91.94,98.0,6.800000000000001,23.8,52.36,78.54,84.9,152.82,23.8,6.35,0.51,1.0,74.28,1
6,26.5,91.94,98.0,6.800000000000001,20.2,44.44,66.66,150.3,270.54,20.2,5.39,0.51,1.0,203.88,1
6,26.5,91.94,98.0,6.800000000000001,24.6,54.12,81.18,114.2,205.56,24.6,6.56,0.511,1.0,124.38,1
6,26.5,91.94,98.0,6.800000000000001,5.3,11.66,17.49,26.2,47.16,5.3,1.41,0.508,1.0,29.67,1
6,26.5,91.94,98.0,6.800000000000001,2.7,5.94,8.91,8.4,15.12,2.7,0.72,0.503,1.0,6.21,1
6,26.5,91.94,98.0,6.800000000000001,2.1,4.62,6.93,4.9,8.82,2.1,0.56,0.495,1.0,1.89,1
6,26.5,91.94,98.0,6.800000000000001,1.3,2.86,4.29,1.5,2.7,1.3,0.35,0.479,0.998,0.0,1
6,26.5,91.94,98.0,6.800000000000001,0.2,0.44,0.66,0.7,1.26,0.2,0.05,0.454,0.946,0.6,1
6,26.5,91.94,98.0,6.800000000000001,0.7,1.54,2.31,1.1,1.98,0.7,0.19,0.453,0.944,0.0,1
6,26.5,91.94,98.0,6.800000000000001,0.4,0.88,1.32,2.0,3.6,0.4,0.11,0.436,0.909,2.28,1
6,26.5,91.94,98.0,6.800000000000001,0.4,0.88,1.32,0.9,1.62,0.4,0.11,0.456,0.95,0.3,1
6,26.5,91.94,98.0,6.800000000000001,0.2,0.44,0.66,0.4,0.72,0.2,0.05,0.444,0.925,0.06,1
6,26.5,91.94,98.0,6.800000000000001,6.0,13.2,19.8,16.7,30.06,6.0,1.6,0.456,0.951,10.26,1
6,26.5,91.94,98.0,6.800000000000001,2.9,6.38,9.57,12.9,23.22,2.9,0.77,0.505,1.0,13.65,1
6,26.5,91.94,98.0,6.800000000000001,0.0,0.0,0.0,0.0,0.0,0.0,0.0,0.383,0.798,0.0,0
6,26.5,91.94,98.0,6.800000000000001,0.5,1.1,1.65,0.9,1.62,0.5,0.13,0.379,0.789,0.0,0
6,26.5,91.94,98.0,6.800000000000001,0.0,0.0,0.0,0.0,0.0,0.0,0.0,0.367,0.765,0.0,0
6,26.5,91.94,98.0,6.800000000000001,0.0,0.0,0.0,0.0,0.0,0.0,0.0,0.354,0.737,0.0,0
6,26.5,91.94,98.0,6.800000000000001,0.1,0.22,0.33,0.2,0.36,0.1,0.03,0.342,0.712,0.03,0
6,26.5,91.94,98.0,6.800000000000001,0.9,1.98,2.97,1.6,2.88,0.9,0.24,0.341,0.71,0.0,0
6,26.5,91.94,98.0,6.800000000000001,0.0,0.0,0.0,0.0,0.0,0.0,0.0,0.329,0.685,0.0,0
6,26.5,91.94,98.0,6.800000000000001,0.0,0.0,0.0,0.0,0.0,0.0,0.0,0.321,0.668,0.0,0
6,26.5,91.94,98.0,6.800000000000001,0.0,0.0,0.0,0.0,0.0,0.0,0.0,0.314,0.655,0.0,0
6,26.5,91.94,98.0,6.800000000000001,0.0,0.0,0.0,0.0,0.0,0.0,0.0,0.31,0.645,0.0,0
6,26.5,91.94,98.0,6.800000000000001,0.2,0.44,0.66,0.3,0.54,0.2,0.05,0.472,0.984,0.0,0
6,26.5,91.94,98.0,6.800000000000001,0.0,0.0,0.0,0.0,0.0,0.0,0.0,0.456,0.949,0.0,0
6,26.5,91.94,98.0,6.800000000000001,0.0,0.0,0.0,0.0,0.0,0.0,0.0,0.443,0.923,0.0,0
6,26.5,91.94,98.0,6.800000000000001,0.0,0.0,0.0,0.0,0.0,0.0,0.0,0.432,0.9,0.0,0
6,26.5,91.94,98.0,6.800000000000001,0.0,0.0,0.0,0.0,0.0,0.0,0.0,0.422,0.879,0.0,0
6,26.5,91.94,98.0,6.800000000000001,0.0,0.0,0.0,0.0,0.0,0.0,0.0,0.414,0.863,0.0,0
6,26.5,91.94,98.0,6.800000000000001,0.0,0.0,0.0,0.0,0.0,0.0,0.0,0.404,0.841,0.0,0
6,26.5,91.94,98.0,6.800000000000001,0.0,0.0,0.0,0.0,0.0,0.0,0.0,0.396,0.825,0.0,0
6,26.5,91.94,98.0,6.800000000000001,0.0,0.0,0.0,0.0,0.0,0.0,0.0,0.386,0.804,0.0,0
6,26.5,91.94,98.0,6.800000000000001,0.0,0.0,0.0,0.0,0.0,0.0,0.0,0.377,0.786,0.0,0
7,26.41,91.4,88.0,4.2,0.4,0.88,1.32,1.8,3.24,0.4,0.11,0.492,1.0,1.92,1
7,26.41,91.4,88.0,4.2,9.1,20.02,30.03,69.5,125.1,9.1,2.43,0.511,1.0,95.07,1
7,26.41,91.4,88.0,4.2,5.8,12.76,19.14,54.5,98.1,5.8,1.55,0.508,1.0,78.96,1
7,26.41,91.4,88.0,4.2,11.4,25.08,37.62,90.5,162.9,11.4,3.04,0.511,1.0,125.28,1
7,26.41,91.4,88.0,4.2,3.8,8.36,12.54,22.6,40.68,3.8,1.01,0.503,1.0,28.14,1
7,26.41,91.4,88.0,4.2,8.7,19.14,28.71,52.2,93.96,8.7,2.32,0.503,1.0,65.25,1
7,26.41,91.4,88.0,4.2,10.7,23.54,35.31,42.5,76.5,10.7,2.85,0.508,1.0,41.19,1
7,26.41,91.4,88.0,4.2,6.7,14.74,22.11,25.6,46.08,6.7,1.79,0.507,1.0,23.97,1
7,26.41,91.4,88.0,4.2,1.3,2.86,4.29,5.3,9.54,1.3,0.35,0.5,1.0,5.25,1
7,26.41,91.4,88.0,4.2,3.0,6.6,9.9,4.1,7.38,3.0,0.8,0.48,0.999,0.0,1
7,26.41,91.4,88.0,4.2,4.9,10.78,16.17,13.3,23.94,4.9,1.31,0.485,1.0,7.77,1
7,26.41,91.4,88.0,4.2,12.6,27.72,41.58,76.9,138.42,12.6,3.36,0.508,1.0,96.84,1
7,26.41,91.4,88.0,4.2,15.5,34.1,51.15,65.5,117.9,15.5,4.13,0.505,1.0,66.75,1
7,26.41,91.4,88.0,4.2,6.7,14.74,22.11,32.9,59.22,6.7,1.79,0.503,1.0,37.11,1
7,26.41,91.4,88.0,4.2,11.8,25.96,38.94,39.9,71.82,11.8,3.15,0.508,1.0,32.88,1
7,26.41,91.4,88.0,4.2,4.4,9.68,14.52,14.3,25.74,4.4,1.17,0.501,1.0,11.22,1
7,26.41,91.4,88.0,4.2,3.5,7.7,11.55,9.7,17.46,3.5,0.93,0.5,1.0,5.91,1
7,26.41,91.4,88.0,4.2,6.2,13.64,20.46,30.5,54.9,6.2,1.65,0.506,1.0,34.44,1
7,26.41,91.4,88.0,4.2,17.9,39.38,59.07,90.8,163.44,17.9,4.77,0.51,1.0,104.37,1
7,26.41,91.4,88.0,4.2,14.5,31.9,47.85,107.3,193.14,14.5,3.87,0.511,1.0,145.29,1
7,26.41,91.4,88.0,4.2,19.6,43.12,64.68,117.7,211.86,19.6,5.23,0.512,1.0,147.18,1
7,26.41,91.4,88.0,4.2,10.7,23.54,35.31,114.6,206.28,10.7,2.85,0.513,1.0,170.97,1
7,26.41,91.4,88.0,4.2,27.4,60.28,90.42,66.4,119.52,27.4,7.31,0.51,1.0,29.1,1
7,26.41,91.4,88.0,4.2,9.6,21.12,31.68,57.8,104.04,9.6,2.56,0.508,1.0,72.36,1
7,26.41,91.4,88.0,4.2,5.9,12.98,19.47,22.9,41.22,5.9,1.57,0.5,1.0,21.75,1
7,26.41,91.4,88.0,4.2,3.9,8.58,12.87,8.5,15.3,3.9,1.04,0.498,1.0,2.43,1
7,26.41,91.4,88.0,4.2,0.2,0.44,0.66,0.6,1.08,0.2,0.05,0.464,0.966,0.42,1
7,26.41,91.4,88.0,4.2,3.5,7.7,11.55,14.1,25.38,3.5,0.93,0.487,1.0,13.83,1
7,26.41,91.4,88.0,4.2,11.8,25.96,38.94,119.4,214.92,11.8,3.15,0.512,1.0,175.98,1
7,26.41,91.4,88.0,4.2,8.0,17.6,26.4,73.0,131.4,8.0,2.13,0.51,1.0,105.0,1
7,26.41,91.4,88.0,4.2,36.0,79.2,118.8,260.0,468.0,36.0,9.6,0.512,1.0,349.2,1
7,26.41,91.4,88.0,4.2,28.9,63.58,95.37,118.9,214.02,28.9,7.71,0.514,1.0,118.65,1
7,26.41,91.4,88.0,4.2,7.8,17.16,25.74,33.3,59.94,7.8,2.08,0.502,1.0,34.2,1
7,26.41,91.4,88.0,4.2,3.7,8.14,12.21,12.6,22.68,3.7,0.99,0.503,1.0,10.47,1
7,26.41,91.4,88.0,4.2,0.6,1.32,1.98,2.1,3.78,0.6,0.16,0.494,1.0,1.8,1
7,26.41,91.4,88.0,4.2,0.8,1.76,2.64,2.3,4.14,0.8,0.21,0.488,1.0,1.5,1
7,26.41,91.4,88.0,4.2,0.7,1.54,2.31,1.9,3.42,0.7,0.19,0.481,1.0,1.11,1
7,26.41,91.4,88.0,4.2,0.1,0.22,0.33,0.2,0.36,0.1,0.03,0.453,0.945,0.03,1
7,26.41,91.4,88.0,4.2,0.3,0.66,0.99,0.8,1.44,0.3,0.08,0.428,0.892,0.45,1
7,26.41,91.4,88.0,4.2,0.3,0.66,0.99,0.6,1.08,0.3,0.08,0.409,0.853,0.09,1
7,26.41,91.4,88.0,4.2,2.1,4.62,6.93,3.2,5.76,2.1,0.56,0.4,0.834,0.0,1
7,26.41,91.4,88.0,4.2,2.6,5.72,8.58,13.7,24.66,2.6,0.69,0.416,0.867,16.08,1
7,26.41,91.4,88.0,4.2,2.5,5.5,8.25,16.4,29.52,2.5,0.67,0.502,1.0,21.27,1
7,26.41,91.4,88.0,4.2,0.0,0.0,0.0,0.0,0.0,0.0,0.0,0.3,0.626,0.0,0
7,26.41,91.4,88.0,4.2,0.0,0.0,0.0,0.0,0.0,0.0,0.0,0.293,0.611,0.0,0
7,26.41,91.4,88.0,4.2,0.0,0.0,0.0,0.0,0.0,0.0,0.0,0.291,0.607,0.0,0
7,26.41,91.4,88.0,4.2,0.0,0.0,0.0,0.0,0.0,0.0,0.0,0.284,0.592,0.0,0
7,26.41,91.4,88.0,4.2,0.5,1.1,1.65,0.5,0.9,0.5,0.13,0.281,0.586,0.0,0
7,26.41,91.4,88.0,4.2,0.3,0.66,0.99,0.7,1.26,0.3,0.08,0.279,0.581,0.27,0
7,26.41,91.4,88.0,4.2,0.0,0.0,0.0,0.0,0.0,0.0,0.0,0.273,0.568,0.0,0
7,26.41,91.4,88.0,4.2,0.0,0.0,0.0,0.0,0.0,0.0,0.0,0.267,0.557,0.0,0
7,26.41,91.4,88.0,4.2,0.0,0.0,0.0,0.0,0.0,0.0,0.0,0.265,0.552,0.0,0
7,26.41,91.4,88.0,4.2,0.0,0.0,0.0,0.0,0.0,0.0,0.0,0.263,0.548,0.0,0
7,26.41,91.4,88.0,4.2,0.8,1.76,2.64,2.5,4.5,0.8,0.21,0.481,1.0,1.86,0
7,26.41,91.4,88.0,4.2,0.0,0.0,0.0,0.0,0.0,0.0,0.0,0.453,0.944,0.0,0
7,26.41,91.4,88.0,4.2,0.0,0.0,0.0,0.0,0.0,0.0,0.0,0.438,0.913,0.0,0
7,26.41,91.4,88.0,4.2,0.0,0.0,0.0,0.0,0.0,0.0,0.0,0.428,0.893,0.0,0
7,26.41,91.4,88.0,4.2,0.0,0.0,0.0,0.0,0.0,0.0,0.0,0.416,0.867,0.0,0
7,26.41,91.4,88.0,4.2,0.0,0.0,0.0,0.0,0.0,0.0,0.0,0.406,0.845,0.0,0
7,26.41,91.4,88.0,4.2,0.1,0.22,0.33,0.1,0.18,0.1,0.03,0.397,0.826,0.0,0
7,26.41,91.4,88.0,4.2,0.0,0.0,0.0,0.0,0.0,0.0,0.0,0.386,0.804,0.0,0
7,26.41,91.4,88.0,4.2,0.0,0.0,0.0,0.0,0.0,0.0,0.0,0.374,0.779,0.0,0
7,26.41,91.4,88.0,4.2,0.0,0.0,0.0,0.0,0.0,0.0,0.0,0.36,0.751,0.0,0
8,26.41,91.49,96.0,5.0,0.7,1.54,2.31,4.3,7.74,0.7,0.19,0.5,1.0,5.43,1
8,26.41,91.49,96.0,5.0,10.7,23.54,35.31,78.8,141.84,10.7,2.85,0.513,1.0,106.53,1
8,26.41,91.49,96.0,5.0,4.8,10.56,15.84,45.8,82.44,4.8,1.28,0.507,1.0,66.6,1
8,26.41,91.49,96.0,5.0,12.2,26.84,40.26,80.5,144.9,12.2,3.25,0.513,1.0,104.64,1
8,26.41,91.49,96.0,5.0,2.9,6.38,9.57,15.7,28.26,2.9,0.77,0.505,1.0,18.69,1
8,26.41,91.49,96.0,5.0,12.0,26.4,39.6,61.4,110.52,12.0,3.2,0.506,1.0,70.92,1
8,26.41,91.49,96.0,5.0,10.1,22.22,33.33,42.4,76.32,10.1,2.69,0.506,1.0,42.99,1
8,26.41,91.49,96.0,5.0,6.8,14.96,22.44,33.5,60.3,6.8,1.81,0.508,1.0,37.86,1
8,26.41,91.49,96.0,5.0,1.8,3.96,5.94,5.6,10.08,1.8,0.48,0.499,1.0,4.14,1
8,26.41,91.49,96.0,5.0,4.8,10.56,15.84,6.2,11.16,4.8,1.28,0.481,1.0,0.0,1
8,26.41,91.49,96.0,5.0,5.1,11.22,16.83,12.8,23.04,5.1,1.36,0.495,1.0,6.21,1
8,26.41,91.49,96.0,5.0,9.6,21.12,31.68,67.3,121.14,9.6,2.56,0.507,1.0,89.46,1
8,26.41,91.49,96.0,5.0,18.9,41.58,62.37,60.1,108.18,18.9,5.04,0.508,1.0,45.81,1
8,26.41,91.49,96.0,5.0,6.5,14.3,21.45,29.1,52.38,6.5,1.73,0.5,1.0,30.93,1
8,26.41,91.49,96.0,5.0,13.3,29.26,43.89,43.0,77.4,13.3,3.55,0.509,1.0,33.51,1
8,26.41,91.49,96.0,5.0,4.3,9.46,14.19,12.6,22.68,4.3,1.15,0.496,1.0,8.49,1
8,26.41,91.49,96.0,5.0,3.7,8.14,12.21,10.8,19.44,3.7,0.99,0.502,1.0,7.23,1
8,26.41,91.49,96.0,5.0,6.3,13.86,20.79,30.2,54.36,6.3,1.68,0.502,1.0,33.57,1
8,26.41,91.49,96.0,5.0,14.7,32.34,48.51,92.8,167.04,14.7,3.92,0.511,1.0,118.53,1
8,26.41,91.49,96.0,5.0,12.3,27.06,40.59,83.4,150.12,12.3,3.28,0.508,1.0,109.53,1
8,26.41,91.49,96.0,5.0,12.9,28.38,42.57,101.1,181.98,12.9,3.44,0.509,1.0,139.41,1
8,26.41,91.49,96.0,5.0,8.9,19.58,29.37,105.4,189.72,8.9,2.37,0.513,1.0,160.35,1
8,26.41,91.49,96.0,5.0,16.1,35.42,53.13,60.8,109.44,16.1,4.29,0.51,1.0,56.31,1
8,26.41,91.49,96.0,5.0,12.7,27.94,41.91,53.4,96.12,12.7,3.39,0.507,1.0,54.21,1
8,26.41,91.49,96.0,5.0,4.8,10.56,15.84,22.1,39.78,4.8,1.28,0.502,1.0,23.94,1
8,26.41,91.49,96.0,5.0,2.8,6.16,9.24,6.2,11.16,2.8,0.75,0.5,1.0,1.92,1
8,26.41,91.49,96.0,5.0,4.3,9.46,14.19,5.9,10.62,4.3,1.15,0.475,0.991,0.0,1
8,26.41,91.49,96.0,5.0,5.6,12.32,18.48,21.7,39.06,5.6,1.49,0.492,1.0,20.58,1
8,26.41,91.49,96.0,5.0,14.0,30.8,46.2,109.6,197.28,14.0,3.73,0.509,1.0,151.08,1
8,26.41,91.49,96.0,5.0,7.5,16.5,24.75,59.5,107.1,7.5,2.0,0.511,1.0,82.35,1
8,26.41,91.49,96.0,5.0,32.5,71.5,107.25,235.0,423.0,32.5,8.67,0.515,1.0,315.75,1
8,26.41,91.49,96.0,5.0,26.0,57.2,85.8,126.5,227.7,26.0,6.93,0.514,1.0,141.9,1
8,26.41,91.49,96.0,5.0,8.5,18.7,28.05,35.9,64.62,8.5,2.27,0.509,1.0,36.57,1
8,26.41,91.49,96.0,5.0,13.5,29.7,44.55,27.3,49.14,13.5,3.6,0.5,1.0,4.59,1
8,26.41,91.49,96.0,5.0,2.5,5.5,8.25,5.0,9.0,2.5,0.67,0.495,1.0,0.75,1
8,26.41,91.49,96.0,5.0,1.9,4.18,6.27,3.3,5.94,1.9,0.51,0.478,0.995,0.0,1
8,26.41,91.49,96.0,5.0,1.3,2.86,4.29,2.1,3.78,1.3,0.35,0.472,0.983,0.0,1
8,26.41,91.49,96.0,5.0,0.1,0.22,0.33,0.3,0.54,0.1,0.03,0.449,0.935,0.21,1
8,26.41,91.49,96.0,5.0,1.1,2.42,3.63,2.0,3.6,1.1,0.29,0.43,0.895,0.0,1
8,26.41,91.49,96.0,5.0,0.3,0.66,0.99,1.0,1.8,0.3,0.08,0.407,0.849,0.81,1
8,26.41,91.49,96.0,5.0,1.2,2.64,3.96,2.1,3.78,1.2,0.32,0.398,0.828,0.0,1
8,26.41,91.49,96.0,5.0,2.6,5.72,8.58,11.4,20.52,2.6,0.69,0.409,0.851,11.94,1
8,26.41,91.49,96.0,5.0,2.5,5.5,8.25,15.9,28.62,2.5,0.67,0.495,1.0,20.37,1
8,26.41,91.49,96.0,5.0,0.0,0.0,0.0,0.0,0.0,0.0,0.0,0.321,0.669,0.0,0
8,26.41,91.49,96.0,5.0,0.1,0.22,0.33,0.1,0.18,0.1,0.03,0.312,0.651,0.0,0
8,26.41,91.49,96.0,5.0,0.0,0.0,0.0,0.0,0.0,0.0,0.0,0.303,0.632,0.0,0
8,26.41,91.49,96.0,5.0,0.0,0.0,0.0,0.0,0.0,0.0,0.0,0.296,0.616,0.0,0
8,26.41,91.49,96.0,5.0,0.0,0.0,0.0,0.0,0.0,0.0,0.0,0.29,0.605,0.0,0
8,26.41,91.49,96.0,5.0,1.8,3.96,5.94,3.0,5.4,1.8,0.48,0.301,0.627,0.0,0
8,26.41,91.49,96.0,5.0,0.0,0.0,0.0,0.0,0.0,0.0,0.0,0.279,0.582,0.0,0
8,26.41,91.49,96.0,5.0,0.0,0.0,0.0,0.0,0.0,0.0,0.0,0.274,0.57,0.0,0
8,26.41,91.49,96.0,5.0,0.0,0.0,0.0,0.0,0.0,0.0,0.0,0.271,0.565,0.0,0
8,26.41,91.49,96.0,5.0,0.0,0.0,0.0,0.0,0.0,0.0,0.0,0.271,0.565,0.0,0
8,26.41,91.49,96.0,5.0,1.2,2.64,3.96,2.5,4.5,1.2,0.32,0.477,0.994,0.54,0
8,26.41,91.49,96.0,5.0,0.0,0.0,0.0,0.0,0.0,0.0,0.0,0.449,0.936,0.0,0
8,26.41,91.49,96.0,5.0,0.0,0.0,0.0,0.0,0.0,0.0,0.0,0.434,0.904,0.0,0
8,26.41,91.49,96.0,5.0,0.0,0.0,0.0,0.0,0.0,0.0,0.0,0.423,0.881,0.0,0
8,26.41,91.49,96.0,5.0,0.0,0.0,0.0,0.0,0.0,0.0,0.0,0.411,0.856,0.0,0
8,26.41,91.49,96.0,5.0,0.0,0.0,0.0,0.0,0.0,0.0,0.0,0.399,0.831,0.0,0
8,26.41,91.49,96.0,5.0,0.0,0.0,0.0,0.0,0.0,0.0,0.0,0.389,0.811,0.0,0
8,26.41,91.49,96.0,5.0,0.0,0.0,0.0,0.0,0.0,0.0,0.0,0.378,0.788,0.0,0
8,26.41,91.49,96.0,5.0,0.0,0.0,0.0,0.0,0.0,0.0,0.0,0.366,0.762,0.0,0
8,26.41,91.49,96.0,5.0,0.0,0.0,0.0,0.0,0.0,0.0,0.0,0.353,0.734,0.0,0
9,26.41,91.58,104.0,5.800000000000001,3.0,6.6,9.9,10.6,19.08,3.0,0.8,0.5,1.0,9.18,1
9,26.41,91.58,104.0,5.800000000000001,11.2,24.64,36.96,77.3,139.14,11.2,2.99,0.512,1.0,102.18,1
9,26.41,91.58,104.0,5.800000000000001,11.1,24.42,36.63,46.3,83.34,11.1,2.96,0.508,1.0,46.71,1
9,26.41,91.58,104.0,5.800000000000001,10.6,23.32,34.98,66.8,120.24,10.6,2.83,0.512,1.0,85.26,1
9,26.41,91.58,104.0,5.800000000000001,3.4,7.48,11.22,17.3,31.14,3.4,0.91,0.504,1.0,19.92,1
9,26.41,91.58,104.0,5.800000000000001,9.5,20.9,31.35,67.6,121.68,9.5,2.53,0.506,1.0,90.33,1
9,26.41,91.58,104.0,5.800000000000001,9.8,21.56,32.34,44.6,80.28,9.8,2.61,0.505,1.0,47.94,1
9,26.41,91.58,104.0,5.800000000000001,6.3,13.86,20.79,24.5,44.1,6.3,1.68,0.507,1.0,23.31,1
9,26.41,91.58,104.0,5.800000000000001,3.9,8.58,12.87,11.9,21.42,3.9,1.04,0.496,1.0,8.55,1
9,26.41,91.58,104.0,5.800000000000001,2.8,6.16,9.24,5.8,10.44,2.8,0.75,0.485,1.0,1.2,1
9,26.41,91.58,104.0,5.800000000000001,5.6,12.32,18.48,11.4,20.52,5.6,1.49,0.491,1.0,2.04,1
9,26.41,91.58,104.0,5.800000000000001,10.0,22.0,33.0,49.6,89.28,10.0,2.67,0.507,1.0,56.28,1
9,26.41,91.58,104.0,5.800000000000001,21.4,47.08,70.62,63.1,113.58,21.4,5.71,0.506,1.0,42.96,1
9,26.41,91.58,104.0,5.800000000000001,7.0,15.4,23.1,29.6,53.28,7.0,1.87,0.502,1.0,30.18,1
9,26.41,91.58,104.0,5.800000000000001,12.4,27.28,40.92,39.7,71.46,12.4,3.31,0.509,1.0,30.54,1
9,26.41,91.58,104.0,5.800000000000001,3.1,6.82,10.23,11.0,19.8,3.1,0.83,0.498,1.0,9.57,1
9,26.41,91.58,104.0,5.800000000000001,4.8,10.56,15.84,11.4,20.52,4.8,1.28,0.503,1.0,4.68,1
9,26.41,91.58,104.0,5.800000000000001,5.8,12.76,19.14,29.7,53.46,5.8,1.55,0.502,1.0,34.32,1
9,26.41,91.58,104.0,5.800000000000001,13.7,30.14,45.21,100.3,180.54,13.7,3.65,0.51,1.0,135.33,1
9,26.41,91.58,104.0,5.800000000000001,16.5,36.3,54.45,108.7,195.66,16.5,4.4,0.508,1.0,141.21,1
9,26.41,91.58,104.0,5.800000000000001,14.2,31.24,46.86,118.3,212.94,14.2,3.79,0.513,1.0,166.08,1
9,26.41,91.58,104.0,5.800000000000001,8.0,17.6,26.4,88.3,158.94,8.0,2.13,0.512,1.0,132.54,1
9,26.41,91.58,104.0,5.800000000000001,8.6,18.92,28.38,48.4,87.12,8.6,2.29,0.51,1.0,58.74,1
9,26.41,91.58,104.0,5.800000000000001,11.6,25.52,38.28,39.8,71.64,11.6,3.09,0.508,1.0,33.36,1
9,26.41,91.58,104.0,5.800000000000001,5.2,11.44,17.16,25.7,46.26,5.2,1.39,0.501,1.0,29.1,1
9,26.41,91.58,104.0,5.800000000000001,3.3,7.26,10.89,6.3,11.34,3.3,0.88,0.496,1.0,0.45,1
9,26.41,91.58,104.0,5.800000000000001,1.1,2.42,3.63,2.5,4.5,1.1,0.29,0.47,0.978,0.87,1
9,26.41,91.58,104.0,5.800000000000001,7.0,15.4,23.1,30.5,54.9,7.0,1.87,0.494,1.0,31.8,1
9,26.41,91.58,104.0,5.800000000000001,16.0,35.2,52.8,110.2,198.36,16.0,4.27,0.511,1.0,145.56,1
9,26.41,91.58,104.0,5.800000000000001,7.3,16.06,24.09,58.8,105.84,7.3,1.95,0.512,1.0,81.75,1
9,26.41,91.58,104.0,5.800000000000001,26.9,59.18,88.77,205.4,369.72,26.9,7.17,0.514,1.0,280.95,1
9,26.41,91.58,104.0,5.800000000000001,27.0,59.4,89.1,129.5,233.1,27.0,7.2,0.514,1.0,144.0,1
9,26.41,91.58,104.0,5.800000000000001,8.9,19.58,29.37,38.8,69.84,8.9,2.37,0.507,1.0,40.47,1
9,26.41,91.58,104.0,5.800000000000001,13.8,30.36,45.54,20.7,37.26,13.8,3.68,0.498,1.0,0.0,1
9,26.41,91.58,104.0,5.800000000000001,2.5,5.5,8.25,6.8,12.24,2.5,0.67,0.498,1.0,3.99,1
9,26.41,91.58,104.0,5.800000000000001,1.2,2.64,3.96,2.7,4.86,1.2,0.32,0.477,0.994,0.9,1
9,26.41,91.58,104.0,5.800000000000001,1.4,3.08,4.62,2.3,4.14,1.4,0.37,0.464,0.968,0.0,1
9,26.41,91.58,104.0,5.800000000000001,0.4,0.88,1.32,0.7,1.26,0.4,0.11,0.44,0.917,0.0,1
9,26.41,91.58,104.0,5.800000000000001,0.5,1.1,1.65,1.7,3.06,0.5,0.13,0.426,0.888,1.41,1
9,26.41,91.58,104.0,5.800000000000001,0.2,0.44,0.66,0.8,1.44,0.2,0.05,0.41,0.855,0.78,1
9,26.41,91.58,104.0,5.800000000000001,0.7,1.54,2.31,1.6,2.88,0.7,0.19,0.397,0.827,0.57,1
9,26.41,91.58,104.0,5.800000000000001,2.3,5.06,7.59,10.9,19.62,2.3,0.61,0.407,0.848,12.03,1
9,26.41,91.58,104.0,5.800000000000001,2.7,5.94,8.91,16.4,29.52,2.7,0.72,0.487,1.0,20.61,1
9,26.41,91.58,104.0,5.800000000000001,0.0,0.0,0.0,0.0,0.0,0.0,0.0,0.335,0.698,0.0,0
9,26.41,91.58,104.0,5.800000000000001,0.0,0.0,0.0,0.0,0.0,0.0,0.0,0.324,0.676,0.0,0
9,26.41,91.58,104.0,5.800000000000001,0.1,0.22,0.33,0.1,0.18,0.1,0.03,0.319,0.664,0.0,0
9,26.41,91.58,104.0,5.800000000000001,0.0,0.0,0.0,0.0,0.0,0.0,0.0,0.311,0.648,0.0,0
9,26.41,91.58,104.0,5.800000000000001,0.1,0.22,0.33,0.1,0.18,0.1,0.03,0.305,0.634,0.0,0
9,26.41,91.58,104.0,5.800000000000001,2.7,5.94,8.91,3.2,5.76,2.7,0.72,0.318,0.662,0.0,0
9,26.41,91.58,104.0,5.800000000000001,0.0,0.0,0.0,0.0,0.0,0.0,0.0,0.298,0.62,0.0,0
9,26.41,91.58,104.0,5.800000000000001,0.0,0.0,0.0,0.0,0.0,0.0,0.0,0.29,0.604,0.0,0
9,26.41,91.58,104.0,5.800000000000001,0.0,0.0,0.0,0.0,0.0,0.0,0.0,0.285,0.594,0.0,0
9,26.41,91.58,104.0,5.800000000000001,0.0,0.0,0.0,0.0,0.0,0.0,0.0,0.285,0.594,0.0,0
9,26.41,91.58,104.0,5.800000000000001,0.4,0.88,1.32,0.9,1.62,0.4,0.11,0.473,0.985,0.3,0
9,26.41,91.58,104.0,5.800000000000001,0.0,0.0,0.0,0.0,0.0,0.0,0.0,0.455,0.948,0.0,0
9,26.41,91.58,104.0,5.800000000000001,0.0,0.0,0.0,0.0,0.0,0.0,0.0,0.439,0.915,0.0,0
9,26.41,91.58,104.0,5.800000000000001,0.0,0.0,0.0,0.0,0.0,0.0,0.0,0.428,0.892,0.0,0
9,26.41,91.58,104.0,5.800000000000001,0.0,0.0,0.0,0.0,0.0,0.0,0.0,0.417,0.87,0.0,0
9,26.41,91.58,104.0,5.800000000000001,0.0,0.0,0.0,0.0,0.0,0.0,0.0,0.406,0.845,0.0,0
9,26.41,91.58,104.0,5.800000000000001,0.0,0.0,0.0,0.0,0.0,0.0,0.0,0.396,0.825,0.0,0
9,26.41,91.58,104.0,5.800000000000001,0.0,0.0,0.0,0.0,0.0,0.0,0.0,0.386,0.805,0.0,0
9,26.41,91.58,104.0,5.800000000000001,0.0,0.0,0.0,0.0,0.0,0.0,0.0,0.375,0.781,0.0,0
9,26.41,91.58,104.0,5.800000000000001,0.0,0.0,0.0,0.0,0.0,0.0,0.0,0.363,0.757,0.0,0
10,26.41,91.67,112.0,6.6000000000000005,2.7,5.94,8.91,11.1,19.98,2.7,0.72,0.505,1.0,11.07,1
10,26.41,91.67,112.0,6.6000000000000005,8.3,18.26,27.39,68.3,122.94,8.3,2.21,0.513,1.0,95.55,1
10,26.41,91.67,112.0,6.6000000000000005,8.3,18.26,27.39,50.4,90.72,8.3,2.21,0.51,1.0,63.33,1
10,26.41,91.67,112.0,6.6000000000000005,9.1,20.02,30.03,62.6,112.68,9.1,2.43,0.513,1.0,82.65,1
10,26.41,91.67,112.0,6.6000000000000005,3.1,6.82,10.23,21.4,38.52,3.1,0.83,0.507,1.0,28.29,1
10,26.41,91.67,112.0,6.6000000000000005,9.2,20.24,30.36,55.0,99.0,9.2,2.45,0.506,1.0,68.64,1
10,26.41,91.67,112.0,6.6000000000000005,8.5,18.7,28.05,36.0,64.8,8.5,2.27,0.501,1.0,36.75,1
10,26.41,91.67,112.0,6.6000000000000005,1.6,3.52,5.28,10.2,18.36,1.6,0.43,0.504,1.0,13.08,1
10,26.41,91.67,112.0,6.6000000000000005,1.8,3.96,5.94,6.1,10.98,1.8,0.48,0.498,1.0,5.04,1
10,26.41,91.67,112.0,6.6000000000000005,4.3,9.46,14.19,6.9,12.42,4.3,1.15,0.492,1.0,0.0,1
10,26.41,91.67,112.0,6.6000000000000005,5.5,12.1,18.15,11.6,20.88,5.5,1.47,0.496,1.0,2.73,1
10,26.41,91.67,112.0,6.6000000000000005,10.6,23.32,34.98,42.8,77.04,10.6,2.83,0.509,1.0,42.06,1
10,26.41,91.67,112.0,6.6000000000000005,20.3,44.66,66.99,62.1,111.78,20.3,5.41,0.505,1.0,44.79,1
10,26.41,91.67,112.0,6.6000000000000005,6.3,13.86,20.79,25.4,45.72,6.3,1.68,0.505,1.0,24.93,1
10,26.41,91.67,112.0,6.6000000000000005,10.3,22.66,33.99,33.0,59.4,10.3,2.75,0.505,1.0,25.41,1
10,26.41,91.67,112.0,6.6000000000000005,3.8,8.36,12.54,11.3,20.34,3.8,1.01,0.496,1.0,7.8,1
10,26.41,91.67,112.0,6.6000000000000005,6.2,13.64,20.46,14.8,26.64,6.2,1.65,0.502,1.0,6.18,1
10,26.41,91.67,112.0,6.6000000000000005,5.3,11.66,17.49,27.9,50.22,5.3,1.41,0.502,1.0,32.73,1
10,26.41,91.67,112.0,6.6000000000000005,9.6,21.12,31.68,77.2,138.96,9.6,2.56,0.508,1.0,107.28,1
10,26.41,91.67,112.0,6.6000000000000005,18.4,40.48,60.72,101.4,182.52,18.4,4.91,0.511,1.0,121.8,1
10,26.41,91.67,112.0,6.6000000000000005,9.6,21.12,31.68,106.2,191.16,9.6,2.56,0.511,1.0,159.48,1
10,26.41,91.67,112.0,6.6000000000000005,7.4,16.28,24.42,73.5,132.3,7.4,1.97,0.512,1.0,107.88,1
10,26.41,91.67,112.0,6.6000000000000005,7.3,16.06,24.09,35.9,64.62,7.3,1.95,0.511,1.0,40.53,1
10,26.41,91.67,112.0,6.6000000000000005,9.4,20.68,31.02,33.2,59.76,9.4,2.51,0.51,1.0,28.74,1
10,26.41,91.67,112.0,6.6000000000000005,4.6,10.12,15.18,23.2,41.76,4.6,1.23,0.505,1.0,26.58,1
10,26.41,91.67,112.0,6.6000000000000005,5.0,11.0,16.5,12.7,22.86,5.0,1.33,0.498,1.0,6.36,1
10,26.41,91.67,112.0,6.6000000000000005,2.8,6.16,9.24,3.9,7.02,2.8,0.75,0.474,0.988,0.0,1
10,26.41,91.67,112.0,6.6000000000000005,8.8,19.36,29.04,35.3,63.54,8.8,2.35,0.499,1.0,34.5,1
10,26.41,91.67,112.0,6.6000000000000005,16.2,35.64,53.46,108.6,195.48,16.2,4.32,0.514,1.0,142.02,1
10,26.41,91.67,112.0,6.6000000000000005,6.2,13.64,20.46,57.5,103.5,6.2,1.65,0.513,1.0,83.04,1
10,26.41,91.67,112.0,6.6000000000000005,24.9,54.78,82.17,187.4,337.32,24.9,6.64,0.512,1.0,255.15,1
10,26.41,91.67,112.0,6.6000000000000005,29.5,64.9,97.35,141.7,255.06,29.5,7.87,0.514,1.0,157.71,1
10,26.41,91.67,112.0,6.6000000000000005,8.4,18.48,27.72,32.8,59.04,8.4,2.24,0.507,1.0,31.32,1
10,26.41,91.67,112.0,6.6000000000000005,13.3,29.26,43.89,21.3,38.34,13.3,3.55,0.5,1.0,0.0,1
10,26.41,91.67,112.0,6.6000000000000005,2.9,6.38,9.57,8.1,14.58,2.9,0.77,0.497,1.0,5.01,1
10,26.41,91.67,112.0,6.6000000000000005,0.3,0.66,0.99,1.2,2.16,0.3,0.08,0.476,0.991,1.17,1
10,26.41,91.67,112.0,6.6000000000000005,1.2,2.64,3.96,2.9,5.22,1.2,0.32,0.472,0.984,1.26,1
10,26.41,91.67,112.0,6.6000000000000005,0.7,1.54,2.31,1.2,2.16,0.7,0.19,0.439,0.916,0.0,1
10,26.41,91.67,112.0,6.6000000000000005,1.2,2.64,3.96,1.6,2.88,1.2,0.32,0.423,0.881,0.0,1
10,26.41,91.67,112.0,6.6000000000000005,0.2,0.44,0.66,0.5,0.9,0.2,0.05,0.408,0.85,0.24,1
10,26.41,91.67,112.0,6.6000000000000005,0.5,1.1,1.65,1.2,2.16,0.5,0.13,0.395,0.824,0.51,1
10,26.41,91.67,112.0,6.6000000000000005,2.2,4.84,7.26,12.6,22.68,2.2,0.59,0.414,0.863,15.42,1
10,26.41,91.67,112.0,6.6000000000000005,2.1,4.62,6.93,16.1,28.98,2.1,0.56,0.481,1.0,22.05,1
10,26.41,91.67,112.0,6.6000000000000005,0.0,0.0,0.0,0.0,0.0,0.0,0.0,0.332,0.692,0.0,0
10,26.41,91.67,112.0,6.6000000000000005,0.0,0.0,0.0,0.0,0.0,0.0,0.0,0.32,0.666,0.0,0
10,26.41,91.67,112.0,6.6000000000000005,0.1,0.22,0.33,0.1,0.18,0.1,0.03,0.313,0.652,0.0,0
10,26.41,91.67,112.0,6.6000000000000005,0.0,0.0,0.0,0.0,0.0,0.0,0.0,0.306,0.637,0.0,0
10,26.41,91.67,112.0,6.6000000000000005,0.7,1.54,2.31,0.8,1.44,0.7,0.19,0.302,0.629,0.0,0
10,26.41,91.67,112.0,6.6000000000000005,3.5,7.7,11.55,3.8,6.84,3.5,0.93,0.312,0.649,0.0,0
10,26.41,91.67,112.0,6.6000000000000005,0.0,0.0,0.0,0.0,0.0,0.0,0.0,0.291,0.607,0.0,0
10,26.41,91.67,112.0,6.6000000000000005,0.0,0.0,0.0,0.0,0.0,0.0,0.0,0.284,0.592,0.0,0
10,26.41,91.67,112.0,6.6000000000000005,0.0,0.0,0.0,0.0,0.0,0.0,0.0,0.279,0.581,0.0,0
10,26.41,91.67,112.0,6.6000000000000005,0.0,0.0,0.0,0.0,0.0,0.0,0.0,0.278,0.579,0.0,0
10,26.41,91.67,112.0,6.6000000000000005,0.2,0.44,0.66,0.5,0.9,0.2,0.05,0.471,0.982,0.24,0
10,26.41,91.67,112.0,6.6000000000000005,0.0,0.0,0.0,0.0,0.0,0.0,0.0,0.454,0.946,0.0,0
10,26.41,91.67,112.0,6.6000000000000005,0.0,0.0,0.0,0.0,0.0,0.0,0.0,0.44,0.916,0.0,0
10,26.41,91.67,112.0,6.6000000000000005,0.0,0.0,0.0,0.0,0.0,0.0,0.0,0.429,0.893,0.0,0
10,26.41,91.67,112.0,6.6000000000000005,0.0,0.0,0.0,0.0,0.0,0.0,0.0,0.418,0.871,0.0,0
10,26.41,91.67,112.0,6.6000000000000005,0.0,0.0,0.0,0.0,0.0,0.0,0.0,0.408,0.851,0.0,0
10,26.41,91.67,112.0,6.6000000000000005,0.0,0.0,0.0,0.0,0.0,0.0,0.0,0.397,0.827,0.0,0
10,26.41,91.67,112.0,6.6000000000000005,0.0,0.0,0.0,0.0,0.0,0.0,0.0,0.387,0.806,0.0,0
10,26.41,91.67,112.0,6.6000000000000005,0.0,0.0,0.0,0.0,0.0,0.0,0.0,0.377,0.785,0.0,0
10,26.41,91.67,112.0,6.6000000000000005,0.0,0.0,0.0,0.0,0.0,0.0,0.0,0.365,0.76,0.0,0
11,26.41,91.76,120.0,7.4,4.0,8.8,13.2,19.2,34.56,4.0,1.07,0.504,1.0,21.36,1
11,26.41,91.76,120.0,7.4,11.9,26.18,39.27,69.0,124.2,11.9,3.17,0.511,1.0,84.93,1
11,26.41,91.76,120.0,7.4,8.3,18.26,27.39,56.2,101.16,8.3,2.21,0.51,1.0,73.77,1
11,26.41,91.76,120.0,7.4,8.7,19.14,28.71,66.0,118.8,8.7,2.32,0.51,1.0,90.09,1
11,26.41,91.76,120.0,7.4,3.6,7.92,11.88,19.4,34.92,3.6,0.96,0.502,1.0,23.04,1
11,26.41,91.76,120.0,7.4,13.0,28.6,42.9,37.6,67.68,13.0,3.47,0.504,1.0,24.78,1
11,26.41,91.76,120.0,7.4,7.6,16.72,25.08,31.9,57.42,7.6,2.03,0.503,1.0,32.34,1
11,26.41,91.76,120.0,7.4,3.8,8.36,12.54,12.9,23.22,3.8,1.01,0.506,1.0,10.68,1
11,26.41,91.76,120.0,7.4,1.8,3.96,5.94,6.6,11.88,1.8,0.48,0.498,1.0,5.94,1
11,26.41,91.76,120.0,7.4,3.5,7.7,11.55,7.3,13.14,3.5,0.93,0.495,1.0,1.59,1
11,26.41,91.76,120.0,7.4,6.1,13.42,20.13,17.8,32.04,6.1,1.63,0.499,1.0,11.91,1
11,26.41,91.76,120.0,7.4,9.5,20.9,31.35,41.4,74.52,9.5,2.53,0.507,1.0,43.17,1
11,26.41,91.76,120.0,7.4,21.7,47.74,71.61,69.9,125.82,21.7,5.79,0.502,1.0,54.21,1
11,26.41,91.76,120.0,7.4,4.9,10.78,16.17,23.9,43.02,4.9,1.31,0.502,1.0,26.85,1
11,26.41,91.76,120.0,7.4,8.3,18.26,27.39,24.9,44.82,8.3,2.21,0.509,1.0,17.43,1
11,26.41,91.76,120.0,7.4,8.7,19.14,28.71,20.7,37.26,8.7,2.32,0.498,1.0,8.55,1
11,26.41,91.76,120.0,7.4,7.2,15.84,23.76,15.7,28.26,7.2,1.92,0.501,1.0,4.5,1
11,26.41,91.76,120.0,7.4,6.2,13.64,20.46,25.3,45.54,6.2,1.65,0.501,1.0,25.08,1
11,26.41,91.76,120.0,7.4,9.2,20.24,30.36,51.3,92.34,9.2,2.45,0.512,1.0,61.98,1
11,26.41,91.76,120.0,7.4,17.4,38.28,57.42,85.4,153.72,17.4,4.64,0.512,1.0,96.3,1
11,26.41,91.76,120.0,7.4,11.2,24.64,36.96,102.7,184.86,11.2,2.99,0.512,1.0,147.9,1
11,26.41,91.76,120.0,7.4,5.8,12.76,19.14,55.2,99.36,5.8,1.55,0.51,1.0,80.22,1
11,26.41,91.76,120.0,7.4,7.6,16.72,25.08,35.7,64.26,7.6,2.03,0.51,1.0,39.18,1
11,26.41,91.76,120.0,7.4,8.4,18.48,27.72,32.0,57.6,8.4,2.24,0.505,1.0,29.88,1
11,26.41,91.76,120.0,7.4,4.3,9.46,14.19,19.0,34.2,4.3,1.15,0.504,1.0,20.01,1
11,26.41,91.76,120.0,7.4,5.0,11.0,16.5,12.6,22.68,5.0,1.33,0.499,1.0,6.18,1
11,26.41,91.76,120.0,7.4,3.5,7.7,11.55,7.4,13.32,3.5,0.93,0.487,1.0,1.77,1
11,26.41,91.76,120.0,7.4,3.1,6.82,10.23,14.7,26.46,3.1,0.83,0.501,1.0,16.23,1
11,26.41,91.76,120.0,7.4,16.5,36.3,54.45,103.9,187.02,16.5,4.4,0.513,1.0,132.57,1
11,26.41,91.76,120.0,7.4,8.6,18.92,28.38,70.0,126.0,8.6,2.29,0.507,1.0,97.62,1
11,26.41,91.76,120.0,7.4,21.3,46.86,70.29,174.5,314.1,21.3,5.68,0.513,1.0,243.81,1
11,26.41,91.76,120.0,7.4,36.4,80.08,120.12,159.5,287.1,36.4,9.71,0.511,1.0,166.98,1
11,26.41,91.76,120.0,7.4,8.0,17.6,26.4,31.3,56.34,8.0,2.13,0.508,1.0,29.94,1
11,26.41,91.76,120.0,7.4,6.6,14.52,21.78,20.2,36.36,6.6,1.76,0.499,1.0,14.58,1
11,26.41,91.76,120.0,7.4,2.2,4.84,7.26,8.0,14.4,2.2,0.59,0.499,1.0,7.14,1
11,26.41,91.76,120.0,7.4,0.4,0.88,1.32,1.6,2.88,0.4,0.11,0.476,0.991,1.56,1
11,26.41,91.76,120.0,7.4,0.6,1.32,1.98,1.8,3.24,0.6,0.16,0.458,0.954,1.26,1
11,26.41,91.76,120.0,7.4,0.4,0.88,1.32,0.7,1.26,0.4,0.11,0.442,0.92,0.0,1
11,26.41,91.76,120.0,7.4,1.8,3.96,5.94,2.4,4.32,1.8,0.48,0.424,0.882,0.0,1
11,26.41,91.76,120.0,7.4,2.1,4.62,6.93,3.1,5.58,2.1,0.56,0.424,0.883,0.0,1
11,26.41,91.76,120.0,7.4,0.7,1.54,2.31,1.4,2.52,0.7,0.19,0.412,0.858,0.21,1
11,26.41,91.76,120.0,7.4,2.1,4.62,6.93,11.0,19.8,2.1,0.56,0.422,0.878,12.87,1
11,26.41,91.76,120.0,7.4,2.3,5.06,7.59,14.3,25.74,2.3,0.61,0.488,1.0,18.15,1
11,26.41,91.76,120.0,7.4,0.0,0.0,0.0,0.0,0.0,0.0,0.0,0.336,0.699,0.0,0
11,26.41,91.76,120.0,7.4,0.3,0.66,0.99,0.3,0.54,0.3,0.08,0.324,0.675,0.0,0
11,26.41,91.76,120.0,7.4,0.1,0.22,0.33,0.1,0.18,0.1,0.03,0.314,0.654,0.0,0
11,26.41,91.76,120.0,7.4,0.0,0.0,0.0,0.0,0.0,0.0,0.0,0.307,0.639,0.0,0
11,26.41,91.76,120.0,7.4,0.0,0.0,0.0,0.0,0.0,0.0,0.0,0.301,0.627,0.0,0
11,26.41,91.76,120.0,7.4,8.2,18.04,27.06,9.2,16.56,8.2,2.19,0.355,0.74,0.0,0
11,26.41,91.76,120.0,7.4,0.0,0.0,0.0,0.0,0.0,0.0,0.0,0.3,0.625,0.0,0
11,26.41,91.76,120.0,7.4,0.0,0.0,0.0,0.0,0.0,0.0,0.0,0.292,0.609,0.0,0
11,26.41,91.76,120.0,7.4,0.0,0.0,0.0,0.0,0.0,0.0,0.0,0.286,0.595,0.0,0
11,26.41,91.76,120.0,7.4,0.0,0.0,0.0,0.0,0.0,0.0,0.0,0.284,0.592,0.0,0
11,26.41,91.76,120.0,7.4,0.2,0.44,0.66,0.4,0.72,0.2,0.05,0.466,0.97,0.06,0
11,26.41,91.76,120.0,7.4,0.0,0.0,0.0,0.0,0.0,0.0,0.0,0.45,0.937,0.0,0
11,26.41,91.76,120.0,7.4,0.0,0.0,0.0,0.0,0.0,0.0,0.0,0.435,0.907,0.0,0
11,26.41,91.76,120.0,7.4,0.0,0.0,0.0,0.0,0.0,0.0,0.0,0.425,0.885,0.0,0
11,26.41,91.76,120.0,7.4,0.3,0.66,0.99,0.3,0.54,0.3,0.08,0.416,0.866,0.0,0
11,26.41,91.76,120.0,7.4,0.0,0.0,0.0,0.0,0.0,0.0,0.0,0.407,0.847,0.0,0
11,26.41,91.76,120.0,7.4,0.0,0.0,0.0,0.0,0.0,0.0,0.0,0.394,0.82,0.0,0
11,26.41,91.76,120.0,7.4,0.0,0.0,0.0,0.0,0.0,0.0,0.0,0.383,0.799,0.0,0
11,26.41,91.76,120.0,7.4,0.0,0.0,0.0,0.0,0.0,0.0,0.0,0.373,0.777,0.0,0
11,26.41,91.76,120.0,7.4,0.0,0.0,0.0,0.0,0.0,0.0,0.0,0.361,0.751,0.0,0
12,26.41,91.85,128.0,8.2,6.8,14.96,22.44,25.7,46.26,6.8,1.81,0.504,1.0,23.82,1
12,26.41,91.85,128.0,8.2,13.6,29.92,44.88,71.2,128.16,13.6,3.63,0.512,1.0,83.28,1
12,26.41,91.85,128.0,8.2,10.9,23.98,35.97,62.8,113.04,10.9,2.91,0.507,1.0,77.07,1
12,26.41,91.85,128.0,8.2,8.7,19.14,28.71,59.8,107.64,8.7,2.32,0.51,1.0,78.93,1
12,26.41,91.85,128.0,8.2,1.9,4.18,6.27,11.9,21.42,1.9,0.51,0.502,1.0,15.15,1
12,26.41,91.85,128.0,8.2,16.6,36.52,54.78,27.9,50.22,16.6,4.43,0.502,1.0,0.0,1
12,26.41,91.85,128.0,8.2,7.8,17.16,25.74,27.9,50.22,7.8,2.08,0.501,1.0,24.48,1
12,26.41,91.85,128.0,8.2,6.7,14.74,22.11,20.5,36.9,6.7,1.79,0.502,1.0,14.79,1
12,26.41,91.85,128.0,8.2,8.1,17.82,26.73,18.5,33.3,8.1,2.16,0.501,1.0,6.57,1
12,26.41,91.85,128.0,8.2,1.3,2.86,4.29,3.0,5.4,1.3,0.35,0.489,1.0,1.11,1
12,26.41,91.85,128.0,8.2,16.6,36.52,54.78,25.3,45.54,16.6,4.43,0.499,1.0,0.0,1
12,26.41,91.85,128.0,8.2,7.0,15.4,23.1,42.8,77.04,7.0,1.87,0.509,1.0,53.94,1
12,26.41,91.85,128.0,8.2,24.9,54.78,82.17,66.9,120.42,24.9,6.64,0.501,1.0,38.25,1
12,26.41,91.85,128.0,8.2,12.6,27.72,41.58,34.9,62.82,12.6,3.36,0.498,1.0,21.24,1
12,26.41,91.85,128.0,8.2,5.9,12.98,19.47,18.9,34.02,5.9,1.57,0.507,1.0,14.55,1
12,26.41,91.85,128.0,8.2,2.6,5.72,8.58,11.6,20.88,2.6,0.69,0.498,1.0,12.3,1
12,26.41,91.85,128.0,8.2,5.0,11.0,16.5,14.8,26.64,5.0,1.33,0.499,1.0,10.14,1
12,26.41,91.85,128.0,8.2,7.2,15.84,23.76,25.5,45.9,7.2,1.92,0.505,1.0,22.14,1
12,26.41,91.85,128.0,8.2,7.7,16.94,25.41,47.4,85.32,7.7,2.05,0.507,1.0,59.91,1
12,26.41,91.85,128.0,8.2,15.8,34.76,52.14,68.6,123.48,15.8,4.21,0.51,1.0,71.34,1
12,26.41,91.85,128.0,8.2,11.9,26.18,39.27,105.4,189.72,11.9,3.17,0.514,1.0,150.45,1
12,26.41,91.85,128.0,8.2,4.7,10.34,15.51,47.8,86.04,4.7,1.25,0.51,1.0,70.53,1
12,26.41,91.85,128.0,8.2,7.3,16.06,24.09,30.9,55.62,7.3,1.95,0.511,1.0,31.53,1
12,26.41,91.85,128.0,8.2,6.5,14.3,21.45,35.1,63.18,6.5,1.73,0.507,1.0,41.73,1
12,26.41,91.85,128.0,8.2,3.9,8.58,12.87,16.5,29.7,3.9,1.04,0.499,1.0,16.83,1
12,26.41,91.85,128.0,8.2,4.6,10.12,15.18,13.6,24.48,4.6,1.23,0.502,1.0,9.3,1
12,26.41,91.85,128.0,8.2,1.4,3.08,4.62,1.9,3.42,1.4,0.37,0.482,1.0,0.0,1
12,26.41,91.85,128.0,8.2,4.2,9.24,13.86,13.6,24.48,4.2,1.12,0.497,1.0,10.62,1
12,26.41,91.85,128.0,8.2,16.2,35.64,53.46,95.3,171.54,16.2,4.32,0.513,1.0,118.08,1
12,26.41,91.85,128.0,8.2,9.5,20.9,31.35,67.3,121.14,9.5,2.53,0.512,1.0,89.79,1
12,26.41,91.85,128.0,8.2,29.5,64.9,97.35,163.5,294.3,29.5,7.87,0.514,1.0,196.95,1
12,26.41,91.85,128.0,8.2,34.5,75.9,113.85,158.4,285.12,34.5,9.2,0.512,1.0,171.27,1
12,26.41,91.85,128.0,8.2,5.8,12.76,19.14,26.9,48.42,5.8,1.55,0.508,1.0,29.28,1
12,26.41,91.85,128.0,8.2,8.3,18.26,27.39,18.4,33.12,8.3,2.21,0.502,1.0,5.73,1
12,26.41,91.85,128.0,8.2,3.1,6.82,10.23,7.8,14.04,3.1,0.83,0.503,1.0,3.81,1
12,26.41,91.85,128.0,8.2,1.7,3.74,5.61,5.4,9.72,1.7,0.45,0.485,1.0,4.11,1
12,26.41,91.85,128.0,8.2,0.2,0.44,0.66,1.0,1.8,0.2,0.05,0.46,0.959,1.14,1
12,26.41,91.85,128.0,8.2,0.4,0.88,1.32,0.8,1.44,0.4,0.11,0.456,0.95,0.12,1
12,26.41,91.85,128.0,8.2,2.4,5.28,7.92,4.4,7.92,2.4,0.64,0.441,0.92,0.0,1
12,26.41,91.85,128.0,8.2,0.4,0.88,1.32,1.2,2.16,0.4,0.11,0.455,0.948,0.84,1
12,26.41,91.85,128.0,8.2,0.4,0.88,1.32,0.9,1.62,0.4,0.11,0.459,0.957,0.3,1
12,26.41,91.85,128.0,8.2,1.3,2.86,4.29,8.6,15.48,1.3,0.35,0.456,0.951,11.19,1
12,26.41,91.85,128.0,8.2,2.5,5.5,8.25,13.2,23.76,2.5,0.67,0.497,1.0,15.51,1
12,26.41,91.85,128.0,8.2,0.0,0.0,0.0,0.0,0.0,0.0,0.0,0.333,0.694,0.0,0
12,26.41,91.85,128.0,8.2,0.2,0.44,0.66,0.2,0.36,0.2,0.05,0.319,0.665,0.0,0
12,26.41,91.85,128.0,8.2,0.2,0.44,0.66,0.2,0.36,0.2,0.05,0.306,0.638,0.0,0
12,26.41,91.85,128.0,8.2,0.0,0.0,0.0,0.0,0.0,0.0,0.0,0.298,0.621,0.0,0
12,26.41,91.85,128.0,8.2,0.0,0.0,0.0,0.0,0.0,0.0,0.0,0.294,0.613,0.0,0
12,26.41,91.85,128.0,8.2,0.7,1.54,2.31,1.3,2.34,0.7,0.19,0.299,0.622,0.03,0
12,26.41,91.85,128.0,8.2,0.0,0.0,0.0,0.0,0.0,0.0,0.0,0.294,0.613,0.0,0
12,26.41,91.85,128.0,8.2,0.0,0.0,0.0,0.0,0.0,0.0,0.0,0.286,0.597,0.0,0
12,26.41,91.85,128.0,8.2,0.0,0.0,0.0,0.0,0.0,0.0,0.0,0.28,0.583,0.0,0
12,26.41,91.85,128.0,8.2,0.0,0.0,0.0,0.0,0.0,0.0,0.0,0.281,0.585,0.0,0
12,26.41,91.85,128.0,8.2,0.1,0.22,0.33,0.1,0.18,0.1,0.03,0.47,0.979,0.0,0
12,26.41,91.85,128.0,8.2,0.0,0.0,0.0,0.0,0.0,0.0,0.0,0.454,0.946,0.0,0
12,26.41,91.85,128.0,8.2,0.0,0.0,0.0,0.0,0.0,0.0,0.0,0.441,0.919,0.0,0
12,26.41,91.85,128.0,8.2,0.0,0.0,0.0,0.0,0.0,0.0,0.0,0.433,0.902,0.0,0
12,26.41,91.85,128.0,8.2,0.0,0.0,0.0,0.0,0.0,0.0,0.0,0.424,0.883,0.0,0
12,26.41,91.85,128.0,8.2,0.0,0.0,0.0,0.0,0.0,0.0,0.0,0.415,0.864,0.0,0
12,26.41,91.85,128.0,8.2,0.0,0.0,0.0,0.0,0.0,0.0,0.0,0.404,0.841,0.0,0
12,26.41,91.85,128.0,8.2,0.0,0.0,0.0,0.0,0.0,0.0,0.0,0.393,0.82,0.0,0
12,26.41,91.85,128.0,8.2,0.0,0.0,0.0,0.0,0.0,0.0,0.0,0.383,0.798,0.0,0
12,26.41,91.85,128.0,8.2,0.0,0.0,0.0,0.0,0.0,0.0,0.0,0.372,0.774,0.0,0
13,26.41,91.94,136.0,9.0,7.1,15.62,23.43,25.1,45.18,7.1,1.89,0.505,1.0,21.75,1
13,26.41,91.94,136.0,9.0,11.4,25.08,37.62,72.1,129.78,11.4,3.04,0.513,1.0,92.16,1
13,26.41,91.94,136.0,9.0,10.0,22.0,33.0,68.0,122.4,10.0,2.67,0.506,1.0,89.4,1
13,26.41,91.94,136.0,9.0,6.8,14.96,22.44,45.1,81.18,6.8,1.81,0.514,1.0,58.74,1
13,26.41,91.94,136.0,9.0,1.9,4.18,6.27,8.3,14.94,1.9,0.51,0.506,1.0,8.67,1
13,26.41,91.94,136.0,9.0,12.0,26.4,39.6,27.5,49.5,12.0,3.2,0.5,1.0,9.9,1
13,26.41,91.94,136.0,9.0,7.1,15.62,23.43,26.4,47.52,7.1,1.89,0.5,1.0,24.09,1
13,26.41,91.94,136.0,9.0,2.4,5.28,7.92,12.7,22.86,2.4,0.64,0.504,1.0,14.94,1
13,26.41,91.94,136.0,9.0,5.1,11.22,16.83,13.3,23.94,5.1,1.36,0.497,1.0,7.11,1
13,26.41,91.94,136.0,9.0,1.6,3.52,5.28,5.5,9.9,1.6,0.43,0.489,1.0,4.62,1
13,26.41,91.94,136.0,9.0,13.8,30.36,45.54,21.4,38.52,13.8,3.68,0.499,1.0,0.0,1
13,26.41,91.94,136.0,9.0,6.6,14.52,21.78,43.0,77.4,6.6,1.76,0.506,1.0,55.62,1
13,26.41,91.94,136.0,9.0,21.3,46.86,70.29,43.6,78.48,21.3,5.68,0.498,1.0,8.19,1
13,26.41,91.94,136.0,9.0,18.2,40.04,60.06,41.4,74.52,18.2,4.85,0.503,1.0,14.46,1
13,26.41,91.94,136.0,9.0,2.5,5.5,8.25,8.9,16.02,2.5,0.67,0.503,1.0,7.77,1
13,26.41,91.94,136.0,9.0,3.5,7.7,11.55,12.4,22.32,3.5,0.93,0.501,1.0,10.77,1
13,26.41,91.94,136.0,9.0,5.3,11.66,17.49,16.1,28.98,5.3,1.41,0.5,1.0,11.49,1
13,26.41,91.94,136.0,9.0,4.3,9.46,14.19,20.3,36.54,4.3,1.15,0.505,1.0,22.35,1
13,26.41,91.94,136.0,9.0,14.5,31.9,47.85,61.3,110.34,14.5,3.87,0.51,1.0,62.49,1
13,26.41,91.94,136.0,9.0,13.3,29.26,43.89,68.5,123.3,13.3,3.55,0.505,1.0,79.41,1
13,26.41,91.94,136.0,9.0,15.3,33.66,50.49,91.3,164.34,15.3,4.08,0.513,1.0,113.85,1
13,26.41,91.94,136.0,9.0,6.2,13.64,20.46,40.4,72.72,6.2,1.65,0.51,1.0,52.26,1
13,26.41,91.94,136.0,9.0,4.6,10.12,15.18,25.1,45.18,4.6,1.23,0.509,1.0,30.0,1
13,26.41,91.94,136.0,9.0,8.1,17.82,26.73,38.9,70.02,8.1,2.16,0.509,1.0,43.29,1
13,26.41,91.94,136.0,9.0,3.5,7.7,11.55,16.4,29.52,3.5,0.93,0.504,1.0,17.97,1
13,26.41,91.94,136.0,9.0,2.4,5.28,7.92,11.3,20.34,2.4,0.64,0.502,1.0,12.42,1
13,26.41,91.94,136.0,9.0,2.7,5.94,8.91,5.3,9.54,2.7,0.72,0.491,1.0,0.63,1
13,26.41,91.94,136.0,9.0,6.3,13.86,20.79,13.9,25.02,6.3,1.68,0.499,1.0,4.23,1
13,26.41,91.94,136.0,9.0,11.5,25.3,37.95,93.2,167.76,11.5,3.07,0.512,1.0,129.81,1
13,26.41,91.94,136.0,9.0,10.6,23.32,34.98,63.7,114.66,10.6,2.83,0.509,1.0,79.68,1
13,26.41,91.94,136.0,9.0,31.4,69.08,103.62,146.3,263.34,31.4,8.37,0.515,1.0,159.72,1
13,26.41,91.94,136.0,9.0,30.8,67.76,101.64,150.4,270.72,30.8,8.21,0.512,1.0,169.08,1
13,26.41,91.94,136.0,9.0,7.5,16.5,24.75,33.2,59.76,7.5,2.0,0.508,1.0,35.01,1
13,26.41,91.94,136.0,9.0,5.7,12.54,18.81,13.9,25.02,5.7,1.52,0.5,1.0,6.21,1
13,26.41,91.94,136.0,9.0,4.6,10.12,15.18,13.0,23.4,4.6,1.23,0.5,1.0,8.22,1
13,26.41,91.94,136.0,9.0,3.5,7.7,11.55,8.2,14.76,3.5,0.93,0.491,1.0,3.21,1
13,26.41,91.94,136.0,9.0,0.3,0.66,0.99,1.3,2.34,0.3,0.08,0.476,0.993,1.35,1
13,26.41,91.94,136.0,9.0,3.5,7.7,11.55,4.6,8.28,3.5,0.93,0.471,0.98,0.0,1
13,26.41,91.94,136.0,9.0,5.4,11.88,17.82,14.6,26.28,5.4,1.44,0.477,0.995,8.46,1
13,26.41,91.94,136.0,9.0,0.2,0.44,0.66,0.6,1.08,0.2,0.05,0.479,0.997,0.42,1
13,26.41,91.94,136.0,9.0,0.2,0.44,0.66,0.4,0.72,0.2,0.05,0.482,1.0,0.06,1
13,26.41,91.94,136.0,9.0,2.2,4.84,7.26,7.4,13.32,2.2,0.59,0.477,0.995,6.06,1
13,26.41,91.94,136.0,9.0,2.6,5.72,8.58,13.8,24.84,2.6,0.69,0.506,1.0,16.26,1
13,26.41,91.94,136.0,9.0,0.0,0.0,0.0,0.0,0.0,0.0,0.0,0.338,0.704,0.0,0
13,26.41,91.94,136.0,9.0,1.3,2.86,4.29,2.5,4.5,1.3,0.35,0.336,0.7,0.21,0
13,26.41,91.94,136.0,9.0,0.0,0.0,0.0,0.0,0.0,0.0,0.0,0.312,0.651,0.0,0
13,26.41,91.94,136.0,9.0,0.0,0.0,0.0,0.0,0.0,0.0,0.0,0.301,0.628,0.0,0
13,26.41,91.94,136.0,9.0,0.1,0.22,0.33,0.2,0.36,0.1,0.03,0.297,0.62,0.03,0
13,26.41,91.94,136.0,9.0,0.9,1.98,2.97,1.3,2.34,0.9,0.24,0.299,0.623,0.0,0
13,26.41,91.94,136.0,9.0,0.0,0.0,0.0,0.0,0.0,0.0,0.0,0.291,0.607,0.0,0
13,26.41,91.94,136.0,9.0,0.0,0.0,0.0,0.0,0.0,0.0,0.0,0.284,0.591,0.0,0
13,26.41,91.94,136.0,9.0,0.0,0.0,0.0,0.0,0.0,0.0,0.0,0.279,0.58,0.0,0
13,26.41,91.94,136.0,9.0,0.0,0.0,0.0,0.0,0.0,0.0,0.0,0.28,0.584,0.0,0
13,26.41,91.94,136.0,9.0,0.1,0.22,0.33,0.2,0.36,0.1,0.03,0.467,0.974,0.03,0
13,26.41,91.94,136.0,9.0,0.0,0.0,0.0,0.0,0.0,0.0,0.0,0.453,0.943,0.0,0
13,26.41,91.94,136.0,9.0,0.0,0.0,0.0,0.0,0.0,0.0,0.0,0.441,0.919,0.0,0
13,26.41,91.94,136.0,9.0,0.0,0.0,0.0,0.0,0.0,0.0,0.0,0.436,0.907,0.0,0
13,26.41,91.94,136.0,9.0,0.0,0.0,0.0,0.0,0.0,0.0,0.0,0.427,0.889,0.0,0
13,26.41,91.94,136.0,9.0,0.0,0.0,0.0,0.0,0.0,0.0,0.0,0.418,0.87,0.0,0
13,26.41,91.94,136.0,9.0,0.0,0.0,0.0,0.0,0.0,0.0,0.0,0.41,0.854,0.0,0
13,26.41,91.94,136.0,9.0,0.0,0.0,0.0,0.0,0.0,0.0,0.0,0.4,0.834,0.0,0
13,26.41,91.94,136.0,9.0,0.0,0.0,0.0,0.0,0.0,0.0,0.0,0.39,0.813,0.0,0
13,26.41,91.94,136.0,9.0,0.0,0.0,0.0,0.0,0.0,0.0,0.0,0.379,0.79,0.0,0
14,26.32,91.4,126.0,6.4,4.6,10.12,15.18,8.5,15.3,4.6,1.23,0.497,1.0,0.12,1
14,26.32,91.4,126.0,6.4,11.6,25.52,38.28,64.8,116.64,11.6,3.09,0.511,1.0,78.36,1
14,26.32,91.4,126.0,6.4,10.1,22.22,33.33,47.8,86.04,10.1,2.69,0.511,1.0,52.71,1
14,26.32,91.4,126.0,6.4,19.7,43.34,65.01,98.4,177.12,19.7,5.25,0.512,1.0,112.11,1
14,26.32,91.4,126.0,6.4,2.7,5.94,8.91,18.0,32.4,2.7,0.72,0.503,1.0,23.49,1
14,26.32,91.4,126.0,6.4,6.6,14.52,21.78,42.9,77.22,6.6,1.76,0.507,1.0,55.44,1
14,26.32,91.4,126.0,6.4,10.7,23.54,35.31,44.1,79.38,10.7,2.85,0.505,1.0,44.07,1
14,26.32,91.4,126.0,6.4,4.7,10.34,15.51,21.4,38.52,4.7,1.25,0.509,1.0,23.01,1
14,26.32,91.4,126.0,6.4,1.3,2.86,4.29,5.9,10.62,1.3,0.35,0.499,1.0,6.33,1
14,26.32,91.4,126.0,6.4,1.4,3.08,4.62,2.6,4.68,1.4,0.37,0.488,1.0,0.06,1
14,26.32,91.4,126.0,6.4,6.8,14.96,22.44,13.5,24.3,6.8,1.81,0.492,1.0,1.86,1
14,26.32,91.4,126.0,6.4,9.2,20.24,30.36,57.3,103.14,9.2,2.45,0.509,1.0,72.78,1
14,26.32,91.4,126.0,6.4,7.6,16.72,25.08,28.6,51.48,7.6,2.03,0.504,1.0,26.4,1
14,26.32,91.4,126.0,6.4,5.4,11.88,17.82,22.9,41.22,5.4,1.44,0.505,1.0,23.4,1
14,26.32,91.4,126.0,6.4,4.3,9.46,14.19,23.6,42.48,4.3,1.15,0.507,1.0,28.29,1
14,26.32,91.4,126.0,6.4,3.8,8.36,12.54,11.2,20.16,3.8,1.01,0.497,1.0,7.62,1
14,26.32,91.4,126.0,6.4,4.0,8.8,13.2,8.9,16.02,4.0,1.07,0.502,1.0,2.82,1
14,26.32,91.4,126.0,6.4,8.2,18.04,27.06,28.3,50.94,8.2,2.19,0.504,1.0,23.88,1
14,26.32,91.4,126.0,6.4,16.9,37.18,55.77,94.9,170.82,16.9,4.51,0.511,1.0,115.05,1
14,26.32,91.4,126.0,6.4,16.0,35.2,52.8,106.7,192.06,16.0,4.27,0.512,1.0,139.26,1
14,26.32,91.4,126.0,6.4,15.1,33.22,49.83,121.5,218.7,15.1,4.03,0.512,1.0,168.87,1
14,26.32,91.4,126.0,6.4,11.6,25.52,38.28,112.5,202.5,11.6,3.09,0.513,1.0,164.22,1
14,26.32,91.4,126.0,6.4,21.2,46.64,69.96,50.4,90.72,21.2,5.65,0.511,1.0,20.76,1
14,26.32,91.4,126.0,6.4,7.1,15.62,23.43,39.4,70.92,7.1,1.89,0.508,1.0,47.49,1
14,26.32,91.4,126.0,6.4,5.1,11.22,16.83,25.1,45.18,5.1,1.36,0.497,1.0,28.35,1
14,26.32,91.4,126.0,6.4,2.0,4.4,6.6,6.0,10.8,2.0,0.53,0.495,1.0,4.2,1
14,26.32,91.4,126.0,6.4,1.7,3.74,5.61,3.5,6.3,1.7,0.45,0.481,1.0,0.69,1
14,26.32,91.4,126.0,6.4,4.3,9.46,14.19,17.4,31.32,4.3,1.15,0.493,1.0,17.13,1
14,26.32,91.4,126.0,6.4,9.5,20.9,31.35,87.2,156.96,9.5,2.53,0.507,1.0,125.61,1
14,26.32,91.4,126.0,6.4,6.0,13.2,19.8,65.1,117.18,6.0,1.6,0.51,1.0,97.38,1
14,26.32,91.4,126.0,6.4,37.6,82.72,124.08,260.6,469.08,37.6,10.03,0.514,1.0,345.0,1
14,26.32,91.4,126.0,6.4,26.1,57.42,86.13,77.7,139.86,26.1,6.96,0.513,1.0,53.73,1
14,26.32,91.4,126.0,6.4,7.9,17.38,26.07,32.4,58.32,7.9,2.11,0.509,1.0,32.25,1
14,26.32,91.4,126.0,6.4,3.9,8.58,12.87,8.3,14.94,3.9,1.04,0.5,1.0,2.07,1
14,26.32,91.4,126.0,6.4,0.8,1.76,2.64,2.4,4.32,0.8,0.21,0.493,1.0,1.68,1
14,26.32,91.4,126.0,6.4,3.2,7.04,10.56,5.9,10.62,3.2,0.85,0.492,1.0,0.06,1
14,26.32,91.4,126.0,6.4,1.9,4.18,6.27,3.5,6.3,1.9,0.51,0.47,0.979,0.03,1
14,26.32,91.4,126.0,6.4,0.2,0.44,0.66,0.6,1.08,0.2,0.05,0.437,0.91,0.42,1
14,26.32,91.4,126.0,6.4,0.3,0.66,0.99,0.8,1.44,0.3,0.08,0.418,0.87,0.45,1
14,26.32,91.4,126.0,6.4,0.3,0.66,0.99,0.9,1.62,0.3,0.08,0.401,0.835,0.63,1
14,26.32,91.4,126.0,6.4,0.2,0.44,0.66,0.6,1.08,0.2,0.05,0.39,0.812,0.42,1
14,26.32,91.4,126.0,6.4,3.3,7.26,10.89,7.4,13.32,3.3,0.88,0.396,0.825,2.43,1
14,26.32,91.4,126.0,6.4,2.7,5.94,8.91,18.3,32.94,2.7,0.72,0.498,1.0,24.03,1
14,26.32,91.4,126.0,6.4,0.0,0.0,0.0,0.0,0.0,0.0,0.0,0.312,0.65,0.0,0
14,26.32,91.4,126.0,6.4,0.0,0.0,0.0,0.0,0.0,0.0,0.0,0.304,0.634,0.0,0
14,26.32,91.4,126.0,6.4,1.1,2.42,3.63,2.0,3.6,1.1,0.29,0.304,0.633,0.0,0
14,26.32,91.4,126.0,6.4,0.2,0.44,0.66,0.2,0.36,0.2,0.05,0.292,0.609,0.0,0
14,26.32,91.4,126.0,6.4,0.1,0.22,0.33,0.1,0.18,0.1,0.03,0.289,0.601,0.0,0
14,26.32,91.4,126.0,6.4,0.4,0.88,1.32,0.5,0.9,0.4,0.11,0.288,0.599,0.0,0
14,26.32,91.4,126.0,6.4,0.0,0.0,0.0,0.0,0.0,0.0,0.0,0.278,0.579,0.0,0
14,26.32,91.4,126.0,6.4,0.0,0.0,0.0,0.0,0.0,0.0,0.0,0.272,0.567,0.0,0
14,26.32,91.4,126.0,6.4,0.0,0.0,0.0,0.0,0.0,0.0,0.0,0.269,0.56,0.0,0
14,26.32,91.4,126.0,6.4,0.0,0.0,0.0,0.0,0.0,0.0,0.0,0.268,0.559,0.0,0
14,26.32,91.4,126.0,6.4,1.7,3.74,5.61,3.8,6.84,1.7,0.45,0.484,1.0,1.23,0
14,26.32,91.4,126.0,6.4,0.0,0.0,0.0,0.0,0.0,0.0,0.0,0.456,0.949,0.0,0
14,26.32,91.4,126.0,6.4,0.0,0.0,0.0,0.0,0.0,0.0,0.0,0.444,0.924,0.0,0
14,26.32,91.4,126.0,6.4,0.0,0.0,0.0,0.0,0.0,0.0,0.0,0.434,0.904,0.0,0
14,26.32,91.4,126.0,6.4,0.0,0.0,0.0,0.0,0.0,0.0,0.0,0.423,0.882,0.0,0
14,26.32,91.4,126.0,6.4,0.0,0.0,0.0,0.0,0.0,0.0,0.0,0.413,0.861,0.0,0
14,26.32,91.4,126.0,6.4,0.1,0.22,0.33,0.1,0.18,0.1,0.03,0.406,0.845,0.0,0
14,26.32,91.4,126.0,6.4,0.0,0.0,0.0,0.0,0.0,0.0,0.0,0.396,0.824,0.0,0
14,26.32,91.4,126.0,6.4,0.0,0.0,0.0,0.0,0.0,0.0,0.0,0.385,0.801,0.0,0
14,26.32,91.4,126.0,6.4,0.0,0.0,0.0,0.0,0.0,0.0,0.0,0.372,0.775,0.0,0
15,26.32,91.49,134.0,7.2,4.6,10.12,15.18,9.7,17.46,4.6,1.23,0.5,1.0,2.28,1
15,26.32,91.49,134.0,7.2,9.2,20.24,30.36,67.7,121.86,9.2,2.45,0.51,1.0,91.5,1
15,26.32,91.49,134.0,7.2,9.5,20.9,31.35,52.3,94.14,9.5,2.53,0.512,1.0,62.79,1
15,26.32,91.49,134.0,7.2,19.4,42.68,64.02,92.9,167.22,19.4,5.17,0.512,1.0,103.2,1
15,26.32,91.49,134.0,7.2,4.2,9.24,13.86,16.5,29.7,4.2,1.12,0.509,1.0,15.84,1
15,26.32,91.49,134.0,7.2,8.8,19.36,29.04,47.2,84.96,8.8,2.35,0.507,1.0,55.92,1
15,26.32,91.49,134.0,7.2,10.3,22.66,33.99,42.7,76.86,10.3,2.75,0.505,1.0,42.87,1
15,26.32,91.49,134.0,7.2,3.6,7.92,11.88,23.3,41.94,3.6,0.96,0.51,1.0,30.06,1
15,26.32,91.49,134.0,7.2,2.2,4.84,7.26,5.9,10.62,2.2,0.59,0.498,1.0,3.36,1
15,26.32,91.49,134.0,7.2,3.0,6.6,9.9,4.4,7.92,3.0,0.8,0.496,1.0,0.0,1
15,26.32,91.49,134.0,7.2,6.1,13.42,20.13,10.9,19.62,6.1,1.63,0.495,1.0,0.0,1
15,26.32,91.49,134.0,7.2,7.6,16.72,25.08,47.9,86.22,7.6,2.03,0.509,1.0,61.14,1
15,26.32,91.49,134.0,7.2,10.8,23.76,35.64,32.9,59.22,10.8,2.88,0.505,1.0,23.58,1
15,26.32,91.49,134.0,7.2,5.9,12.98,19.47,21.8,39.24,5.9,1.57,0.503,1.0,19.77,1
15,26.32,91.49,134.0,7.2,4.7,10.34,15.51,21.1,37.98,4.7,1.25,0.506,1.0,22.47,1
15,26.32,91.49,134.0,7.2,5.2,11.44,17.16,14.4,25.92,5.2,1.39,0.495,1.0,8.76,1
15,26.32,91.49,134.0,7.2,9.3,20.46,30.69,19.9,35.82,9.3,2.48,0.495,1.0,5.13,1
15,26.32,91.49,134.0,7.2,5.0,11.0,16.5,19.4,34.92,5.0,1.33,0.501,1.0,18.42,1
15,26.32,91.49,134.0,7.2,14.9,32.78,49.17,82.8,149.04,14.9,3.97,0.512,1.0,99.87,1
15,26.32,91.49,134.0,7.2,19.3,42.46,63.69,89.4,160.92,19.3,5.15,0.509,1.0,97.23,1
15,26.32,91.49,134.0,7.2,10.1,22.22,33.33,97.3,175.14,10.1,2.69,0.509,1.0,141.81,1
15,26.32,91.49,134.0,7.2,9.0,19.8,29.7,96.1,172.98,9.0,2.4,0.512,1.0,143.28,1
15,26.32,91.49,134.0,7.2,10.0,22.0,33.0,37.4,67.32,10.0,2.67,0.508,1.0,34.32,1
15,26.32,91.49,134.0,7.2,6.8,14.96,22.44,43.5,78.3,6.8,1.81,0.509,1.0,55.86,1
15,26.32,91.49,134.0,7.2,4.4,9.68,14.52,21.5,38.7,4.4,1.17,0.5,1.0,24.18,1
15,26.32,91.49,134.0,7.2,1.3,2.86,4.29,3.8,6.84,1.3,0.35,0.49,1.0,2.55,1
15,26.32,91.49,134.0,7.2,1.0,2.2,3.3,2.7,4.86,1.0,0.27,0.478,0.995,1.56,1
15,26.32,91.49,134.0,7.2,7.3,16.06,24.09,20.1,36.18,7.3,1.95,0.487,1.0,12.09,1
15,26.32,91.49,134.0,7.2,9.6,21.12,31.68,76.1,136.98,9.6,2.56,0.51,1.0,105.3,1
15,26.32,91.49,134.0,7.2,4.9,10.78,16.17,53.0,95.4,4.9,1.31,0.506,1.0,79.23,1
15,26.32,91.49,134.0,7.2,38.5,84.7,127.05,257.3,463.14,38.5,10.27,0.514,1.0,336.09,1
15,26.32,91.49,134.0,7.2,19.7,43.34,65.01,83.9,151.02,19.7,5.25,0.512,1.0,86.01,1
15,26.32,91.49,134.0,7.2,4.8,10.56,15.84,31.4,56.52,4.8,1.28,0.51,1.0,40.68,1
15,26.32,91.49,134.0,7.2,11.2,24.64,36.96,22.7,40.86,11.2,2.99,0.501,1.0,3.9,1
15,26.32,91.49,134.0,7.2,3.7,8.14,12.21,6.8,12.24,3.7,0.99,0.496,1.0,0.03,1
15,26.32,91.49,134.0,7.2,4.3,9.46,14.19,5.8,10.44,4.3,1.15,0.487,1.0,0.0,1
15,26.32,91.49,134.0,7.2,2.0,4.4,6.6,3.3,5.94,2.0,0.53,0.467,0.972,0.0,1
15,26.32,91.49,134.0,7.2,0.5,1.1,1.65,0.8,1.44,0.5,0.13,0.437,0.911,0.0,1
15,26.32,91.49,134.0,7.2,1.8,3.96,5.94,2.9,5.22,1.8,0.48,0.424,0.884,0.0,1
15,26.32,91.49,134.0,7.2,2.5,5.5,8.25,3.9,7.02,2.5,0.67,0.41,0.855,0.0,1
15,26.32,91.49,134.0,7.2,1.2,2.64,3.96,2.5,4.5,1.2,0.32,0.398,0.829,0.54,1
15,26.32,91.49,134.0,7.2,2.0,4.4,6.6,6.5,11.7,2.0,0.53,0.399,0.83,5.1,1
15,26.32,91.49,134.0,7.2,2.3,5.06,7.59,16.1,28.98,2.3,0.61,0.495,1.0,21.39,1
15,26.32,91.49,134.0,7.2,0.0,0.0,0.0,0.0,0.0,0.0,0.0,0.319,0.665,0.0,0
15,26.32,91.49,134.0,7.2,0.0,0.0,0.0,0.0,0.0,0.0,0.0,0.31,0.646,0.0,0
15,26.32,91.49,134.0,7.2,0.4,0.88,1.32,0.6,1.08,0.4,0.11,0.309,0.644,0.0,0
15,26.32,91.49,134.0,7.2,0.0,0.0,0.0,0.0,0.0,0.0,0.0,0.3,0.625,0.0,0
15,26.32,91.49,134.0,7.2,0.0,0.0,0.0,0.0,0.0,0.0,0.0,0.295,0.614,0.0,0
15,26.32,91.49,134.0,7.2,0.4,0.88,1.32,0.7,1.26,0.4,0.11,0.293,0.61,0.0,0
15,26.32,91.49,134.0,7.2,0.0,0.0,0.0,0.0,0.0,0.0,0.0,0.289,0.602,0.0,0
15,26.32,91.49,134.0,7.2,0.0,0.0,0.0,0.0,0.0,0.0,0.0,0.282,0.587,0.0,0
15,26.32,91.49,134.0,7.2,0.0,0.0,0.0,0.0,0.0,0.0,0.0,0.278,0.58,0.0,0
15,26.32,91.49,134.0,7.2,0.0,0.0,0.0,0.0,0.0,0.0,0.0,0.278,0.579,0.0,0
15,26.32,91.49,134.0,7.2,1.3,2.86,4.29,2.8,5.04,1.3,0.35,0.481,1.0,0.75,0
15,26.32,91.49,134.0,7.2,0.0,0.0,0.0,0.0,0.0,0.0,0.0,0.454,0.947,0.0,0
15,26.32,91.49,134.0,7.2,0.0,0.0,0.0,0.0,0.0,0.0,0.0,0.442,0.92,0.0,0
15,26.32,91.49,134.0,7.2,0.0,0.0,0.0,0.0,0.0,0.0,0.0,0.432,0.901,0.0,0
15,26.32,91.49,134.0,7.2,1.3,2.86,4.29,1.3,2.34,1.3,0.35,0.425,0.886,0.0,0
15,26.32,91.49,134.0,7.2,0.1,0.22,0.33,0.1,0.18,0.1,0.03,0.412,0.858,0.0,0
15,26.32,91.49,134.0,7.2,0.1,0.22,0.33,0.2,0.36,0.1,0.03,0.405,0.843,0.03,0
15,26.32,91.49,134.0,7.2,0.0,0.0,0.0,0.0,0.0,0.0,0.0,0.396,0.824,0.0,0
15,26.32,91.49,134.0,7.2,0.0,0.0,0.0,0.0,0.0,0.0,0.0,0.385,0.802,0.0,0
15,26.32,91.49,134.0,7.2,0.0,0.0,0.0,0.0,0.0,0.0,0.0,0.373,0.777,0.0,0
16,26.32,91.58,142.0,8.0,3.4,7.48,11.22,13.9,25.02,3.4,0.91,0.504,1.0,13.8,1
16,26.32,91.58,142.0,8.0,7.2,15.84,23.76,62.2,111.96,7.2,1.92,0.511,1.0,88.2,1
16,26.32,91.58,142.0,8.0,5.6,12.32,18.48,38.1,68.58,5.6,1.49,0.51,1.0,50.1,1
16,26.32,91.58,142.0,8.0,14.8,32.56,48.84,77.2,138.96,14.8,3.95,0.511,1.0,90.12,1
16,26.32,91.58,142.0,8.0,3.2,7.04,10.56,18.2,32.76,3.2,0.85,0.506,1.0,22.2,1
16,26.32,91.58,142.0,8.0,10.4,22.88,34.32,50.3,90.54,10.4,2.77,0.509,1.0,56.22,1
16,26.32,91.58,142.0,8.0,8.1,17.82,26.73,36.4,65.52,8.1,2.16,0.506,1.0,38.79,1
16,26.32,91.58,142.0,8.0,3.4,7.48,11.22,13.9,25.02,3.4,0.91,0.507,1.0,13.8,1
16,26.32,91.58,142.0,8.0,2.2,4.84,7.26,7.3,13.14,2.2,0.59,0.498,1.0,5.88,1
16,26.32,91.58,142.0,8.0,3.7,8.14,12.21,8.5,15.3,3.7,0.99,0.494,1.0,3.09,1
16,26.32,91.58,142.0,8.0,4.4,9.68,14.52,7.9,14.22,4.4,1.17,0.494,1.0,0.0,1
16,26.32,91.58,142.0,8.0,9.5,20.9,31.35,50.2,90.36,9.5,2.53,0.505,1.0,59.01,1
16,26.32,91.58,142.0,8.0,12.3,27.06,40.59,34.2,61.56,12.3,3.28,0.505,1.0,20.97,1
16,26.32,91.58,142.0,8.0,6.1,13.42,20.13,19.7,35.46,6.1,1.63,0.502,1.0,15.33,1
16,26.32,91.58,142.0,8.0,3.5,7.7,11.55,17.3,31.14,3.5,0.93,0.505,1.0,19.59,1
16,26.32,91.58,142.0,8.0,5.6,12.32,18.48,13.4,24.12,5.6,1.49,0.489,1.0,5.64,1
16,26.32,91.58,142.0,8.0,7.0,15.4,23.1,16.9,30.42,7.0,1.87,0.502,1.0,7.32,1
16,26.32,91.58,142.0,8.0,5.5,12.1,18.15,18.1,32.58,5.5,1.47,0.499,1.0,14.43,1
16,26.32,91.58,142.0,8.0,13.7,30.14,45.21,64.6,116.28,13.7,3.65,0.511,1.0,71.07,1
16,26.32,91.58,142.0,8.0,21.3,46.86,70.29,88.3,158.94,21.3,5.68,0.511,1.0,88.65,1
16,26.32,91.58,142.0,8.0,9.8,21.56,32.34,94.8,170.64,9.8,2.61,0.512,1.0,138.3,1
16,26.32,91.58,142.0,8.0,9.4,20.68,31.02,77.6,139.68,9.4,2.51,0.51,1.0,108.66,1
16,26.32,91.58,142.0,8.0,6.8,14.96,22.44,33.6,60.48,6.8,1.81,0.509,1.0,38.04,1
16,26.32,91.58,142.0,8.0,10.2,22.44,33.66,40.4,72.72,10.2,2.72,0.505,1.0,39.06,1
16,26.32,91.58,142.0,8.0,5.2,11.44,17.16,22.5,40.5,5.2,1.39,0.505,1.0,23.34,1
16,26.32,91.58,142.0,8.0,1.4,3.08,4.62,5.6,10.08,1.4,0.37,0.502,1.0,5.46,1
16,26.32,91.58,142.0,8.0,0.7,1.54,2.31,3.3,5.94,0.7,0.19,0.485,1.0,3.63,1
16,26.32,91.58,142.0,8.0,7.4,16.28,24.42,25.7,46.26,7.4,1.97,0.486,1.0,21.84,1
16,26.32,91.58,142.0,8.0,7.6,16.72,25.08,69.4,124.92,7.6,2.03,0.511,1.0,99.84,1
16,26.32,91.58,142.0,8.0,6.0,13.2,19.8,53.3,95.94,6.0,1.6,0.508,1.0,76.14,1
16,26.32,91.58,142.0,8.0,38.6,84.92,127.38,237.9,428.22,38.6,10.29,0.514,1.0,300.84,1
16,26.32,91.58,142.0,8.0,28.6,62.92,94.38,107.4,193.32,28.6,7.63,0.513,1.0,98.94,1
16,26.32,91.58,142.0,8.0,3.4,7.48,11.22,24.8,44.64,3.4,0.91,0.509,1.0,33.42,1
16,26.32,91.58,142.0,8.0,16.3,35.86,53.79,26.1,46.98,16.3,4.35,0.499,1.0,0.0,1
16,26.32,91.58,142.0,8.0,3.7,8.14,12.21,6.7,12.06,3.7,0.99,0.499,1.0,0.0,1
16,26.32,91.58,142.0,8.0,3.6,7.92,11.88,4.8,8.64,3.6,0.96,0.485,1.0,0.0,1
16,26.32,91.58,142.0,8.0,1.3,2.86,4.29,5.0,9.0,1.3,0.35,0.473,0.985,4.71,1
16,26.32,91.58,142.0,8.0,0.7,1.54,2.31,1.0,1.8,0.7,0.19,0.437,0.909,0.0,1
16,26.32,91.58,142.0,8.0,1.0,2.2,3.3,3.6,6.48,1.0,0.27,0.424,0.883,3.18,1
16,26.32,91.58,142.0,8.0,0.3,0.66,0.99,1.2,2.16,0.3,0.08,0.46,0.958,1.17,1
16,26.32,91.58,142.0,8.0,0.9,1.98,2.97,1.8,3.24,0.9,0.24,0.441,0.92,0.27,1
16,26.32,91.58,142.0,8.0,1.9,4.18,6.27,6.6,11.88,1.9,0.51,0.442,0.92,5.61,1
16,26.32,91.58,142.0,8.0,2.9,6.38,9.57,16.6,29.88,2.9,0.77,0.495,1.0,20.31,1
16,26.32,91.58,142.0,8.0,0.0,0.0,0.0,0.0,0.0,0.0,0.0,0.324,0.676,0.0,0
16,26.32,91.58,142.0,8.0,0.0,0.0,0.0,0.0,0.0,0.0,0.0,0.315,0.656,0.0,0
16,26.32,91.58,142.0,8.0,0.2,0.44,0.66,0.4,0.72,0.2,0.05,0.323,0.672,0.06,0
16,26.32,91.58,142.0,8.0,0.0,0.0,0.0,0.0,0.0,0.0,0.0,0.312,0.649,0.0,0
16,26.32,91.58,142.0,8.0,0.1,0.22,0.33,0.2,0.36,0.1,0.03,0.305,0.636,0.03,0
16,26.32,91.58,142.0,8.0,2.4,5.28,7.92,3.8,6.84,2.4,0.64,0.323,0.673,0.0,0
16,26.32,91.58,142.0,8.0,0.0,0.0,0.0,0.0,0.0,0.0,0.0,0.297,0.618,0.0,0
16,26.32,91.58,142.0,8.0,0.0,0.0,0.0,0.0,0.0,0.0,0.0,0.289,0.602,0.0,0
16,26.32,91.58,142.0,8.0,0.0,0.0,0.0,0.0,0.0,0.0,0.0,0.284,0.592,0.0,0
16,26.32,91.58,142.0,8.0,0.0,0.0,0.0,0.0,0.0,0.0,0.0,0.283,0.589,0.0,0
16,26.32,91.58,142.0,8.0,0.7,1.54,2.31,1.4,2.52,0.7,0.19,0.476,0.991,0.21,0
16,26.32,91.58,142.0,8.0,0.0,0.0,0.0,0.0,0.0,0.0,0.0,0.455,0.947,0.0,0
16,26.32,91.58,142.0,8.0,0.0,0.0,0.0,0.0,0.0,0.0,0.0,0.442,0.921,0.0,0
16,26.32,91.58,142.0,8.0,0.0,0.0,0.0,0.0,0.0,0.0,0.0,0.433,0.903,0.0,0
16,26.32,91.58,142.0,8.0,0.0,0.0,0.0,0.0,0.0,0.0,0.0,0.422,0.88,0.0,0
16,26.32,91.58,142.0,8.0,0.2,0.44,0.66,0.4,0.72,0.2,0.05,0.413,0.86,0.06,0
16,26.32,91.58,142.0,8.0,0.2,0.44,0.66,0.4,0.72,0.2,0.05,0.405,0.844,0.06,0
16,26.32,91.58,142.0,8.0,0.0,0.0,0.0,0.0,0.0,0.0,0.0,0.396,0.825,0.0,0
16,26.32,91.58,142.0,8.0,0.0,0.0,0.0,0.0,0.0,0.0,0.0,0.385,0.802,0.0,0
16,26.32,91.58,142.0,8.0,0.0,0.0,0.0,0.0,0.0,0.0,0.0,0.374,0.778,0.0,0
17,26.32,91.67,150.0,8.8,6.7,14.74,22.11,17.3,31.14,6.7,1.79,0.505,1.0,9.03,1
17,26.32,91.67,150.0,8.8,11.1,24.42,36.63,66.9,120.42,11.1,2.96,0.513,1.0,83.79,1
17,26.32,91.67,150.0,8.8,7.9,17.38,26.07,47.6,85.68,7.9,2.11,0.509,1.0,59.61,1
17,26.32,91.67,150.0,8.8,9.9,21.78,32.67,74.9,134.82,9.9,2.64,0.51,1.0,102.15,1
17,26.32,91.67,150.0,8.8,5.4,11.88,17.82,25.3,45.54,5.4,1.44,0.503,1.0,27.72,1
17,26.32,91.67,150.0,8.8,7.4,16.28,24.42,44.5,80.1,7.4,1.97,0.506,1.0,55.68,1
17,26.32,91.67,150.0,8.8,7.8,17.16,25.74,38.7,69.66,7.8,2.08,0.505,1.0,43.92,1
17,26.32,91.67,150.0,8.8,2.0,4.4,6.6,9.2,16.56,2.0,0.53,0.506,1.0,9.96,1
17,26.32,91.67,150.0,8.8,4.0,8.8,13.2,10.2,18.36,4.0,1.07,0.495,1.0,5.16,1
17,26.32,91.67,150.0,8.8,3.3,7.26,10.89,7.7,13.86,3.3,0.88,0.491,1.0,2.97,1
17,26.32,91.67,150.0,8.8,5.3,11.66,17.49,9.6,17.28,5.3,1.41,0.49,1.0,0.0,1
17,26.32,91.67,150.0,8.8,7.5,16.5,24.75,40.5,72.9,7.5,2.0,0.508,1.0,48.15,1
17,26.32,91.67,150.0,8.8,11.0,24.2,36.3,35.1,63.18,11.0,2.93,0.501,1.0,26.88,1
17,26.32,91.67,150.0,8.8,5.7,12.54,18.81,19.0,34.2,5.7,1.52,0.502,1.0,15.39,1
17,26.32,91.67,150.0,8.8,4.0,8.8,13.2,13.9,25.02,4.0,1.07,0.502,1.0,11.82,1
17,26.32,91.67,150.0,8.8,4.8,10.56,15.84,13.1,23.58,4.8,1.28,0.486,1.0,7.74,1
17,26.32,91.67,150.0,8.8,8.2,18.04,27.06,17.3,31.14,8.2,2.19,0.499,1.0,4.08,1
17,26.32,91.67,150.0,8.8,4.8,10.56,15.84,19.3,34.74,4.8,1.28,0.502,1.0,18.9,1
17,26.32,91.67,150.0,8.8,13.7,30.14,45.21,59.2,106.56,13.7,3.65,0.51,1.0,61.35,1
17,26.32,91.67,150.0,8.8,20.9,45.98,68.97,77.3,139.14,20.9,5.57,0.509,1.0,70.17,1
17,26.32,91.67,150.0,8.8,21.5,47.3,70.95,127.8,230.04,21.5,5.73,0.513,1.0,159.09,1
17,26.32,91.67,150.0,8.8,8.8,19.36,29.04,69.8,125.64,8.8,2.35,0.511,1.0,96.6,1
17,26.32,91.67,150.0,8.8,9.0,19.8,29.7,33.3,59.94,9.0,2.4,0.51,1.0,30.24,1
17,26.32,91.67,150.0,8.8,6.8,14.96,22.44,33.2,59.76,6.8,1.81,0.505,1.0,37.32,1
17,26.32,91.67,150.0,8.8,4.7,10.34,15.51,25.2,45.36,4.7,1.25,0.506,1.0,29.85,1
17,26.32,91.67,150.0,8.8,2.3,5.06,7.59,8.8,15.84,2.3,0.61,0.503,1.0,8.25,1
17,26.32,91.67,150.0,8.8,0.4,0.88,1.32,2.4,4.32,0.4,0.11,0.482,1.0,3.0,1
17,26.32,91.67,150.0,8.8,14.9,32.78,49.17,38.5,69.3,14.9,3.97,0.497,1.0,20.13,1
17,26.32,91.67,150.0,8.8,6.9,15.18,22.77,61.2,110.16,6.9,1.84,0.511,1.0,87.39,1
17,26.32,91.67,150.0,8.8,5.4,11.88,17.82,52.7,94.86,5.4,1.44,0.508,1.0,77.04,1
17,26.32,91.67,150.0,8.8,34.0,74.8,112.2,216.5,389.7,34.0,9.07,0.512,1.0,277.5,1
17,26.32,91.67,150.0,8.8,35.9,78.98,118.47,125.6,226.08,35.9,9.57,0.512,1.0,107.61,1
17,26.32,91.67,150.0,8.8,5.2,11.44,17.16,32.7,58.86,5.2,1.39,0.508,1.0,41.7,1
17,26.32,91.67,150.0,8.8,8.3,18.26,27.39,17.7,31.86,8.3,2.21,0.502,1.0,4.47,1
17,26.32,91.67,150.0,8.8,3.0,6.6,9.9,5.2,9.36,3.0,0.8,0.498,1.0,0.0,1
17,26.32,91.67,150.0,8.8,1.2,2.64,3.96,2.2,3.96,1.2,0.32,0.482,1.0,0.0,1
17,26.32,91.67,150.0,8.8,1.2,2.64,3.96,3.5,6.3,1.2,0.32,0.464,0.966,2.34,1
17,26.32,91.67,150.0,8.8,0.9,1.98,2.97,1.2,2.16,0.9,0.24,0.433,0.902,0.0,1
17,26.32,91.67,150.0,8.8,0.6,1.32,1.98,1.7,3.06,0.6,0.16,0.427,0.89,1.08,1
17,26.32,91.67,150.0,8.8,0.2,0.44,0.66,0.7,1.26,0.2,0.05,0.45,0.938,0.6,1
17,26.32,91.67,150.0,8.8,0.6,1.32,1.98,1.6,2.88,0.6,0.16,0.437,0.91,0.9,1
17,26.32,91.67,150.0,8.8,1.9,4.18,6.27,8.1,14.58,1.9,0.51,0.442,0.92,8.31,1
17,26.32,91.67,150.0,8.8,2.4,5.28,7.92,14.5,26.1,2.4,0.64,0.492,1.0,18.18,1
17,26.32,91.67,150.0,8.8,0.0,0.0,0.0,0.0,0.0,0.0,0.0,0.318,0.663,0.0,0
17,26.32,91.67,150.0,8.8,0.0,0.0,0.0,0.0,0.0,0.0,0.0,0.308,0.641,0.0,0
17,26.32,91.67,150.0,8.8,0.4,0.88,1.32,0.7,1.26,0.4,0.11,0.304,0.632,0.0,0
17,26.32,91.67,150.0,8.8,0.0,0.0,0.0,0.0,0.0,0.0,0.0,0.293,0.611,0.0,0
17,26.32,91.67,150.0,8.8,0.6,1.32,1.98,0.7,1.26,0.6,0.16,0.29,0.604,0.0,0
17,26.32,91.67,150.0,8.8,4.7,10.34,15.51,4.8,8.64,4.7,1.25,0.311,0.648,0.0,0
17,26.32,91.67,150.0,8.8,0.0,0.0,0.0,0.0,0.0,0.0,0.0,0.28,0.583,0.0,0
17,26.32,91.67,150.0,8.8,0.0,0.0,0.0,0.0,0.0,0.0,0.0,0.274,0.57,0.0,0
17,26.32,91.67,150.0,8.8,0.0,0.0,0.0,0.0,0.0,0.0,0.0,0.269,0.561,0.0,0
17,26.32,91.67,150.0,8.8,0.0,0.0,0.0,0.0,0.0,0.0,0.0,0.268,0.558,0.0,0
17,26.32,91.67,150.0,8.8,0.2,0.44,0.66,0.7,1.26,0.2,0.05,0.464,0.967,0.6,0
17,26.32,91.67,150.0,8.8,0.0,0.0,0.0,0.0,0.0,0.0,0.0,0.445,0.927,0.0,0
17,26.32,91.67,150.0,8.8,0.0,0.0,0.0,0.0,0.0,0.0,0.0,0.429,0.895,0.0,0
17,26.32,91.67,150.0,8.8,0.0,0.0,0.0,0.0,0.0,0.0,0.0,0.418,0.871,0.0,0
17,26.32,91.67,150.0,8.8,0.0,0.0,0.0,0.0,0.0,0.0,0.0,0.407,0.847,0.0,0
17,26.32,91.67,150.0,8.8,0.6,1.32,1.98,0.9,1.62,0.6,0.16,0.398,0.829,0.0,0
17,26.32,91.67,150.0,8.8,0.1,0.22,0.33,0.2,0.36,0.1,0.03,0.384,0.799,0.03,0
17,26.32,91.67,150.0,8.8,0.0,0.0,0.0,0.0,0.0,0.0,0.0,0.372,0.776,0.0,0
17,26.32,91.67,150.0,8.8,0.0,0.0,0.0,0.0,0.0,0.0,0.0,0.361,0.753,0.0,0
17,26.32,91.67,150.0,8.8,0.0,0.0,0.0,0.0,0.0,0.0,0.0,0.349,0.727,0.0,0
18,26.32,91.76,158.0,9.600000000000001,6.5,14.3,21.45,29.7,53.46,6.5,1.73,0.503,1.0,32.01,1
18,26.32,91.76,158.0,9.600000000000001,17.6,38.72,58.08,71.5,128.7,17.6,4.69,0.511,1.0,70.62,1
18,26.32,91.76,158.0,9.600000000000001,12.2,26.84,40.26,57.8,104.04,12.2,3.25,0.51,1.0,63.78,1
18,26.32,91.76,158.0,9.600000000000001,9.8,21.56,32.34,66.7,120.06,9.8,2.61,0.511,1.0,87.72,1
18,26.32,91.76,158.0,9.600000000000001,2.2,4.84,7.26,14.3,25.74,2.2,0.59,0.504,1.0,18.48,1
18,26.32,91.76,158.0,9.600000000000001,10.3,22.66,33.99,46.2,83.16,10.3,2.75,0.505,1.0,49.17,1
18,26.32,91.76,158.0,9.600000000000001,6.7,14.74,22.11,30.2,54.36,6.7,1.79,0.504,1.0,32.25,1
18,26.32,91.76,158.0,9.600000000000001,3.8,8.36,12.54,12.8,23.04,3.8,1.01,0.504,1.0,10.5,1
18,26.32,91.76,158.0,9.600000000000001,5.7,12.54,18.81,10.1,18.18,5.7,1.52,0.498,1.0,0.0,1
18,26.32,91.76,158.0,9.600000000000001,3.9,8.58,12.87,8.3,14.94,3.9,1.04,0.491,1.0,2.07,1
18,26.32,91.76,158.0,9.600000000000001,6.2,13.64,20.46,17.9,32.22,6.2,1.65,0.496,1.0,11.76,1
18,26.32,91.76,158.0,9.600000000000001,6.7,14.74,22.11,33.7,60.66,6.7,1.79,0.51,1.0,38.55,1
18,26.32,91.76,158.0,9.600000000000001,18.5,40.7,61.05,35.7,64.26,18.5,4.93,0.501,1.0,3.21,1
18,26.32,91.76,158.0,9.600000000000001,9.5,20.9,31.35,26.6,47.88,9.5,2.53,0.498,1.0,16.53,1
18,26.32,91.76,158.0,9.600000000000001,2.0,4.4,6.6,10.2,18.36,2.0,0.53,0.506,1.0,11.76,1
18,26.32,91.76,158.0,9.600000000000001,2.9,6.38,9.57,10.4,18.72,2.9,0.77,0.497,1.0,9.15,1
18,26.32,91.76,158.0,9.600000000000001,8.2,18.04,27.06,16.5,29.7,8.2,2.19,0.499,1.0,2.64,1
18,26.32,91.76,158.0,9.600000000000001,3.9,8.58,12.87,17.3,31.14,3.9,1.04,0.498,1.0,18.27,1
18,26.32,91.76,158.0,9.600000000000001,10.6,23.32,34.98,42.4,76.32,10.6,2.83,0.509,1.0,41.34,1
18,26.32,91.76,158.0,9.600000000000001,18.2,40.04,60.06,72.2,129.96,18.2,4.85,0.51,1.0,69.9,1
18,26.32,91.76,158.0,9.600000000000001,10.6,23.32,34.98,96.0,172.8,10.6,2.83,0.513,1.0,137.82,1
18,26.32,91.76,158.0,9.600000000000001,9.2,20.24,30.36,57.1,102.78,9.2,2.45,0.513,1.0,72.42,1
18,26.32,91.76,158.0,9.600000000000001,9.0,19.8,29.7,29.8,53.64,9.0,2.4,0.509,1.0,23.94,1
18,26.32,91.76,158.0,9.600000000000001,7.5,16.5,24.75,27.7,49.86,7.5,2.0,0.509,1.0,25.11,1
18,26.32,91.76,158.0,9.600000000000001,6.0,13.2,19.8,25.1,45.18,6.0,1.6,0.505,1.0,25.38,1
18,26.32,91.76,158.0,9.600000000000001,3.0,6.6,9.9,10.1,18.18,3.0,0.8,0.499,1.0,8.28,1
18,26.32,91.76,158.0,9.600000000000001,2.3,5.06,7.59,5.2,9.36,2.3,0.61,0.488,1.0,1.77,1
18,26.32,91.76,158.0,9.600000000000001,6.5,14.3,21.45,21.3,38.34,6.5,1.73,0.502,1.0,16.89,1
18,26.32,91.76,158.0,9.600000000000001,8.0,17.6,26.4,56.3,101.34,8.0,2.13,0.51,1.0,74.94,1
18,26.32,91.76,158.0,9.600000000000001,5.2,11.44,17.16,54.3,97.74,5.2,1.39,0.51,1.0,80.58,1
18,26.32,91.76,158.0,9.600000000000001,29.8,65.56,98.34,182.9,329.22,29.8,7.95,0.512,1.0,230.88,1
18,26.32,91.76,158.0,9.600000000000001,26.4,58.08,87.12,136.2,245.16,26.4,7.04,0.513,1.0,158.04,1
18,26.32,91.76,158.0,9.600000000000001,6.2,13.64,20.46,38.8,69.84,6.2,1.65,0.508,1.0,49.38,1
18,26.32,91.76,158.0,9.600000000000001,2.9,6.38,9.57,9.8,17.64,2.9,0.77,0.504,1.0,8.07,1
18,26.32,91.76,158.0,9.600000000000001,2.0,4.4,6.6,6.9,12.42,2.0,0.53,0.502,1.0,5.82,1
18,26.32,91.76,158.0,9.600000000000001,0.5,1.1,1.65,3.0,5.4,0.5,0.13,0.486,1.0,3.75,1
18,26.32,91.76,158.0,9.600000000000001,0.9,1.98,2.97,3.2,5.76,0.9,0.24,0.468,0.974,2.79,1
18,26.32,91.76,158.0,9.600000000000001,0.5,1.1,1.65,1.6,2.88,0.5,0.13,0.436,0.908,1.23,1
18,26.32,91.76,158.0,9.600000000000001,4.9,10.78,16.17,9.7,17.46,4.9,1.31,0.438,0.913,1.29,1
18,26.32,91.76,158.0,9.600000000000001,0.1,0.22,0.33,0.4,0.72,0.1,0.03,0.425,0.885,0.39,1
18,26.32,91.76,158.0,9.600000000000001,0.4,0.88,1.32,1.1,1.98,0.4,0.11,0.427,0.889,0.66,1
18,26.32,91.76,158.0,9.600000000000001,1.0,2.2,3.3,6.0,10.8,1.0,0.27,0.437,0.911,7.5,1
18,26.32,91.76,158.0,9.600000000000001,2.8,6.16,9.24,12.5,22.5,2.8,0.75,0.494,1.0,13.26,1
18,26.32,91.76,158.0,9.600000000000001,0.0,0.0,0.0,0.0,0.0,0.0,0.0,0.309,0.645,0.0,0
18,26.32,91.76,158.0,9.600000000000001,0.3,0.66,0.99,0.3,0.54,0.3,0.08,0.297,0.619,0.0,0
18,26.32,91.76,158.0,9.600000000000001,0.4,0.88,1.32,0.9,1.62,0.4,0.11,0.29,0.605,0.3,0
18,26.32,91.76,158.0,9.600000000000001,0.0,0.0,0.0,0.0,0.0,0.0,0.0,0.279,0.581,0.0,0
18,26.32,91.76,158.0,9.600000000000001,0.3,0.66,0.99,0.6,1.08,0.3,0.08,0.275,0.574,0.09,0
18,26.32,91.76,158.0,9.600000000000001,7.8,17.16,25.74,8.2,14.76,7.8,2.08,0.312,0.65,0.0,0
18,26.32,91.76,158.0,9.600000000000001,0.0,0.0,0.0,0.0,0.0,0.0,0.0,0.269,0.561,0.0,0
18,26.32,91.76,158.0,9.600000000000001,0.0,0.0,0.0,0.0,0.0,0.0,0.0,0.262,0.546,0.0,0
18,26.32,91.76,158.0,9.600000000000001,0.0,0.0,0.0,0.0,0.0,0.0,0.0,0.256,0.533,0.0,0
18,26.32,91.76,158.0,9.600000000000001,0.0,0.0,0.0,0.0,0.0,0.0,0.0,0.253,0.526,0.0,0
18,26.32,91.76,158.0,9.600000000000001,0.1,0.22,0.33,0.3,0.54,0.1,0.03,0.469,0.977,0.21,0
18,26.32,91.76,158.0,9.600000000000001,0.0,0.0,0.0,0.0,0.0,0.0,0.0,0.448,0.934,0.0,0
18,26.32,91.76,158.0,9.600000000000001,0.0,0.0,0.0,0.0,0.0,0.0,0.0,0.431,0.898,0.0,0
18,26.32,91.76,158.0,9.600000000000001,0.0,0.0,0.0,0.0,0.0,0.0,0.0,0.418,0.871,0.0,0
18,26.32,91.76,158.0,9.600000000000001,1.4,3.08,4.62,1.4,2.52,1.4,0.37,0.411,0.857,0.0,0
18,26.32,91.76,158.0,9.600000000000001,0.6,1.32,1.98,0.9,1.62,0.6,0.16,0.4,0.832,0.0,0
18,26.32,91.76,158.0,9.600000000000001,0.2,0.44,0.66,0.2,0.36,0.2,0.05,0.384,0.801,0.0,0
18,26.32,91.76,158.0,9.600000000000001,0.0,0.0,0.0,0.0,0.0,0.0,0.0,0.372,0.775,0.0,0
18,26.32,91.76,158.0,9.600000000000001,0.0,0.0,0.0,0.0,0.0,0.0,0.0,0.36,0.751,0.0,0
18,26.32,91.76,158.0,9.600000000000001,0.0,0.0,0.0,0.0,0.0,0.0,0.0,0.347,0.722,0.0,0
19,26.32,91.85,166.0,10.4,8.1,17.82,26.73,40.4,72.72,8.1,2.16,0.507,1.0,45.99,1
19,26.32,91.85,166.0,10.4,15.2,33.44,50.16,65.7,118.26,15.2,4.05,0.511,1.0,68.1,1
19,26.32,91.85,166.0,10.4,12.5,27.5,41.25,67.1,120.78,12.5,3.33,0.508,1.0,79.53,1
19,26.32,91.85,166.0,10.4,11.0,24.2,36.3,61.8,111.24,11.0,2.93,0.513,1.0,74.94,1
19,26.32,91.85,166.0,10.4,1.8,3.96,5.94,8.1,14.58,1.8,0.48,0.503,1.0,8.64,1
19,26.32,91.85,166.0,10.4,17.3,38.06,57.09,41.6,74.88,17.3,4.61,0.505,1.0,17.79,1
19,26.32,91.85,166.0,10.4,6.3,13.86,20.79,28.6,51.48,6.3,1.68,0.507,1.0,30.69,1
19,26.32,91.85,166.0,10.4,9.2,20.24,30.36,22.0,39.6,9.2,2.45,0.504,1.0,9.24,1
19,26.32,91.85,166.0,10.4,8.1,17.82,26.73,17.0,30.6,8.1,2.16,0.499,1.0,3.87,1
19,26.32,91.85,166.0,10.4,0.6,1.32,1.98,2.3,4.14,0.6,0.16,0.487,1.0,2.16,1
19,26.32,91.85,166.0,10.4,7.4,16.28,24.42,17.4,31.32,7.4,1.97,0.497,1.0,6.9,1
19,26.32,91.85,166.0,10.4,5.1,11.22,16.83,34.7,62.46,5.1,1.36,0.509,1.0,45.63,1
19,26.32,91.85,166.0,10.4,21.8,47.96,71.94,34.9,62.82,21.8,5.81,0.497,1.0,0.0,1
19,26.32,91.85,166.0,10.4,6.7,14.74,22.11,30.4,54.72,6.7,1.79,0.499,1.0,32.61,1
19,26.32,91.85,166.0,10.4,2.0,4.4,6.6,9.0,16.2,2.0,0.53,0.503,1.0,9.6,1
19,26.32,91.85,166.0,10.4,4.0,8.8,13.2,10.9,19.62,4.0,1.07,0.499,1.0,6.42,1
19,26.32,91.85,166.0,10.4,7.4,16.28,24.42,16.5,29.7,7.4,1.97,0.499,1.0,5.28,1
19,26.32,91.85,166.0,10.4,3.7,8.14,12.21,17.6,31.68,3.7,0.99,0.502,1.0,19.47,1
19,26.32,91.85,166.0,10.4,7.8,17.16,25.74,43.5,78.3,7.8,2.08,0.507,1.0,52.56,1
19,26.32,91.85,166.0,10.4,14.6,32.12,48.18,70.7,127.26,14.6,3.89,0.509,1.0,79.08,1
19,26.32,91.85,166.0,10.4,10.8,23.76,35.64,82.7,148.86,10.8,2.88,0.51,1.0,113.22,1
19,26.32,91.85,166.0,10.4,5.3,11.66,17.49,39.4,70.92,5.3,1.41,0.512,1.0,53.43,1
19,26.32,91.85,166.0,10.4,7.4,16.28,24.42,26.9,48.42,7.4,1.97,0.511,1.0,24.0,1
19,26.32,91.85,166.0,10.4,6.0,13.2,19.8,26.7,48.06,6.0,1.6,0.507,1.0,28.26,1
19,26.32,91.85,166.0,10.4,5.5,12.1,18.15,24.7,44.46,5.5,1.47,0.502,1.0,26.31,1
19,26.32,91.85,166.0,10.4,4.6,10.12,15.18,13.9,25.02,4.6,1.23,0.502,1.0,9.84,1
19,26.32,91.85,166.0,10.4,3.2,7.04,10.56,9.0,16.2,3.2,0.85,0.491,1.0,5.64,1
19,26.32,91.85,166.0,10.4,4.6,10.12,15.18,10.9,19.62,4.6,1.23,0.503,1.0,4.44,1
19,26.32,91.85,166.0,10.4,9.0,19.8,29.7,56.6,101.88,9.0,2.4,0.509,1.0,72.18,1
19,26.32,91.85,166.0,10.4,7.4,16.28,24.42,53.5,96.3,7.4,1.97,0.51,1.0,71.88,1
19,26.32,91.85,166.0,10.4,36.6,80.52,120.78,155.6,280.08,36.6,9.76,0.51,1.0,159.3,1
19,26.32,91.85,166.0,10.4,41.6,91.52,137.28,149.2,268.56,41.6,11.09,0.509,1.0,131.28,1
19,26.32,91.85,166.0,10.4,4.9,10.78,16.17,27.2,48.96,4.9,1.31,0.506,1.0,32.79,1
19,26.32,91.85,166.0,10.4,4.6,10.12,15.18,11.6,20.88,4.6,1.23,0.498,1.0,5.7,1
19,26.32,91.85,166.0,10.4,3.9,8.58,12.87,7.0,12.6,3.9,1.04,0.501,1.0,0.0,1
19,26.32,91.85,166.0,10.4,2.5,5.5,8.25,5.9,10.62,2.5,0.67,0.496,1.0,2.37,1
19,26.32,91.85,166.0,10.4,0.2,0.44,0.66,1.6,2.88,0.2,0.05,0.468,0.975,2.22,1
19,26.32,91.85,166.0,10.4,0.9,1.98,2.97,1.8,3.24,0.9,0.24,0.448,0.934,0.27,1
19,26.32,91.85,166.0,10.4,5.2,11.44,17.16,15.4,27.72,5.2,1.39,0.475,0.989,10.56,1
19,26.32,91.85,166.0,10.4,3.3,7.26,10.89,3.9,7.02,3.3,0.88,0.484,1.0,0.0,1
19,26.32,91.85,166.0,10.4,0.6,1.32,1.98,1.4,2.52,0.6,0.16,0.484,1.0,0.54,1
19,26.32,91.85,166.0,10.4,1.9,4.18,6.27,8.6,15.48,1.9,0.51,0.48,1.0,9.21,1
19,26.32,91.85,166.0,10.4,2.5,5.5,8.25,10.4,18.72,2.5,0.67,0.504,1.0,10.47,1
19,26.32,91.85,166.0,10.4,0.0,0.0,0.0,0.0,0.0,0.0,0.0,0.327,0.682,0.0,0
19,26.32,91.85,166.0,10.4,0.6,1.32,1.98,0.7,1.26,0.6,0.16,0.316,0.658,0.0,0
19,26.32,91.85,166.0,10.4,1.0,2.2,3.3,1.4,2.52,1.0,0.27,0.308,0.643,0.0,0
19,26.32,91.85,166.0,10.4,0.0,0.0,0.0,0.0,0.0,0.0,0.0,0.296,0.617,0.0,0
19,26.32,91.85,166.0,10.4,0.0,0.0,0.0,0.0,0.0,0.0,0.0,0.293,0.611,0.0,0
19,26.32,91.85,166.0,10.4,1.1,2.42,3.63,2.5,4.5,1.1,0.29,0.305,0.636,0.87,0
19,26.32,91.85,166.0,10.4,0.0,0.0,0.0,0.0,0.0,0.0,0.0,0.296,0.616,0.0,0
19,26.32,91.85,166.0,10.4,0.0,0.0,0.0,0.0,0.0,0.0,0.0,0.288,0.6,0.0,0
19,26.32,91.85,166.0,10.4,0.0,0.0,0.0,0.0,0.0,0.0,0.0,0.282,0.587,0.0,0
19,26.32,91.85,166.0,10.4,0.0,0.0,0.0,0.0,0.0,0.0,0.0,0.281,0.586,0.0,0
19,26.32,91.85,166.0,10.4,0.1,0.22,0.33,0.1,0.18,0.1,0.03,0.471,0.982,0.0,0
19,26.32,91.85,166.0,10.4,0.0,0.0,0.0,0.0,0.0,0.0,0.0,0.453,0.944,0.0,0
19,26.32,91.85,166.0,10.4,0.0,0.0,0.0,0.0,0.0,0.0,0.0,0.44,0.916,0.0,0
19,26.32,91.85,166.0,10.4,0.0,0.0,0.0,0.0,0.0,0.0,0.0,0.432,0.901,0.0,0
19,26.32,91.85,166.0,10.4,0.5,1.1,1.65,0.5,0.9,0.5,0.13,0.424,0.883,0.0,0
19,26.32,91.85,166.0,10.4,0.4,0.88,1.32,0.4,0.72,0.4,0.11,0.414,0.863,0.0,0
19,26.32,91.85,166.0,10.4,0.1,0.22,0.33,0.1,0.18,0.1,0.03,0.403,0.84,0.0,0
19,26.32,91.85,166.0,10.4,0.0,0.0,0.0,0.0,0.0,0.0,0.0,0.392,0.816,0.0,0
19,26.32,91.85,166.0,10.4,0.0,0.0,0.0,0.0,0.0,0.0,0.0,0.381,0.793,0.0,0
19,26.32,91.85,166.0,10.4,0.0,0.0,0.0,0.0,0.0,0.0,0.0,0.368,0.766,0.0,0
20,26.32,91.94,174.0,11.200000000000001,7.9,17.38,26.07,41.7,75.06,7.9,2.11,0.508,1.0,48.99,1
20,26.32,91.94,174.0,11.200000000000001,8.9,19.58,29.37,53.5,96.3,8.9,2.37,0.513,1.0,66.93,1
20,26.32,91.94,174.0,11.200000000000001,8.4,18.48,27.72,46.1,82.98,8.4,2.24,0.511,1.0,55.26,1
20,26.32,91.94,174.0,11.200000000000001,7.3,16.06,24.09,50.9,91.62,7.3,1.95,0.511,1.0,67.53,1
20,26.32,91.94,174.0,11.200000000000001,2.4,5.28,7.92,10.6,19.08,2.4,0.64,0.509,1.0,11.16,1
20,26.32,91.94,174.0,11.200000000000001,23.6,51.92,77.88,39.7,71.46,23.6,6.29,0.503,1.0,0.0,1
20,26.32,91.94,174.0,11.200000000000001,6.2,13.64,20.46,28.2,50.76,6.2,1.65,0.506,1.0,30.3,1
20,26.32,91.94,174.0,11.200000000000001,4.9,10.78,16.17,23.7,42.66,4.9,1.31,0.502,1.0,26.49,1
20,26.32,91.94,174.0,11.200000000000001,6.9,15.18,22.77,15.1,27.18,6.9,1.84,0.496,1.0,4.41,1
20,26.32,91.94,174.0,11.200000000000001,0.4,0.88,1.32,2.7,4.86,0.4,0.11,0.496,1.0,3.54,1
20,26.32,91.94,174.0,11.200000000000001,14.7,32.34,48.51,23.5,42.3,14.7,3.92,0.5,1.0,0.0,1
20,26.32,91.94,174.0,11.200000000000001,5.3,11.66,17.49,37.1,66.78,5.3,1.41,0.506,1.0,49.29,1
20,26.32,91.94,174.0,11.200000000000001,17.8,39.16,58.74,28.0,50.4,17.8,4.75,0.495,1.0,0.0,1
20,26.32,91.94,174.0,11.200000000000001,7.0,15.4,23.1,31.8,57.24,7.0,1.87,0.496,1.0,34.14,1
20,26.32,91.94,174.0,11.200000000000001,3.3,7.26,10.89,10.9,19.62,3.3,0.88,0.501,1.0,8.73,1
20,26.32,91.94,174.0,11.200000000000001,2.5,5.5,8.25,9.1,16.38,2.5,0.67,0.503,1.0,8.13,1
20,26.32,91.94,174.0,11.200000000000001,5.6,12.32,18.48,16.9,30.42,5.6,1.49,0.503,1.0,11.94,1
20,26.32,91.94,174.0,11.200000000000001,3.4,7.48,11.22,16.0,28.8,3.4,0.91,0.499,1.0,17.58,1
20,26.32,91.94,174.0,11.200000000000001,6.7,14.74,22.11,33.9,61.02,6.7,1.79,0.508,1.0,38.91,1
20,26.32,91.94,174.0,11.200000000000001,10.7,23.54,35.31,58.1,104.58,10.7,2.85,0.507,1.0,69.27,1
20,26.32,91.94,174.0,11.200000000000001,14.9,32.78,49.17,88.2,158.76,14.9,3.97,0.512,1.0,109.59,1
20,26.32,91.94,174.0,11.200000000000001,5.0,11.0,16.5,36.9,66.42,5.0,1.33,0.511,1.0,49.92,1
20,26.32,91.94,174.0,11.200000000000001,5.7,12.54,18.81,23.3,41.94,5.7,1.52,0.506,1.0,23.13,1
20,26.32,91.94,174.0,11.200000000000001,6.2,13.64,20.46,23.7,42.66,6.2,1.65,0.509,1.0,22.2,1
20,26.32,91.94,174.0,11.200000000000001,3.9,8.58,12.87,21.6,38.88,3.9,1.04,0.505,1.0,26.01,1
20,26.32,91.94,174.0,11.200000000000001,4.0,8.8,13.2,9.8,17.64,4.0,1.07,0.496,1.0,4.44,1
20,26.32,91.94,174.0,11.200000000000001,4.2,9.24,13.86,12.9,23.22,4.2,1.12,0.496,1.0,9.36,1
20,26.32,91.94,174.0,11.200000000000001,2.9,6.38,9.57,13.4,24.12,2.9,0.77,0.501,1.0,14.55,1
20,26.32,91.94,174.0,11.200000000000001,8.4,18.48,27.72,62.1,111.78,8.4,2.24,0.509,1.0,84.06,1
20,26.32,91.94,174.0,11.200000000000001,6.1,13.42,20.13,50.7,91.26,6.1,1.63,0.509,1.0,71.13,1
20,26.32,91.94,174.0,11.200000000000001,31.8,69.96,104.94,119.3,214.74,31.8,8.48,0.511,1.0,109.8,1
20,26.32,91.94,174.0,11.200000000000001,43.5,95.7,143.55,161.2,290.16,43.5,11.6,0.507,1.0,146.61,1
20,26.32,91.94,174.0,11.200000000000001,8.8,19.36,29.04,37.7,67.86,8.8,2.35,0.505,1.0,38.82,1
20,26.32,91.94,174.0,11.200000000000001,6.0,13.2,19.8,15.7,28.26,6.0,1.6,0.499,1.0,8.46,1
20,26.32,91.94,174.0,11.200000000000001,6.3,13.86,20.79,12.5,22.5,6.3,1.68,0.503,1.0,1.71,1
20,26.32,91.94,174.0,11.200000000000001,6.9,15.18,22.77,12.3,22.14,6.9,1.84,0.496,1.0,0.0,1
20,26.32,91.94,174.0,11.200000000000001,0.2,0.44,0.66,1.2,2.16,0.2,0.05,0.487,1.0,1.5,1
20,26.32,91.94,174.0,11.200000000000001,3.1,6.82,10.23,9.1,16.38,3.1,0.83,0.491,1.0,6.15,1
20,26.32,91.94,174.0,11.200000000000001,4.8,10.56,15.84,22.3,40.14,4.8,1.28,0.496,1.0,24.3,1
20,26.32,91.94,174.0,11.200000000000001,1.2,2.64,3.96,3.0,5.4,1.2,0.32,0.497,1.0,1.44,1
20,26.32,91.94,174.0,11.200000000000001,4.4,9.68,14.52,7.1,12.78,4.4,1.17,0.497,1.0,0.0,1
20,26.32,91.94,174.0,11.200000000000001,1.6,3.52,5.28,7.7,13.86,1.6,0.43,0.491,1.0,8.58,1
20,26.32,91.94,174.0,11.200000000000001,2.7,5.94,8.91,12.9,23.22,2.7,0.72,0.509,1.0,14.31,1
20,26.32,91.94,174.0,11.200000000000001,0.0,0.0,0.0,0.0,0.0,0.0,0.0,0.32,0.667,0.0,0
20,26.32,91.94,174.0,11.200000000000001,0.1,0.22,0.33,0.1,0.18,0.1,0.03,0.307,0.639,0.0,0
20,26.32,91.94,174.0,11.200000000000001,0.1,0.22,0.33,0.2,0.36,0.1,0.03,0.299,0.624,0.03,0
20,26.32,91.94,174.0,11.200000000000001,0.0,0.0,0.0,0.0,0.0,0.0,0.0,0.29,0.604,0.0,0
20,26.32,91.94,174.0,11.200000000000001,0.0,0.0,0.0,0.0,0.0,0.0,0.0,0.292,0.608,0.0,0
20,26.32,91.94,174.0,11.200000000000001,3.9,8.58,12.87,4.6,8.28,3.9,1.04,0.31,0.647,0.0,0
20,26.32,91.94,174.0,11.200000000000001,0.0,0.0,0.0,0.0,0.0,0.0,0.0,0.284,0.591,0.0,0
20,26.32,91.94,174.0,11.200000000000001,0.0,0.0,0.0,0.0,0.0,0.0,0.0,0.277,0.576,0.0,0
20,26.32,91.94,174.0,11.200000000000001,0.0,0.0,0.0,0.0,0.0,0.0,0.0,0.272,0.567,0.0,0
20,26.32,91.94,174.0,11.200000000000001,0.0,0.0,0.0,0.0,0.0,0.0,0.0,0.274,0.57,0.0,0
20,26.32,91.94,174.0,11.200000000000001,0.2,0.44,0.66,0.4,0.72,0.2,0.05,0.468,0.975,0.06,0
20,26.32,91.94,174.0,11.200000000000001,0.0,0.0,0.0,0.0,0.0,0.0,0.0,0.449,0.936,0.0,0
20,26.32,91.94,174.0,11.200000000000001,0.0,0.0,0.0,0.0,0.0,0.0,0.0,0.437,0.91,0.0,0
20,26.32,91.94,174.0,11.200000000000001,0.0,0.0,0.0,0.0,0.0,0.0,0.0,0.433,0.902,0.0,0
20,26.32,91.94,174.0,11.200000000000001,0.0,0.0,0.0,0.0,0.0,0.0,0.0,0.424,0.884,0.0,0
20,26.32,91.94,174.0,11.200000000000001,0.5,1.1,1.65,0.5,0.9,0.5,0.13,0.417,0.868,0.0,0
20,26.32,91.94,174.0,11.200000000000001,0.0,0.0,0.0,0.0,0.0,0.0,0.0,0.41,0.854,0.0,0
20,26.32,91.94,174.0,11.200000000000001,0.0,0.0,0.0,0.0,0.0,0.0,0.0,0.4,0.833,0.0,0
20,26.32,91.94,174.0,11.200000000000001,0.0,0.0,0.0,0.0,0.0,0.0,0.0,0.39,0.813,0.0,0
20,26.32,91.94,174.0,11.200000000000001,0.0,0.0,0.0,0.0,0.0,0.0,0.0,0.379,0.789,0.0,0
21,26.23,91.4,164.0,8.600000000000001,5.9,12.98,19.47,12.5,22.5,5.9,1.57,0.494,1.0,3.03,1
21,26.23,91.4,164.0,8.600000000000001,7.2,15.84,23.76,55.0,99.0,7.2,1.92,0.511,1.0,75.24,1
21,26.23,91.4,164.0,8.600000000000001,8.0,17.6,26.4,58.1,104.58,8.0,2.13,0.508,1.0,78.18,1
21,26.23,91.4,164.0,8.600000000000001,23.6,51.92,77.88,108.1,194.58,23.6,6.29,0.51,1.0,116.7,1
21,26.23,91.4,164.0,8.600000000000001,2.2,4.84,7.26,15.7,28.26,2.2,0.59,0.508,1.0,21.0,1
21,26.23,91.4,164.0,8.600000000000001,7.4,16.28,24.42,22.1,39.78,7.4,1.97,0.505,1.0,15.36,1
21,26.23,91.4,164.0,8.600000000000001,10.6,23.32,34.98,53.6,96.48,10.6,2.83,0.504,1.0,61.5,1
21,26.23,91.4,164.0,8.600000000000001,2.9,6.38,9.57,15.2,27.36,2.9,0.77,0.508,1.0,17.79,1
21,26.23,91.4,164.0,8.600000000000001,2.5,5.5,8.25,5.9,10.62,2.5,0.67,0.5,1.0,2.37,1
21,26.23,91.4,164.0,8.600000000000001,0.8,1.76,2.64,1.9,3.42,0.8,0.21,0.488,1.0,0.78,1
21,26.23,91.4,164.0,8.600000000000001,3.1,6.82,10.23,10.1,18.18,3.1,0.83,0.49,1.0,7.95,1
21,26.23,91.4,164.0,8.600000000000001,7.8,17.16,25.74,45.7,82.26,7.8,2.08,0.51,1.0,56.52,1
21,26.23,91.4,164.0,8.600000000000001,6.4,14.08,21.12,32.5,58.5,6.4,1.71,0.503,1.0,37.38,1
21,26.23,91.4,164.0,8.600000000000001,8.0,17.6,26.4,28.7,51.66,8.0,2.13,0.504,1.0,25.26,1
21,26.23,91.4,164.0,8.600000000000001,6.4,14.08,21.12,20.4,36.72,6.4,1.71,0.504,1.0,15.6,1
21,26.23,91.4,164.0,8.600000000000001,2.3,5.06,7.59,8.1,14.58,2.3,0.61,0.496,1.0,6.99,1
21,26.23,91.4,164.0,8.600000000000001,5.2,11.44,17.16,11.9,21.42,5.2,1.39,0.502,1.0,4.26,1
21,26.23,91.4,164.0,8.600000000000001,4.2,9.24,13.86,20.1,36.18,4.2,1.12,0.5,1.0,22.32,1
21,26.23,91.4,164.0,8.600000000000001,16.4,36.08,54.12,87.6,157.68,16.4,4.37,0.51,1.0,103.56,1
21,26.23,91.4,164.0,8.600000000000001,23.2,51.04,76.56,103.4,186.12,23.2,6.19,0.51,1.0,109.56,1
21,26.23,91.4,164.0,8.600000000000001,11.6,25.52,38.28,118.1,212.58,11.6,3.09,0.51,1.0,174.3,1
21,26.23,91.4,164.0,8.600000000000001,11.6,25.52,38.28,102.2,183.96,11.6,3.09,0.51,1.0,145.68,1
21,26.23,91.4,164.0,8.600000000000001,11.4,25.08,37.62,38.4,69.12,11.4,3.04,0.504,1.0,31.5,1
21,26.23,91.4,164.0,8.600000000000001,8.5,18.7,28.05,28.3,50.94,8.5,2.27,0.509,1.0,22.89,1
21,26.23,91.4,164.0,8.600000000000001,4.7,10.34,15.51,24.8,44.64,4.7,1.25,0.508,1.0,29.13,1
21,26.23,91.4,164.0,8.600000000000001,2.0,4.4,6.6,5.2,9.36,2.0,0.53,0.5,1.0,2.76,1
21,26.23,91.4,164.0,8.600000000000001,2.5,5.5,8.25,3.4,6.12,2.5,0.67,0.481,1.0,0.0,1
21,26.23,91.4,164.0,8.600000000000001,4.5,9.9,14.85,18.1,32.58,4.5,1.2,0.498,1.0,17.73,1
21,26.23,91.4,164.0,8.600000000000001,8.6,18.92,28.38,63.3,113.94,8.6,2.29,0.509,1.0,85.56,1
21,26.23,91.4,164.0,8.600000000000001,4.7,10.34,15.51,47.9,86.22,4.7,1.25,0.509,1.0,70.71,1
21,26.23,91.4,164.0,8.600000000000001,26.6,58.52,87.78,184.5,332.1,26.6,7.09,0.514,1.0,244.32,1
21,26.23,91.4,164.0,8.600000000000001,15.3,33.66,50.49,56.0,100.8,15.3,4.08,0.51,1.0,50.31,1
21,26.23,91.4,164.0,8.600000000000001,11.8,25.96,38.94,38.3,68.94,11.8,3.15,0.511,1.0,30.0,1
21,26.23,91.4,164.0,8.600000000000001,2.1,4.62,6.93,5.2,9.36,2.1,0.56,0.499,1.0,2.43,1
21,26.23,91.4,164.0,8.600000000000001,1.8,3.96,5.94,4.9,8.82,1.8,0.48,0.499,1.0,2.88,1
21,26.23,91.4,164.0,8.600000000000001,0.9,1.98,2.97,3.5,6.3,0.9,0.24,0.486,1.0,3.33,1
21,26.23,91.4,164.0,8.600000000000001,2.2,4.84,7.26,4.4,7.92,2.2,0.59,0.466,0.971,0.66,1
21,26.23,91.4,164.0,8.600000000000001,1.3,2.86,4.29,1.9,3.42,1.3,0.35,0.436,0.909,0.0,1
21,26.23,91.4,164.0,8.600000000000001,1.2,2.64,3.96,1.8,3.24,1.2,0.32,0.425,0.885,0.0,1
21,26.23,91.4,164.0,8.600000000000001,1.0,2.2,3.3,1.3,2.34,1.0,0.27,0.409,0.851,0.0,1
21,26.23,91.4,164.0,8.600000000000001,0.3,0.66,0.99,0.9,1.62,0.3,0.08,0.404,0.842,0.63,1
21,26.23,91.4,164.0,8.600000000000001,3.6,7.92,11.88,7.1,12.78,3.6,0.96,0.412,0.858,0.9,1
21,26.23,91.4,164.0,8.600000000000001,3.0,6.6,9.9,20.6,37.08,3.0,0.8,0.501,1.0,27.18,1
21,26.23,91.4,164.0,8.600000000000001,0.0,0.0,0.0,0.0,0.0,0.0,0.0,0.336,0.7,0.0,0
21,26.23,91.4,164.0,8.600000000000001,0.1,0.22,0.33,0.1,0.18,0.1,0.03,0.325,0.677,0.0,0
21,26.23,91.4,164.0,8.600000000000001,3.3,7.26,10.89,3.6,6.48,3.3,0.88,0.338,0.704,0.0,0
21,26.23,91.4,164.0,8.600000000000001,0.1,0.22,0.33,0.1,0.18,0.1,0.03,0.308,0.642,0.0,0
21,26.23,91.4,164.0,8.600000000000001,0.0,0.0,0.0,0.0,0.0,0.0,0.0,0.306,0.638,0.0,0
21,26.23,91.4,164.0,8.600000000000001,0.1,0.22,0.33,0.1,0.18,0.1,0.03,0.304,0.633,0.0,0
21,26.23,91.4,164.0,8.600000000000001,0.0,0.0,0.0,0.0,0.0,0.0,0.0,0.296,0.617,0.0,0
21,26.23,91.4,164.0,8.600000000000001,0.0,0.0,0.0,0.0,0.0,0.0,0.0,0.286,0.596,0.0,0
21,26.23,91.4,164.0,8.600000000000001,0.0,0.0,0.0,0.0,0.0,0.0,0.0,0.281,0.586,0.0,0
21,26.23,91.4,164.0,8.600000000000001,0.0,0.0,0.0,0.0,0.0,0.0,0.0,0.28,0.584,0.0,0
21,26.23,91.4,164.0,8.600000000000001,2.5,5.5,8.25,4.7,8.46,2.5,0.67,0.487,1.0,0.21,0
21,26.23,91.4,164.0,8.600000000000001,0.0,0.0,0.0,0.0,0.0,0.0,0.0,0.459,0.956,0.0,0
21,26.23,91.4,164.0,8.600000000000001,0.0,0.0,0.0,0.0,0.0,0.0,0.0,0.446,0.928,0.0,0
21,26.23,91.4,164.0,8.600000000000001,0.0,0.0,0.0,0.0,0.0,0.0,0.0,0.434,0.905,0.0,0
21,26.23,91.4,164.0,8.600000000000001,0.0,0.0,0.0,0.0,0.0,0.0,0.0,0.422,0.879,0.0,0
21,26.23,91.4,164.0,8.600000000000001,0.0,0.0,0.0,0.0,0.0,0.0,0.0,0.411,0.857,0.0,0
21,26.23,91.4,164.0,8.600000000000001,0.1,0.22,0.33,0.2,0.36,0.1,0.03,0.403,0.839,0.03,0
21,26.23,91.4,164.0,8.600000000000001,0.0,0.0,0.0,0.0,0.0,0.0,0.0,0.391,0.815,0.0,0
21,26.23,91.4,164.0,8.600000000000001,0.0,0.0,0.0,0.0,0.0,0.0,0.0,0.379,0.79,0.0,0
21,26.23,91.4,164.0,8.600000000000001,0.0,0.0,0.0,0.0,0.0,0.0,0.0,0.365,0.761,0.0,0
22,26.23,91.49,172.0,9.400000000000002,9.7,21.34,32.01,23.3,41.94,9.7,2.59,0.503,1.0,9.93,1
22,26.23,91.49,172.0,9.400000000000002,5.8,12.76,19.14,57.2,102.96,5.8,1.55,0.51,1.0,83.82,1
22,26.23,91.49,172.0,9.400000000000002,10.5,23.1,34.65,53.7,96.66,10.5,2.8,0.51,1.0,62.01,1
22,26.23,91.49,172.0,9.400000000000002,21.5,47.3,70.95,102.2,183.96,21.5,5.73,0.51,1.0,113.01,1
22,26.23,91.49,172.0,9.400000000000002,1.3,2.86,4.29,8.3,14.94,1.3,0.35,0.508,1.0,10.65,1
22,26.23,91.49,172.0,9.400000000000002,12.6,27.72,41.58,38.3,68.94,12.6,3.36,0.506,1.0,27.36,1
22,26.23,91.49,172.0,9.400000000000002,7.8,17.16,25.74,41.6,74.88,7.8,2.08,0.504,1.0,49.14,1
22,26.23,91.49,172.0,9.400000000000002,2.2,4.84,7.26,12.1,21.78,2.2,0.59,0.505,1.0,14.52,1
22,26.23,91.49,172.0,9.400000000000002,2.2,4.84,7.26,8.5,15.3,2.2,0.59,0.5,1.0,8.04,1
22,26.23,91.49,172.0,9.400000000000002,2.9,6.38,9.57,5.3,9.54,2.9,0.77,0.499,1.0,0.0,1
22,26.23,91.49,172.0,9.400000000000002,6.1,13.42,20.13,15.1,27.18,6.1,1.63,0.495,1.0,7.05,1
22,26.23,91.49,172.0,9.400000000000002,7.4,16.28,24.42,47.5,85.5,7.4,1.97,0.504,1.0,61.08,1
22,26.23,91.49,172.0,9.400000000000002,5.7,12.54,18.81,20.8,37.44,5.7,1.52,0.503,1.0,18.63,1
22,26.23,91.49,172.0,9.400000000000002,6.5,14.3,21.45,17.5,31.5,6.5,1.73,0.503,1.0,10.05,1
22,26.23,91.49,172.0,9.400000000000002,6.2,13.64,20.46,17.4,31.32,6.2,1.65,0.507,1.0,10.86,1
22,26.23,91.49,172.0,9.400000000000002,2.5,5.5,8.25,7.9,14.22,2.5,0.67,0.495,1.0,5.97,1
22,26.23,91.49,172.0,9.400000000000002,7.2,15.84,23.76,15.7,28.26,7.2,1.92,0.498,1.0,4.5,1
22,26.23,91.49,172.0,9.400000000000002,4.7,10.34,15.51,20.4,36.72,4.7,1.25,0.501,1.0,21.21,1
22,26.23,91.49,172.0,9.400000000000002,12.7,27.94,41.91,73.1,131.58,12.7,3.39,0.512,1.0,89.67,1
22,26.23,91.49,172.0,9.400000000000002,25.4,55.88,83.82,90.4,162.72,25.4,6.77,0.511,1.0,78.9,1
22,26.23,91.49,172.0,9.400000000000002,9.0,19.8,29.7,93.1,167.58,9.0,2.4,0.513,1.0,137.88,1
22,26.23,91.49,172.0,9.400000000000002,9.1,20.02,30.03,80.2,144.36,9.1,2.43,0.512,1.0,114.33,1
22,26.23,91.49,172.0,9.400000000000002,6.0,13.2,19.8,30.2,54.36,6.0,1.6,0.506,1.0,34.56,1
22,26.23,91.49,172.0,9.400000000000002,6.1,13.42,20.13,27.9,50.22,6.1,1.63,0.506,1.0,30.09,1
22,26.23,91.49,172.0,9.400000000000002,4.5,9.9,14.85,25.1,45.18,4.5,1.2,0.507,1.0,30.33,1
22,26.23,91.49,172.0,9.400000000000002,2.9,6.38,9.57,6.0,10.8,2.9,0.77,0.501,1.0,1.23,1
22,26.23,91.49,172.0,9.400000000000002,1.6,3.52,5.28,7.9,14.22,1.6,0.43,0.495,1.0,8.94,1
22,26.23,91.49,172.0,9.400000000000002,6.4,14.08,21.12,15.1,27.18,6.4,1.71,0.496,1.0,6.06,1
22,26.23,91.49,172.0,9.400000000000002,11.0,24.2,36.3,55.7,100.26,11.0,2.93,0.51,1.0,63.96,1
22,26.23,91.49,172.0,9.400000000000002,4.0,8.8,13.2,42.5,76.5,4.0,1.07,0.509,1.0,63.3,1
22,26.23,91.49,172.0,9.400000000000002,24.8,54.56,81.84,184.3,331.74,24.8,6.61,0.514,1.0,249.9,1
22,26.23,91.49,172.0,9.400000000000002,25.6,56.32,84.48,70.4,126.72,25.6,6.83,0.508,1.0,42.24,1
22,26.23,91.49,172.0,9.400000000000002,7.7,16.94,25.41,27.3,49.14,7.7,2.05,0.508,1.0,23.73,1
22,26.23,91.49,172.0,9.400000000000002,5.6,12.32,18.48,8.3,14.94,5.6,1.49,0.498,1.0,0.0,1
22,26.23,91.49,172.0,9.400000000000002,3.7,8.14,12.21,5.6,10.08,3.7,0.99,0.498,1.0,0.0,1
22,26.23,91.49,172.0,9.400000000000002,0.5,1.1,1.65,1.8,3.24,0.5,0.13,0.476,0.992,1.59,1
22,26.23,91.49,172.0,9.400000000000002,1.1,2.42,3.63,3.2,5.76,1.1,0.29,0.463,0.964,2.13,1
22,26.23,91.49,172.0,9.400000000000002,0.8,1.76,2.64,1.1,1.98,0.8,0.21,0.43,0.897,0.0,1
22,26.23,91.49,172.0,9.400000000000002,0.5,1.1,1.65,1.0,1.8,0.5,0.13,0.415,0.864,0.15,1
22,26.23,91.49,172.0,9.400000000000002,0.8,1.76,2.64,1.4,2.52,0.8,0.21,0.407,0.847,0.0,1
22,26.23,91.49,172.0,9.400000000000002,0.4,0.88,1.32,0.8,1.44,0.4,0.11,0.402,0.838,0.12,1
22,26.23,91.49,172.0,9.400000000000002,1.4,3.08,4.62,3.5,6.3,1.4,0.37,0.412,0.858,1.68,1
22,26.23,91.49,172.0,9.400000000000002,2.5,5.5,8.25,17.9,32.22,2.5,0.67,0.495,1.0,23.97,1
22,26.23,91.49,172.0,9.400000000000002,0.0,0.0,0.0,0.0,0.0,0.0,0.0,0.336,0.701,0.0,0
22,26.23,91.49,172.0,9.400000000000002,0.0,0.0,0.0,0.0,0.0,0.0,0.0,0.327,0.682,0.0,0
22,26.23,91.49,172.0,9.400000000000002,1.4,3.08,4.62,1.9,3.42,1.4,0.37,0.33,0.688,0.0,0
22,26.23,91.49,172.0,9.400000000000002,0.1,0.22,0.33,0.1,0.18,0.1,0.03,0.31,0.647,0.0,0
22,26.23,91.49,172.0,9.400000000000002,0.4,0.88,1.32,0.4,0.72,0.4,0.11,0.305,0.635,0.0,0
22,26.23,91.49,172.0,9.400000000000002,0.2,0.44,0.66,0.2,0.36,0.2,0.05,0.298,0.622,0.0,0
22,26.23,91.49,172.0,9.400000000000002,0.0,0.0,0.0,0.0,0.0,0.0,0.0,0.296,0.617,0.0,0
22,26.23,91.49,172.0,9.400000000000002,0.0,0.0,0.0,0.0,0.0,0.0,0.0,0.288,0.599,0.0,0
22,26.23,91.49,172.0,9.400000000000002,0.0,0.0,0.0,0.0,0.0,0.0,0.0,0.282,0.587,0.0,0
22,26.23,91.49,172.0,9.400000000000002,0.0,0.0,0.0,0.0,0.0,0.0,0.0,0.281,0.586,0.0,0
22,26.23,91.49,172.0,9.400000000000002,1.2,2.64,3.96,2.8,5.04,1.2,0.32,0.478,0.996,1.08,0
22,26.23,91.49,172.0,9.400000000000002,0.0,0.0,0.0,0.0,0.0,0.0,0.0,0.449,0.936,0.0,0
22,26.23,91.49,172.0,9.400000000000002,0.0,0.0,0.0,0.0,0.0,0.0,0.0,0.436,0.908,0.0,0
22,26.23,91.49,172.0,9.400000000000002,0.0,0.0,0.0,0.0,0.0,0.0,0.0,0.425,0.885,0.0,0
22,26.23,91.49,172.0,9.400000000000002,0.0,0.0,0.0,0.0,0.0,0.0,0.0,0.413,0.86,0.0,0
22,26.23,91.49,172.0,9.400000000000002,0.0,0.0,0.0,0.0,0.0,0.0,0.0,0.402,0.838,0.0,0
22,26.23,91.49,172.0,9.400000000000002,0.1,0.22,0.33,0.2,0.36,0.1,0.03,0.393,0.819,0.03,0
22,26.23,91.49,172.0,9.400000000000002,0.0,0.0,0.0,0.0,0.0,0.0,0.0,0.383,0.798,0.0,0
22,26.23,91.49,172.0,9.400000000000002,0.0,0.0,0.0,0.0,0.0,0.0,0.0,0.372,0.776,0.0,0
22,26.23,91.49,172.0,9.400000000000002,0.0,0.0,0.0,0.0,0.0,0.0,0.0,0.359,0.749,0.0,0
23,26.23,91.58,180.0,10.200000000000001,8.0,17.6,26.4,26.0,46.8,8.0,2.13,0.503,1.0,20.4,1
23,26.23,91.58,180.0,10.200000000000001,6.2,13.64,20.46,55.0,99.0,6.2,1.65,0.509,1.0,78.54,1
23,26.23,91.58,180.0,10.200000000000001,13.5,29.7,44.55,50.3,90.54,13.5,3.6,0.51,1.0,45.99,1
23,26.23,91.58,180.0,10.200000000000001,17.0,37.4,56.1,83.3,149.94,17.0,4.53,0.511,1.0,93.84,1
23,26.23,91.58,180.0,10.200000000000001,1.3,2.86,4.29,10.0,18.0,1.3,0.35,0.508,1.0,13.71,1
23,26.23,91.58,180.0,10.200000000000001,12.0,26.4,39.6,50.0,90.0,12.0,3.2,0.505,1.0,50.4,1
23,26.23,91.58,180.0,10.200000000000001,5.6,12.32,18.48,26.9,48.42,5.6,1.49,0.507,1.0,29.94,1
23,26.23,91.58,180.0,10.200000000000001,5.0,11.0,16.5,15.7,28.26,5.0,1.33,0.504,1.0,11.76,1
23,26.23,91.58,180.0,10.200000000000001,4.8,10.56,15.84,12.4,22.32,4.8,1.28,0.5,1.0,6.48,1
23,26.23,91.58,180.0,10.200000000000001,5.1,11.22,16.83,9.1,16.38,5.1,1.36,0.499,1.0,0.0,1
23,26.23,91.58,180.0,10.200000000000001,2.6,5.72,8.58,5.2,9.36,2.6,0.69,0.489,1.0,0.78,1
23,26.23,91.58,180.0,10.200000000000001,8.2,18.04,27.06,46.4,83.52,8.2,2.19,0.507,1.0,56.46,1
23,26.23,91.58,180.0,10.200000000000001,6.6,14.52,21.78,21.6,38.88,6.6,1.76,0.5,1.0,17.1,1
23,26.23,91.58,180.0,10.200000000000001,9.1,20.02,30.03,23.6,42.48,9.1,2.43,0.505,1.0,12.45,1
23,26.23,91.58,180.0,10.200000000000001,3.3,7.26,10.89,11.7,21.06,3.3,0.88,0.506,1.0,10.17,1
23,26.23,91.58,180.0,10.200000000000001,2.9,6.38,9.57,9.5,17.1,2.9,0.77,0.489,1.0,7.53,1
23,26.23,91.58,180.0,10.200000000000001,7.4,16.28,24.42,19.3,34.74,7.4,1.97,0.501,1.0,10.32,1
23,26.23,91.58,180.0,10.200000000000001,4.4,9.68,14.52,19.6,35.28,4.4,1.17,0.497,1.0,20.76,1
23,26.23,91.58,180.0,10.200000000000001,13.0,28.6,42.9,54.2,97.56,13.0,3.47,0.506,1.0,54.66,1
23,26.23,91.58,180.0,10.200000000000001,25.0,55.0,82.5,83.4,150.12,25.0,6.67,0.508,1.0,67.62,1
23,26.23,91.58,180.0,10.200000000000001,11.2,24.64,36.96,91.6,164.88,11.2,2.99,0.514,1.0,127.92,1
23,26.23,91.58,180.0,10.200000000000001,10.1,22.22,33.33,77.6,139.68,10.1,2.69,0.514,1.0,106.35,1
23,26.23,91.58,180.0,10.200000000000001,6.8,14.96,22.44,28.1,50.58,6.8,1.81,0.509,1.0,28.14,1
23,26.23,91.58,180.0,10.200000000000001,8.3,18.26,27.39,28.6,51.48,8.3,2.21,0.506,1.0,24.09,1
23,26.23,91.58,180.0,10.200000000000001,5.0,11.0,16.5,24.2,43.56,5.0,1.33,0.502,1.0,27.06,1
23,26.23,91.58,180.0,10.200000000000001,1.6,3.52,5.28,6.7,12.06,1.6,0.43,0.501,1.0,6.78,1
23,26.23,91.58,180.0,10.200000000000001,1.9,4.18,6.27,7.3,13.14,1.9,0.51,0.492,1.0,6.87,1
23,26.23,91.58,180.0,10.200000000000001,13.0,28.6,42.9,29.6,53.28,13.0,3.47,0.498,1.0,10.38,1
23,26.23,91.58,180.0,10.200000000000001,9.0,19.8,29.7,45.5,81.9,9.0,2.4,0.51,1.0,52.2,1
23,26.23,91.58,180.0,10.200000000000001,4.1,9.02,13.53,41.1,73.98,4.1,1.09,0.508,1.0,60.45,1
23,26.23,91.58,180.0,10.200000000000001,24.5,53.9,80.85,166.8,300.24,24.5,6.53,0.514,1.0,219.39,1
23,26.23,91.58,180.0,10.200000000000001,29.2,64.24,96.36,81.6,146.88,29.2,7.79,0.508,1.0,50.52,1
23,26.23,91.58,180.0,10.200000000000001,5.6,12.32,18.48,24.2,43.56,5.6,1.49,0.507,1.0,25.08,1
23,26.23,91.58,180.0,10.200000000000001,9.8,21.56,32.34,14.4,25.92,9.8,2.61,0.5,1.0,0.0,1
23,26.23,91.58,180.0,10.200000000000001,3.8,8.36,12.54,6.6,11.88,3.8,1.01,0.5,1.0,0.0,1
23,26.23,91.58,180.0,10.200000000000001,0.2,0.44,0.66,1.3,2.34,0.2,0.05,0.478,0.995,1.68,1
23,26.23,91.58,180.0,10.200000000000001,0.7,1.54,2.31,3.1,5.58,0.7,0.19,0.463,0.965,3.27,1
23,26.23,91.58,180.0,10.200000000000001,0.1,0.22,0.33,0.2,0.36,0.1,0.03,0.434,0.904,0.03,1
23,26.23,91.58,180.0,10.200000000000001,0.6,1.32,1.98,1.7,3.06,0.6,0.16,0.43,0.897,1.08,1
23,26.23,91.58,180.0,10.200000000000001,0.5,1.1,1.65,1.1,1.98,0.5,0.13,0.46,0.959,0.33,1
23,26.23,91.58,180.0,10.200000000000001,0.3,0.66,0.99,0.6,1.08,0.3,0.08,0.442,0.921,0.09,1
23,26.23,91.58,180.0,10.200000000000001,0.6,1.32,1.98,3.7,6.66,0.6,0.16,0.438,0.913,4.68,1
23,26.23,91.58,180.0,10.200000000000001,3.3,7.26,10.89,16.8,30.24,3.3,0.88,0.493,1.0,19.35,1
23,26.23,91.58,180.0,10.200000000000001,0.0,0.0,0.0,0.0,0.0,0.0,0.0,0.343,0.715,0.0,0
23,26.23,91.58,180.0,10.200000000000001,0.0,0.0,0.0,0.0,0.0,0.0,0.0,0.336,0.699,0.0,0
23,26.23,91.58,180.0,10.200000000000001,0.5,1.1,1.65,0.6,1.08,0.5,0.13,0.33,0.687,0.0,0
23,26.23,91.58,180.0,10.200000000000001,0.0,0.0,0.0,0.0,0.0,0.0,0.0,0.317,0.661,0.0,0
23,26.23,91.58,180.0,10.200000000000001,0.2,0.44,0.66,0.2,0.36,0.2,0.05,0.309,0.644,0.0,0
23,26.23,91.58,180.0,10.200000000000001,1.0,2.2,3.3,2.1,3.78,1.0,0.27,0.312,0.65,0.48,0
23,26.23,91.58,180.0,10.200000000000001,0.0,0.0,0.0,0.0,0.0,0.0,0.0,0.3,0.624,0.0,0
23,26.23,91.58,180.0,10.200000000000001,0.0,0.0,0.0,0.0,0.0,0.0,0.0,0.291,0.606,0.0,0
23,26.23,91.58,180.0,10.200000000000001,0.0,0.0,0.0,0.0,0.0,0.0,0.0,0.285,0.595,0.0,0
23,26.23,91.58,180.0,10.200000000000001,0.0,0.0,0.0,0.0,0.0,0.0,0.0,0.286,0.596,0.0,0
23,26.23,91.58,180.0,10.200000000000001,0.6,1.32,1.98,1.2,2.16,0.6,0.16,0.474,0.989,0.18,0
23,26.23,91.58,180.0,10.200000000000001,0.0,0.0,0.0,0.0,0.0,0.0,0.0,0.45,0.938,0.0,0
23,26.23,91.58,180.0,10.200000000000001,0.0,0.0,0.0,0.0,0.0,0.0,0.0,0.437,0.91,0.0,0
23,26.23,91.58,180.0,10.200000000000001,0.0,0.0,0.0,0.0,0.0,0.0,0.0,0.426,0.887,0.0,0
23,26.23,91.58,180.0,10.200000000000001,0.0,0.0,0.0,0.0,0.0,0.0,0.0,0.414,0.863,0.0,0
23,26.23,91.58,180.0,10.200000000000001,0.0,0.0,0.0,0.0,0.0,0.0,0.0,0.404,0.841,0.0,0
23,26.23,91.58,180.0,10.200000000000001,0.2,0.44,0.66,0.4,0.72,0.2,0.05,0.394,0.821,0.06,0
23,26.23,91.58,180.0,10.200000000000001,0.0,0.0,0.0,0.0,0.0,0.0,0.0,0.383,0.798,0.0,0
23,26.23,91.58,180.0,10.200000000000001,0.0,0.0,0.0,0.0,0.0,0.0,0.0,0.372,0.775,0.0,0
23,26.23,91.58,180.0,10.200000000000001,0.0,0.0,0.0,0.0,0.0,0.0,0.0,0.359,0.748,0.0,0
24,26.23,91.67,188.0,11.000000000000002,4.5,9.9,14.85,13.4,24.12,4.5,1.2,0.503,1.0,9.27,1
24,26.23,91.67,188.0,11.000000000000002,15.3,33.66,50.49,59.6,107.28,15.3,4.08,0.512,1.0,56.79,1
24,26.23,91.67,188.0,11.000000000000002,10.5,23.1,34.65,48.8,87.84,10.5,2.8,0.508,1.0,53.19,1
24,26.23,91.67,188.0,11.000000000000002,12.3,27.06,40.59,63.4,114.12,12.3,3.28,0.51,1.0,73.53,1
24,26.23,91.67,188.0,11.000000000000002,2.0,4.4,6.6,15.1,27.18,2.0,0.53,0.505,1.0,20.58,1
24,26.23,91.67,188.0,11.000000000000002,10.9,23.98,35.97,53.9,97.02,10.9,2.91,0.505,1.0,61.05,1
24,26.23,91.67,188.0,11.000000000000002,5.6,12.32,18.48,29.1,52.38,5.6,1.49,0.508,1.0,33.9,1
24,26.23,91.67,188.0,11.000000000000002,2.5,5.5,8.25,12.5,22.5,2.5,0.67,0.508,1.0,14.25,1
24,26.23,91.67,188.0,11.000000000000002,2.8,6.16,9.24,9.2,16.56,2.8,0.75,0.503,1.0,7.32,1
24,26.23,91.67,188.0,11.000000000000002,3.4,7.48,11.22,7.6,13.68,3.4,0.91,0.493,1.0,2.46,1
24,26.23,91.67,188.0,11.000000000000002,4.6,10.12,15.18,8.8,15.84,4.6,1.23,0.488,1.0,0.66,1
24,26.23,91.67,188.0,11.000000000000002,8.5,18.7,28.05,38.8,69.84,8.5,2.27,0.506,1.0,41.79,1
24,26.23,91.67,188.0,11.000000000000002,4.7,10.34,15.51,19.3,34.74,4.7,1.25,0.499,1.0,19.23,1
24,26.23,91.67,188.0,11.000000000000002,6.3,13.86,20.79,20.6,37.08,6.3,1.68,0.499,1.0,16.29,1
24,26.23,91.67,188.0,11.000000000000002,1.7,3.74,5.61,7.7,13.86,1.7,0.45,0.503,1.0,8.25,1
24,26.23,91.67,188.0,11.000000000000002,4.6,10.12,15.18,10.7,19.26,4.6,1.23,0.489,1.0,4.08,1
24,26.23,91.67,188.0,11.000000000000002,8.1,17.82,26.73,18.5,33.3,8.1,2.16,0.5,1.0,6.57,1
24,26.23,91.67,188.0,11.000000000000002,3.1,6.82,10.23,15.8,28.44,3.1,0.83,0.499,1.0,18.21,1
24,26.23,91.67,188.0,11.000000000000002,13.1,28.82,43.23,52.2,93.96,13.1,3.49,0.51,1.0,50.73,1
24,26.23,91.67,188.0,11.000000000000002,22.5,49.5,74.25,83.6,150.48,22.5,6.0,0.51,1.0,76.23,1
24,26.23,91.67,188.0,11.000000000000002,20.0,44.0,66.0,105.6,190.08,20.0,5.33,0.515,1.0,124.08,1
24,26.23,91.67,188.0,11.000000000000002,9.0,19.8,29.7,63.0,113.4,9.0,2.4,0.511,1.0,83.7,1
24,26.23,91.67,188.0,11.000000000000002,8.8,19.36,29.04,27.6,49.68,8.8,2.35,0.504,1.0,20.64,1
24,26.23,91.67,188.0,11.000000000000002,6.8,14.96,22.44,21.9,39.42,6.8,1.81,0.506,1.0,16.98,1
24,26.23,91.67,188.0,11.000000000000002,6.3,13.86,20.79,25.9,46.62,6.3,1.68,0.504,1.0,25.83,1
24,26.23,91.67,188.0,11.000000000000002,3.4,7.48,11.22,7.8,14.04,3.4,0.91,0.492,1.0,2.82,1
24,26.23,91.67,188.0,11.000000000000002,1.3,2.86,4.29,2.8,5.04,1.3,0.35,0.485,1.0,0.75,1
24,26.23,91.67,188.0,11.000000000000002,14.9,32.78,49.17,31.2,56.16,14.9,3.97,0.493,1.0,6.99,1
24,26.23,91.67,188.0,11.000000000000002,6.7,14.74,22.11,41.2,74.16,6.7,1.79,0.507,1.0,52.05,1
24,26.23,91.67,188.0,11.000000000000002,3.8,8.36,12.54,43.5,78.3,3.8,1.01,0.508,1.0,65.76,1
24,26.23,91.67,188.0,11.000000000000002,19.9,43.78,65.67,138.4,249.12,19.9,5.31,0.512,1.0,183.45,1
24,26.23,91.67,188.0,11.000000000000002,29.1,64.02,96.03,88.3,158.94,29.1,7.76,0.507,1.0,62.91,1
24,26.23,91.67,188.0,11.000000000000002,7.7,16.94,25.41,31.2,56.16,7.7,2.05,0.508,1.0,30.75,1
24,26.23,91.67,188.0,11.000000000000002,7.0,15.4,23.1,19.8,35.64,7.0,1.87,0.506,1.0,12.54,1
24,26.23,91.67,188.0,11.000000000000002,5.8,12.76,19.14,8.0,14.4,5.8,1.55,0.499,1.0,0.0,1
24,26.23,91.67,188.0,11.000000000000002,0.7,1.54,2.31,1.3,2.34,0.7,0.19,0.488,1.0,0.03,1
24,26.23,91.67,188.0,11.000000000000002,2.1,4.62,6.93,6.1,10.98,2.1,0.56,0.479,0.998,4.05,1
24,26.23,91.67,188.0,11.000000000000002,1.8,3.96,5.94,3.5,6.3,1.8,0.48,0.452,0.942,0.36,1
24,26.23,91.67,188.0,11.000000000000002,1.3,2.86,4.29,4.5,8.1,1.3,0.35,0.464,0.967,3.81,1
24,26.23,91.67,188.0,11.000000000000002,0.3,0.66,0.99,0.5,0.9,0.3,0.08,0.465,0.969,0.0,1
24,26.23,91.67,188.0,11.000000000000002,0.4,0.88,1.32,1.3,2.34,0.4,0.11,0.462,0.962,1.02,1
24,26.23,91.67,188.0,11.000000000000002,1.3,2.86,4.29,5.9,10.62,1.3,0.35,0.467,0.973,6.33,1
24,26.23,91.67,188.0,11.000000000000002,2.9,6.38,9.57,15.0,27.0,2.9,0.77,0.499,1.0,17.43,1
24,26.23,91.67,188.0,11.000000000000002,0.0,0.0,0.0,0.0,0.0,0.0,0.0,0.317,0.661,0.0,0
24,26.23,91.67,188.0,11.000000000000002,0.0,0.0,0.0,0.0,0.0,0.0,0.0,0.307,0.64,0.0,0
24,26.23,91.67,188.0,11.000000000000002,0.3,0.66,0.99,0.5,0.9,0.3,0.08,0.301,0.626,0.0,0
24,26.23,91.67,188.0,11.000000000000002,0.0,0.0,0.0,0.0,0.0,0.0,0.0,0.287,0.598,0.0,0
24,26.23,91.67,188.0,11.000000000000002,0.1,0.22,0.33,0.1,0.18,0.1,0.03,0.278,0.579,0.0,0
24,26.23,91.67,188.0,11.000000000000002,1.7,3.74,5.61,2.5,4.5,1.7,0.45,0.282,0.587,0.0,0
24,26.23,91.67,188.0,11.000000000000002,0.0,0.0,0.0,0.0,0.0,0.0,0.0,0.264,0.551,0.0,0
24,26.23,91.67,188.0,11.000000000000002,0.0,0.0,0.0,0.0,0.0,0.0,0.0,0.256,0.533,0.0,0
24,26.23,91.67,188.0,11.000000000000002,0.0,0.0,0.0,0.0,0.0,0.0,0.0,0.249,0.519,0.0,0
24,26.23,91.67,188.0,11.000000000000002,0.0,0.0,0.0,0.0,0.0,0.0,0.0,0.249,0.518,0.0,0
24,26.23,91.67,188.0,11.000000000000002,0.4,0.88,1.32,0.9,1.62,0.4,0.11,0.469,0.978,0.3,0
24,26.23,91.67,188.0,11.000000000000002,0.0,0.0,0.0,0.0,0.0,0.0,0.0,0.448,0.933,0.0,0
24,26.23,91.67,188.0,11.000000000000002,0.0,0.0,0.0,0.0,0.0,0.0,0.0,0.434,0.905,0.0,0
24,26.23,91.67,188.0,11.000000000000002,0.0,0.0,0.0,0.0,0.0,0.0,0.0,0.423,0.881,0.0,0
24,26.23,91.67,188.0,11.000000000000002,0.0,0.0,0.0,0.0,0.0,0.0,0.0,0.412,0.859,0.0,0
24,26.23,91.67,188.0,11.000000000000002,0.0,0.0,0.0,0.0,0.0,0.0,0.0,0.403,0.84,0.0,0
24,26.23,91.67,188.0,11.000000000000002,0.1,0.22,0.33,0.1,0.18,0.1,0.03,0.392,0.817,0.0,0
24,26.23,91.67,188.0,11.000000000000002,0.0,0.0,0.0,0.0,0.0,0.0,0.0,0.382,0.795,0.0,0
24,26.23,91.67,188.0,11.000000000000002,0.0,0.0,0.0,0.0,0.0,0.0,0.0,0.371,0.774,0.0,0
24,26.23,91.67,188.0,11.000000000000002,0.0,0.0,0.0,0.0,0.0,0.0,0.0,0.359,0.747,0.0,0
25,26.23,91.76,196.0,11.8,5.2,11.44,17.16,29.3,52.74,5.2,1.39,0.506,1.0,35.58,1
25,26.23,91.76,196.0,11.8,20.7,45.54,68.31,64.8,116.64,20.7,5.52,0.512,1.0,48.33,1
25,26.23,91.76,196.0,11.8,13.9,30.58,45.87,64.9,116.82,13.9,3.71,0.512,1.0,70.95,1
25,26.23,91.76,196.0,11.8,9.5,20.9,31.35,57.5,103.5,9.5,2.53,0.513,1.0,72.15,1
25,26.23,91.76,196.0,11.8,2.4,5.28,7.92,12.4,22.32,2.4,0.64,0.506,1.0,14.4,1
25,26.23,91.76,196.0,11.8,8.0,17.6,26.4,56.2,101.16,8.0,2.13,0.507,1.0,74.76,1
25,26.23,91.76,196.0,11.8,7.6,16.72,25.08,35.9,64.62,7.6,2.03,0.503,1.0,39.54,1
25,26.23,91.76,196.0,11.8,3.9,8.58,12.87,15.2,27.36,3.9,1.04,0.507,1.0,14.49,1
25,26.23,91.76,196.0,11.8,4.9,10.78,16.17,17.7,31.86,4.9,1.31,0.502,1.0,15.69,1
25,26.23,91.76,196.0,11.8,3.4,7.48,11.22,7.7,13.86,3.4,0.91,0.492,1.0,2.64,1
25,26.23,91.76,196.0,11.8,6.2,13.64,20.46,14.8,26.64,6.2,1.65,0.491,1.0,6.18,1
25,26.23,91.76,196.0,11.8,6.5,14.3,21.45,31.0,55.8,6.5,1.73,0.506,1.0,34.35,1
25,26.23,91.76,196.0,11.8,7.6,16.72,25.08,20.8,37.44,7.6,2.03,0.497,1.0,12.36,1
25,26.23,91.76,196.0,11.8,9.0,19.8,29.7,23.0,41.4,9.0,2.4,0.496,1.0,11.7,1
25,26.23,91.76,196.0,11.8,3.1,6.82,10.23,7.8,14.04,3.1,0.83,0.502,1.0,3.81,1
25,26.23,91.76,196.0,11.8,2.2,4.84,7.26,9.4,16.92,2.2,0.59,0.497,1.0,9.66,1
25,26.23,91.76,196.0,11.8,8.7,19.14,28.71,22.1,39.78,8.7,2.32,0.503,1.0,11.07,1
25,26.23,91.76,196.0,11.8,3.3,7.26,10.89,16.2,29.16,3.3,0.88,0.501,1.0,18.27,1
25,26.23,91.76,196.0,11.8,10.4,22.88,34.32,40.4,72.72,10.4,2.77,0.507,1.0,38.4,1
25,26.23,91.76,196.0,11.8,17.5,38.5,57.75,68.3,122.94,17.5,4.67,0.507,1.0,65.19,1
25,26.23,91.76,196.0,11.8,9.6,21.12,31.68,82.9,149.22,9.6,2.56,0.512,1.0,117.54,1
25,26.23,91.76,196.0,11.8,7.3,16.06,24.09,47.9,86.22,7.3,1.95,0.511,1.0,62.13,1
25,26.23,91.76,196.0,11.8,9.8,21.56,32.34,26.8,48.24,9.8,2.61,0.502,1.0,15.9,1
25,26.23,91.76,196.0,11.8,3.9,8.58,12.87,17.6,31.68,3.9,1.04,0.51,1.0,18.81,1
25,26.23,91.76,196.0,11.8,5.6,12.32,18.48,23.9,43.02,5.6,1.49,0.504,1.0,24.54,1
25,26.23,91.76,196.0,11.8,5.1,11.22,16.83,9.2,16.56,5.1,1.36,0.49,1.0,0.0,1
25,26.23,91.76,196.0,11.8,3.5,7.7,11.55,11.3,20.34,3.5,0.93,0.492,1.0,8.79,1
25,26.23,91.76,196.0,11.8,10.6,23.32,34.98,22.2,39.96,10.6,2.83,0.503,1.0,4.98,1
25,26.23,91.76,196.0,11.8,4.7,10.34,15.51,34.6,62.28,4.7,1.25,0.507,1.0,46.77,1
25,26.23,91.76,196.0,11.8,4.6,10.12,15.18,43.3,77.94,4.6,1.23,0.509,1.0,62.76,1
25,26.23,91.76,196.0,11.8,20.7,45.54,68.31,115.4,207.72,20.7,5.52,0.511,1.0,139.41,1
25,26.23,91.76,196.0,11.8,20.3,44.66,66.99,84.2,151.56,20.3,5.41,0.512,1.0,84.57,1
25,26.23,91.76,196.0,11.8,7.3,16.06,24.09,36.4,65.52,7.3,1.95,0.509,1.0,41.43,1
25,26.23,91.76,196.0,11.8,9.3,20.46,30.69,17.4,31.32,9.3,2.48,0.505,1.0,0.63,1
25,26.23,91.76,196.0,11.8,1.6,3.52,5.28,6.3,11.34,1.6,0.43,0.502,1.0,6.06,1
25,26.23,91.76,196.0,11.8,0.7,1.54,2.31,2.5,4.5,0.7,0.19,0.495,1.0,2.19,1
25,26.23,91.76,196.0,11.8,1.7,3.74,5.61,4.3,7.74,1.7,0.45,0.48,1.0,2.13,1
25,26.23,91.76,196.0,11.8,1.0,2.2,3.3,2.3,4.14,1.0,0.27,0.474,0.988,0.84,1
25,26.23,91.76,196.0,11.8,8.5,18.7,28.05,22.8,41.04,8.5,2.27,0.492,1.0,12.99,1
25,26.23,91.76,196.0,11.8,2.1,4.62,6.93,3.2,5.76,2.1,0.56,0.495,1.0,0.0,1
25,26.23,91.76,196.0,11.8,1.1,2.42,3.63,2.1,3.78,1.1,0.29,0.49,1.0,0.15,1
25,26.23,91.76,196.0,11.8,1.9,4.18,6.27,6.1,10.98,1.9,0.51,0.486,1.0,4.71,1
25,26.23,91.76,196.0,11.8,2.3,5.06,7.59,13.2,23.76,2.3,0.61,0.503,1.0,16.17,1
25,26.23,91.76,196.0,11.8,0.0,0.0,0.0,0.0,0.0,0.0,0.0,0.347,0.723,0.0,0
25,26.23,91.76,196.0,11.8,0.0,0.0,0.0,0.0,0.0,0.0,0.0,0.337,0.701,0.0,0
25,26.23,91.76,196.0,11.8,0.7,1.54,2.31,1.0,1.8,0.7,0.19,0.332,0.692,0.0,0
25,26.23,91.76,196.0,11.8,0.0,0.0,0.0,0.0,0.0,0.0,0.0,0.318,0.663,0.0,0
25,26.23,91.76,196.0,11.8,0.0,0.0,0.0,0.0,0.0,0.0,0.0,0.31,0.646,0.0,0
25,26.23,91.76,196.0,11.8,3.1,6.82,10.23,3.6,6.48,3.1,0.83,0.319,0.664,0.0,0
25,26.23,91.76,196.0,11.8,0.0,0.0,0.0,0.0,0.0,0.0,0.0,0.298,0.622,0.0,0
25,26.23,91.76,196.0,11.8,0.0,0.0,0.0,0.0,0.0,0.0,0.0,0.29,0.605,0.0,0
25,26.23,91.76,196.0,11.8,0.0,0.0,0.0,0.0,0.0,0.0,0.0,0.285,0.593,0.0,0
25,26.23,91.76,196.0,11.8,0.0,0.0,0.0,0.0,0.0,0.0,0.0,0.285,0.594,0.0,0
25,26.23,91.76,196.0,11.8,0.1,0.22,0.33,0.4,0.72,0.1,0.03,0.467,0.972,0.39,0
25,26.23,91.76,196.0,11.8,0.0,0.0,0.0,0.0,0.0,0.0,0.0,0.446,0.93,0.0,0
25,26.23,91.76,196.0,11.8,0.0,0.0,0.0,0.0,0.0,0.0,0.0,0.431,0.899,0.0,0
25,26.23,91.76,196.0,11.8,0.0,0.0,0.0,0.0,0.0,0.0,0.0,0.418,0.871,0.0,0
25,26.23,91.76,196.0,11.8,0.0,0.0,0.0,0.0,0.0,0.0,0.0,0.407,0.847,0.0,0
25,26.23,91.76,196.0,11.8,0.0,0.0,0.0,0.0,0.0,0.0,0.0,0.398,0.829,0.0,0
25,26.23,91.76,196.0,11.8,0.1,0.22,0.33,0.2,0.36,0.1,0.03,0.387,0.807,0.03,0
25,26.23,91.76,196.0,11.8,0.0,0.0,0.0,0.0,0.0,0.0,0.0,0.376,0.784,0.0,0
25,26.23,91.76,196.0,11.8,0.0,0.0,0.0,0.0,0.0,0.0,0.0,0.366,0.763,0.0,0
25,26.23,91.76,196.0,11.8,0.0,0.0,0.0,0.0,0.0,0.0,0.0,0.353,0.736,0.0,0
26,26.23,91.85,204.0,12.600000000000001,5.7,12.54,18.81,47.2,84.96,5.7,1.52,0.505,1.0,66.15,1
26,26.23,91.85,204.0,12.600000000000001,14.5,31.9,47.85,53.3,95.94,14.5,3.87,0.513,1.0,48.09,1
26,26.23,91.85,204.0,12.600000000000001,29.7,65.34,98.01,89.6,161.28,29.7,7.92,0.511,1.0,63.27,1
26,26.23,91.85,204.0,12.600000000000001,10.3,22.66,33.99,56.9,102.42,10.3,2.75,0.513,1.0,68.43,1
26,26.23,91.85,204.0,12.600000000000001,1.3,2.86,4.29,5.8,10.44,1.3,0.35,0.506,1.0,6.15,1
26,26.23,91.85,204.0,12.600000000000001,14.9,32.78,49.17,50.1,90.18,14.9,3.97,0.507,1.0,41.01,1
26,26.23,91.85,204.0,12.600000000000001,7.1,15.62,23.43,36.3,65.34,7.1,1.89,0.505,1.0,41.91,1
26,26.23,91.85,204.0,12.600000000000001,4.8,10.56,15.84,19.9,35.82,4.8,1.28,0.504,1.0,19.98,1
26,26.23,91.85,204.0,12.600000000000001,3.6,7.92,11.88,7.4,13.32,3.6,0.96,0.496,1.0,1.44,1
26,26.23,91.85,204.0,12.600000000000001,1.2,2.64,3.96,3.0,5.4,1.2,0.32,0.494,1.0,1.44,1
26,26.23,91.85,204.0,12.600000000000001,3.1,6.82,10.23,11.4,20.52,3.1,0.83,0.493,1.0,10.29,1
26,26.23,91.85,204.0,12.600000000000001,5.0,11.0,16.5,27.0,48.6,5.0,1.33,0.507,1.0,32.1,1
26,26.23,91.85,204.0,12.600000000000001,8.2,18.04,27.06,17.1,30.78,8.2,2.19,0.497,1.0,3.72,1
26,26.23,91.85,204.0,12.600000000000001,12.1,26.62,39.93,25.7,46.26,12.1,3.23,0.499,1.0,6.33,1
26,26.23,91.85,204.0,12.600000000000001,3.4,7.48,11.22,7.3,13.14,3.4,0.91,0.503,1.0,1.92,1
26,26.23,91.85,204.0,12.600000000000001,1.1,2.42,3.63,6.9,12.42,1.1,0.29,0.498,1.0,8.79,1
26,26.23,91.85,204.0,12.600000000000001,10.8,23.76,35.64,23.0,41.4,10.8,2.88,0.501,1.0,5.76,1
26,26.23,91.85,204.0,12.600000000000001,4.8,10.56,15.84,16.9,30.42,4.8,1.28,0.5,1.0,14.58,1
26,26.23,91.85,204.0,12.600000000000001,7.1,15.62,23.43,31.4,56.52,7.1,1.89,0.505,1.0,33.09,1
26,26.23,91.85,204.0,12.600000000000001,11.6,25.52,38.28,44.1,79.38,11.6,3.09,0.508,1.0,41.1,1
26,26.23,91.85,204.0,12.600000000000001,6.3,13.86,20.79,69.5,125.1,6.3,1.68,0.514,1.0,104.31,1
26,26.23,91.85,204.0,12.600000000000001,8.2,18.04,27.06,44.6,80.28,8.2,2.19,0.51,1.0,53.22,1
26,26.23,91.85,204.0,12.600000000000001,8.5,18.7,28.05,24.0,43.2,8.5,2.27,0.503,1.0,15.15,1
26,26.23,91.85,204.0,12.600000000000001,3.9,8.58,12.87,16.2,29.16,3.9,1.04,0.505,1.0,16.29,1
26,26.23,91.85,204.0,12.600000000000001,5.2,11.44,17.16,22.4,40.32,5.2,1.39,0.503,1.0,23.16,1
26,26.23,91.85,204.0,12.600000000000001,4.2,9.24,13.86,10.5,18.9,4.2,1.12,0.492,1.0,5.04,1
26,26.23,91.85,204.0,12.600000000000001,6.1,13.42,20.13,17.9,32.22,6.1,1.63,0.497,1.0,12.09,1
26,26.23,91.85,204.0,12.600000000000001,3.2,7.04,10.56,12.4,22.32,3.2,0.85,0.504,1.0,11.76,1
26,26.23,91.85,204.0,12.600000000000001,7.1,15.62,23.43,29.3,52.74,7.1,1.89,0.509,1.0,29.31,1
26,26.23,91.85,204.0,12.600000000000001,4.6,10.12,15.18,44.8,80.64,4.6,1.23,0.511,1.0,65.46,1
26,26.23,91.85,204.0,12.600000000000001,22.9,50.38,75.57,96.0,172.8,22.9,6.11,0.513,1.0,97.23,1
26,26.23,91.85,204.0,12.600000000000001,23.4,51.48,77.22,89.3,160.74,23.4,6.24,0.512,1.0,83.52,1
26,26.23,91.85,204.0,12.600000000000001,11.9,26.18,39.27,37.5,67.5,11.9,3.17,0.506,1.0,28.23,1
26,26.23,91.85,204.0,12.600000000000001,6.9,15.18,22.77,18.0,32.4,6.9,1.84,0.504,1.0,9.63,1
26,26.23,91.85,204.0,12.600000000000001,4.5,9.9,14.85,8.7,15.66,4.5,1.2,0.5,1.0,0.81,1
26,26.23,91.85,204.0,12.600000000000001,5.8,12.76,19.14,9.3,16.74,5.8,1.55,0.497,1.0,0.0,1
26,26.23,91.85,204.0,12.600000000000001,0.3,0.66,0.99,2.2,3.96,0.3,0.08,0.476,0.991,2.97,1
26,26.23,91.85,204.0,12.600000000000001,3.0,6.6,9.9,5.7,10.26,3.0,0.8,0.482,1.0,0.36,1
26,26.23,91.85,204.0,12.600000000000001,10.9,23.98,35.97,30.4,54.72,10.9,2.91,0.496,1.0,18.75,1
26,26.23,91.85,204.0,12.600000000000001,2.7,5.94,8.91,4.0,7.2,2.7,0.72,0.498,1.0,0.0,1
26,26.23,91.85,204.0,12.600000000000001,1.6,3.52,5.28,3.5,6.3,1.6,0.43,0.493,1.0,1.02,1
26,26.23,91.85,204.0,12.600000000000001,2.0,4.4,6.6,8.7,15.66,2.0,0.53,0.495,1.0,9.06,1
26,26.23,91.85,204.0,12.600000000000001,2.9,6.38,9.57,12.6,22.68,2.9,0.77,0.506,1.0,13.11,1
26,26.23,91.85,204.0,12.600000000000001,0.0,0.0,0.0,0.0,0.0,0.0,0.0,0.238,0.497,0.0,0
26,26.23,91.85,204.0,12.600000000000001,0.0,0.0,0.0,0.0,0.0,0.0,0.0,0.229,0.476,0.0,0
26,26.23,91.85,204.0,12.600000000000001,0.0,0.0,0.0,0.0,0.0,0.0,0.0,0.227,0.472,0.0,0
26,26.23,91.85,204.0,12.600000000000001,0.0,0.0,0.0,0.0,0.0,0.0,0.0,0.22,0.458,0.0,0
26,26.23,91.85,204.0,12.600000000000001,0.3,0.66,0.99,0.3,0.54,0.3,0.08,0.216,0.45,0.0,0
26,26.23,91.85,204.0,12.600000000000001,2.6,5.72,8.58,2.8,5.04,2.6,0.69,0.226,0.471,0.0,0
26,26.23,91.85,204.0,12.600000000000001,0.0,0.0,0.0,0.0,0.0,0.0,0.0,0.219,0.457,0.0,0
26,26.23,91.85,204.0,12.600000000000001,0.0,0.0,0.0,0.0,0.0,0.0,0.0,0.211,0.44,0.0,0
26,26.23,91.85,204.0,12.600000000000001,0.0,0.0,0.0,0.0,0.0,0.0,0.0,0.208,0.434,0.0,0
26,26.23,91.85,204.0,12.600000000000001,0.0,0.0,0.0,0.0,0.0,0.0,0.0,0.211,0.44,0.0,0
26,26.23,91.85,204.0,12.600000000000001,0.3,0.66,0.99,0.5,0.9,0.3,0.08,0.468,0.976,0.0,0
26,26.23,91.85,204.0,12.600000000000001,0.0,0.0,0.0,0.0,0.0,0.0,0.0,0.45,0.938,0.0,0
26,26.23,91.85,204.0,12.600000000000001,0.0,0.0,0.0,0.0,0.0,0.0,0.0,0.439,0.915,0.0,0
26,26.23,91.85,204.0,12.600000000000001,0.0,0.0,0.0,0.0,0.0,0.0,0.0,0.429,0.893,0.0,0
26,26.23,91.85,204.0,12.600000000000001,0.0,0.0,0.0,0.0,0.0,0.0,0.0,0.42,0.875,0.0,0
26,26.23,91.85,204.0,12.600000000000001,0.0,0.0,0.0,0.0,0.0,0.0,0.0,0.415,0.864,0.0,0
26,26.23,91.85,204.0,12.600000000000001,0.0,0.0,0.0,0.0,0.0,0.0,0.0,0.408,0.849,0.0,0
26,26.23,91.85,204.0,12.600000000000001,0.0,0.0,0.0,0.0,0.0,0.0,0.0,0.399,0.831,0.0,0
26,26.23,91.85,204.0,12.600000000000001,0.0,0.0,0.0,0.0,0.0,0.0,0.0,0.391,0.814,0.0,0
26,26.23,91.85,204.0,12.600000000000001,0.0,0.0,0.0,0.0,0.0,0.0,0.0,0.38,0.792,0.0,0
27,26.23,91.94,212.0,13.400000000000002,10.0,22.0,33.0,53.5,96.3,10.0,2.67,0.507,1.0,63.3,1
27,26.23,91.94,212.0,13.400000000000002,6.1,13.42,20.13,38.3,68.94,6.1,1.63,0.512,1.0,48.81,1
27,26.23,91.94,212.0,13.400000000000002,21.4,47.08,70.62,69.0,124.2,21.4,5.71,0.51,1.0,53.58,1
27,26.23,91.94,212.0,13.400000000000002,7.6,16.72,25.08,49.8,89.64,7.6,2.03,0.512,1.0,64.56,1
27,26.23,91.94,212.0,13.400000000000002,2.1,4.62,6.93,10.4,18.72,2.1,0.56,0.503,1.0,11.79,1
27,26.23,91.94,212.0,13.400000000000002,11.2,24.64,36.96,29.4,52.92,11.2,2.99,0.505,1.0,15.96,1
27,26.23,91.94,212.0,13.400000000000002,7.0,15.4,23.1,26.8,48.24,7.0,1.87,0.506,1.0,25.14,1
27,26.23,91.94,212.0,13.400000000000002,6.4,14.08,21.12,28.6,51.48,6.4,1.71,0.503,1.0,30.36,1
27,26.23,91.94,212.0,13.400000000000002,4.0,8.8,13.2,12.3,22.14,4.0,1.07,0.5,1.0,8.94,1
27,26.23,91.94,212.0,13.400000000000002,1.1,2.42,3.63,2.6,4.68,1.1,0.29,0.494,1.0,1.05,1
27,26.23,91.94,212.0,13.400000000000002,7.1,15.62,23.43,17.4,31.32,7.1,1.89,0.493,1.0,7.89,1
27,26.23,91.94,212.0,13.400000000000002,5.1,11.22,16.83,27.8,50.04,5.1,1.36,0.507,1.0,33.21,1
27,26.23,91.94,212.0,13.400000000000002,7.3,16.06,24.09,13.2,23.76,7.3,1.95,0.494,1.0,0.0,1
27,26.23,91.94,212.0,13.400000000000002,10.4,22.88,34.32,29.4,52.92,10.4,2.77,0.504,1.0,18.6,1
27,26.23,91.94,212.0,13.400000000000002,2.0,4.4,6.6,5.9,10.62,2.0,0.53,0.501,1.0,4.02,1
27,26.23,91.94,212.0,13.400000000000002,2.4,5.28,7.92,7.0,12.6,2.4,0.64,0.497,1.0,4.68,1
27,26.23,91.94,212.0,13.400000000000002,7.7,16.94,25.41,16.7,30.06,7.7,2.05,0.503,1.0,4.65,1
27,26.23,91.94,212.0,13.400000000000002,4.4,9.68,14.52,15.9,28.62,4.4,1.17,0.501,1.0,14.1,1
27,26.23,91.94,212.0,13.400000000000002,7.0,15.4,23.1,24.4,43.92,7.0,1.87,0.503,1.0,20.82,1
27,26.23,91.94,212.0,13.400000000000002,7.5,16.5,24.75,42.5,76.5,7.5,2.0,0.505,1.0,51.75,1
27,26.23,91.94,212.0,13.400000000000002,8.3,18.26,27.39,68.5,123.3,8.3,2.21,0.512,1.0,95.91,1
27,26.23,91.94,212.0,13.400000000000002,9.1,20.02,30.03,42.5,76.5,9.1,2.43,0.515,1.0,46.47,1
27,26.23,91.94,212.0,13.400000000000002,6.0,13.2,19.8,19.8,35.64,6.0,1.6,0.503,1.0,15.84,1
27,26.23,91.94,212.0,13.400000000000002,4.2,9.24,13.86,13.6,24.48,4.2,1.12,0.507,1.0,10.62,1
27,26.23,91.94,212.0,13.400000000000002,5.3,11.66,17.49,23.5,42.3,5.3,1.41,0.506,1.0,24.81,1
27,26.23,91.94,212.0,13.400000000000002,5.1,11.22,16.83,12.7,22.86,5.1,1.36,0.496,1.0,6.03,1
27,26.23,91.94,212.0,13.400000000000002,5.9,12.98,19.47,21.3,38.34,5.9,1.57,0.498,1.0,18.87,1
27,26.23,91.94,212.0,13.400000000000002,6.2,13.64,20.46,22.1,39.78,6.2,1.65,0.505,1.0,19.32,1
27,26.23,91.94,212.0,13.400000000000002,8.8,19.36,29.04,33.3,59.94,8.8,2.35,0.512,1.0,30.9,1
27,26.23,91.94,212.0,13.400000000000002,4.5,9.9,14.85,42.1,75.78,4.5,1.2,0.509,1.0,60.93,1
27,26.23,91.94,212.0,13.400000000000002,17.8,39.16,58.74,76.7,138.06,17.8,4.75,0.509,1.0,79.32,1
27,26.23,91.94,212.0,13.400000000000002,28.9,63.58,95.37,107.5,193.5,28.9,7.71,0.509,1.0,98.13,1
27,26.23,91.94,212.0,13.400000000000002,7.4,16.28,24.42,19.0,34.2,7.4,1.97,0.505,1.0,9.78,1
27,26.23,91.94,212.0,13.400000000000002,3.0,6.6,9.9,11.8,21.24,3.0,0.8,0.505,1.0,11.34,1
27,26.23,91.94,212.0,13.400000000000002,3.3,7.26,10.89,10.5,18.9,3.3,0.88,0.5,1.0,8.01,1
27,26.23,91.94,212.0,13.400000000000002,7.6,16.72,25.08,12.9,23.22,7.6,2.03,0.495,1.0,0.0,1
27,26.23,91.94,212.0,13.400000000000002,1.3,2.86,4.29,3.1,5.58,1.3,0.35,0.49,1.0,1.29,1
27,26.23,91.94,212.0,13.400000000000002,4.9,10.78,16.17,8.6,15.48,4.9,1.31,0.496,1.0,0.0,1
27,26.23,91.94,212.0,13.400000000000002,6.6,14.52,21.78,23.8,42.84,6.6,1.76,0.499,1.0,21.06,1
27,26.23,91.94,212.0,13.400000000000002,2.6,5.72,8.58,7.9,14.22,2.6,0.69,0.505,1.0,5.64,1
27,26.23,91.94,212.0,13.400000000000002,1.8,3.96,5.94,5.6,10.08,1.8,0.48,0.497,1.0,4.14,1
27,26.23,91.94,212.0,13.400000000000002,1.4,3.08,4.62,6.7,12.06,1.4,0.37,0.489,1.0,7.44,1
27,26.23,91.94,212.0,13.400000000000002,3.1,6.82,10.23,13.9,25.02,3.1,0.83,0.506,1.0,14.79,1
27,26.23,91.94,212.0,13.400000000000002,0.0,0.0,0.0,0.0,0.0,0.0,0.0,0.333,0.694,0.0,0
27,26.23,91.94,212.0,13.400000000000002,0.0,0.0,0.0,0.0,0.0,0.0,0.0,0.322,0.67,0.0,0
27,26.23,91.94,212.0,13.400000000000002,0.1,0.22,0.33,0.2,0.36,0.1,0.03,0.32,0.666,0.03,0
27,26.23,91.94,212.0,13.400000000000002,0.0,0.0,0.0,0.0,0.0,0.0,0.0,0.312,0.65,0.0,0
27,26.23,91.94,212.0,13.400000000000002,0.3,0.66,0.99,0.3,0.54,0.3,0.08,0.309,0.643,0.0,0
27,26.23,91.94,212.0,13.400000000000002,0.8,1.76,2.64,1.2,2.16,0.8,0.21,0.308,0.641,0.0,0
27,26.23,91.94,212.0,13.400000000000002,0.0,0.0,0.0,0.0,0.0,0.0,0.0,0.303,0.631,0.0,0
27,26.23,91.94,212.0,13.400000000000002,0.0,0.0,0.0,0.0,0.0,0.0,0.0,0.292,0.609,0.0,0
27,26.23,91.94,212.0,13.400000000000002,0.0,0.0,0.0,0.0,0.0,0.0,0.0,0.288,0.6,0.0,0
27,26.23,91.94,212.0,13.400000000000002,0.0,0.0,0.0,0.0,0.0,0.0,0.0,0.29,0.604,0.0,0
27,26.23,91.94,212.0,13.400000000000002,0.1,0.22,0.33,0.2,0.36,0.1,0.03,0.466,0.971,0.03,0
27,26.23,91.94,212.0,13.400000000000002,0.0,0.0,0.0,0.0,0.0,0.0,0.0,0.449,0.935,0.0,0
27,26.23,91.94,212.0,13.400000000000002,0.0,0.0,0.0,0.0,0.0,0.0,0.0,0.438,0.913,0.0,0
27,26.23,91.94,212.0,13.400000000000002,0.0,0.0,0.0,0.0,0.0,0.0,0.0,0.429,0.894,0.0,0
27,26.23,91.94,212.0,13.400000000000002,0.0,0.0,0.0,0.0,0.0,0.0,0.0,0.422,0.879,0.0,0
27,26.23,91.94,212.0,13.400000000000002,0.0,0.0,0.0,0.0,0.0,0.0,0.0,0.418,0.87,0.0,0
27,26.23,91.94,212.0,13.400000000000002,0.0,0.0,0.0,0.0,0.0,0.0,0.0,0.413,0.861,0.0,0
27,26.23,91.94,212.0,13.400000000000002,0.0,0.0,0.0,0.0,0.0,0.0,0.0,0.405,0.844,0.0,0
27,26.23,91.94,212.0,13.400000000000002,0.0,0.0,0.0,0.0,0.0,0.0,0.0,0.398,0.829,0.0,0
27,26.23,91.94,212.0,13.400000000000002,0.0,0.0,0.0,0.0,0.0,0.0,0.0,0.388,0.807,0.0,0
28,26.14,91.4,202.0,10.8,4.6,10.12,15.18,29.0,52.2,4.6,1.23,0.505,1.0,37.02,1
28,26.14,91.4,202.0,10.8,6.7,14.74,22.11,40.5,72.9,6.7,1.79,0.509,1.0,50.79,1
28,26.14,91.4,202.0,10.8,6.4,14.08,21.12,45.5,81.9,6.4,1.71,0.507,1.0,60.78,1
28,26.14,91.4,202.0,10.8,12.6,27.72,41.58,82.3,148.14,12.6,3.36,0.51,1.0,106.56,1
28,26.14,91.4,202.0,10.8,7.2,15.84,23.76,44.8,80.64,7.2,1.92,0.505,1.0,56.88,1
28,26.14,91.4,202.0,10.8,11.1,24.42,36.63,19.4,34.92,11.1,2.96,0.507,1.0,0.0,1
28,26.14,91.4,202.0,10.8,6.4,14.08,21.12,32.2,57.96,6.4,1.71,0.505,1.0,36.84,1
28,26.14,91.4,202.0,10.8,3.6,7.92,11.88,9.3,16.74,3.6,0.96,0.505,1.0,4.86,1
28,26.14,91.4,202.0,10.8,6.6,14.52,21.78,23.7,42.66,6.6,1.76,0.503,1.0,20.88,1
28,26.14,91.4,202.0,10.8,0.9,1.98,2.97,2.9,5.22,0.9,0.24,0.493,1.0,2.25,1
28,26.14,91.4,202.0,10.8,10.8,23.76,35.64,15.3,27.54,10.8,2.88,0.493,1.0,0.0,1
28,26.14,91.4,202.0,10.8,7.6,16.72,25.08,38.1,68.58,7.6,2.03,0.506,1.0,43.5,1
28,26.14,91.4,202.0,10.8,3.3,7.26,10.89,19.4,34.92,3.3,0.88,0.501,1.0,24.03,1
28,26.14,91.4,202.0,10.8,14.4,31.68,47.52,30.9,55.62,14.4,3.84,0.504,1.0,8.1,1
28,26.14,91.4,202.0,10.8,3.3,7.26,10.89,10.6,19.08,3.3,0.88,0.497,1.0,8.19,1
28,26.14,91.4,202.0,10.8,2.4,5.28,7.92,7.5,13.5,2.4,0.64,0.493,1.0,5.58,1
28,26.14,91.4,202.0,10.8,3.4,7.48,11.22,9.8,17.64,3.4,0.91,0.498,1.0,6.42,1
28,26.14,91.4,202.0,10.8,7.7,16.94,25.41,22.9,41.22,7.7,2.05,0.501,1.0,15.81,1
28,26.14,91.4,202.0,10.8,11.3,24.86,37.29,41.4,74.52,11.3,3.01,0.505,1.0,37.23,1
28,26.14,91.4,202.0,10.8,34.0,74.8,112.2,103.3,185.94,34.0,9.07,0.507,1.0,73.74,1
28,26.14,91.4,202.0,10.8,8.4,18.48,27.72,62.1,111.78,8.4,2.24,0.512,1.0,84.06,1
28,26.14,91.4,202.0,10.8,9.5,20.9,31.35,66.4,119.52,9.5,2.53,0.509,1.0,88.17,1
28,26.14,91.4,202.0,10.8,6.3,13.86,20.79,16.2,29.16,6.3,1.68,0.505,1.0,8.37,1
28,26.14,91.4,202.0,10.8,2.9,6.38,9.57,13.2,23.76,2.9,0.77,0.504,1.0,14.19,1
28,26.14,91.4,202.0,10.8,4.2,9.24,13.86,23.1,41.58,4.2,1.12,0.504,1.0,27.72,1
28,26.14,91.4,202.0,10.8,4.9,10.78,16.17,10.8,19.44,4.9,1.31,0.498,1.0,3.27,1
28,26.14,91.4,202.0,10.8,4.4,9.68,14.52,12.4,22.32,4.4,1.17,0.499,1.0,7.8,1
28,26.14,91.4,202.0,10.8,4.2,9.24,13.86,12.5,22.5,4.2,1.12,0.497,1.0,8.64,1
28,26.14,91.4,202.0,10.8,7.0,15.4,23.1,33.3,59.94,7.0,1.87,0.505,1.0,36.84,1
28,26.14,91.4,202.0,10.8,4.4,9.68,14.52,36.1,64.98,4.4,1.17,0.509,1.0,50.46,1
28,26.14,91.4,202.0,10.8,6.9,15.18,22.77,58.8,105.84,6.9,1.84,0.514,1.0,83.07,1
28,26.14,91.4,202.0,10.8,5.9,12.98,19.47,37.2,66.96,5.9,1.57,0.506,1.0,47.49,1
28,26.14,91.4,202.0,10.8,7.5,16.5,24.75,29.3,52.74,7.5,2.0,0.512,1.0,27.99,1
28,26.14,91.4,202.0,10.8,6.0,13.2,19.8,16.4,29.52,6.0,1.6,0.497,1.0,9.72,1
28,26.14,91.4,202.0,10.8,4.9,10.78,16.17,6.6,11.88,4.9,1.31,0.497,1.0,0.0,1
28,26.14,91.4,202.0,10.8,2.0,4.4,6.6,2.5,4.5,2.0,0.53,0.484,1.0,0.0,1
28,26.14,91.4,202.0,10.8,6.5,14.3,21.45,9.4,16.92,6.5,1.73,0.484,1.0,0.0,1
28,26.14,91.4,202.0,10.8,0.1,0.22,0.33,0.2,0.36,0.1,0.03,0.451,0.94,0.03,1
28,26.14,91.4,202.0,10.8,3.7,8.14,12.21,8.7,15.66,3.7,0.99,0.463,0.966,3.45,1
28,26.14,91.4,202.0,10.8,0.3,0.66,0.99,1.4,2.52,0.3,0.08,0.468,0.974,1.53,1
28,26.14,91.4,202.0,10.8,0.9,1.98,2.97,2.6,4.68,0.9,0.24,0.482,1.0,1.71,1
28,26.14,91.4,202.0,10.8,1.2,2.64,3.96,5.9,10.62,1.2,0.32,0.488,1.0,6.66,1
28,26.14,91.4,202.0,10.8,4.2,9.24,13.86,27.7,49.86,4.2,1.12,0.506,1.0,36.0,1
28,26.14,91.4,202.0,10.8,0.0,0.0,0.0,0.0,0.0,0.0,0.0,0.341,0.711,0.0,0
28,26.14,91.4,202.0,10.8,0.2,0.44,0.66,0.2,0.36,0.2,0.05,0.332,0.691,0.0,0
28,26.14,91.4,202.0,10.8,0.7,1.54,2.31,1.3,2.34,0.7,0.19,0.331,0.689,0.03,0
28,26.14,91.4,202.0,10.8,0.0,0.0,0.0,0.0,0.0,0.0,0.0,0.319,0.665,0.0,0
28,26.14,91.4,202.0,10.8,0.0,0.0,0.0,0.0,0.0,0.0,0.0,0.315,0.656,0.0,0
28,26.14,91.4,202.0,10.8,0.7,1.54,2.31,0.7,1.26,0.7,0.19,0.313,0.651,0.0,0
28,26.14,91.4,202.0,10.8,0.0,0.0,0.0,0.0,0.0,0.0,0.0,0.304,0.633,0.0,0
28,26.14,91.4,202.0,10.8,0.0,0.0,0.0,0.0,0.0,0.0,0.0,0.299,0.624,0.0,0
28,26.14,91.4,202.0,10.8,0.0,0.0,0.0,0.0,0.0,0.0,0.0,0.297,0.619,0.0,0
28,26.14,91.4,202.0,10.8,0.0,0.0,0.0,0.0,0.0,0.0,0.0,0.298,0.621,0.0,0
28,26.14,91.4,202.0,10.8,0.3,0.66,0.99,0.6,1.08,0.3,0.08,0.473,0.986,0.09,0
28,26.14,91.4,202.0,10.8,0.0,0.0,0.0,0.0,0.0,0.0,0.0,0.452,0.941,0.0,0
28,26.14,91.4,202.0,10.8,0.0,0.0,0.0,0.0,0.0,0.0,0.0,0.437,0.91,0.0,0
28,26.14,91.4,202.0,10.8,0.0,0.0,0.0,0.0,0.0,0.0,0.0,0.422,0.88,0.0,0
28,26.14,91.4,202.0,10.8,0.0,0.0,0.0,0.0,0.0,0.0,0.0,0.412,0.859,0.0,0
28,26.14,91.4,202.0,10.8,2.5,5.5,8.25,2.5,4.5,2.5,0.67,0.419,0.873,0.0,0
28,26.14,91.4,202.0,10.8,0.0,0.0,0.0,0.0,0.0,0.0,0.0,0.395,0.823,0.0,0
28,26.14,91.4,202.0,10.8,0.0,0.0,0.0,0.0,0.0,0.0,0.0,0.387,0.807,0.0,0
28,26.14,91.4,202.0,10.8,0.0,0.0,0.0,0.0,0.0,0.0,0.0,0.374,0.779,0.0,0
28,26.14,91.4,202.0,10.8,0.0,0.0,0.0,0.0,0.0,0.0,0.0,0.361,0.753,0.0,0
29,26.14,91.49,210.0,11.600000000000001,3.2,7.04,10.56,12.6,22.68,3.2,0.85,0.504,1.0,12.12,1
29,26.14,91.49,210.0,11.600000000000001,7.3,16.06,24.09,41.6,74.88,7.3,1.95,0.51,1.0,50.79,1
29,26.14,91.49,210.0,11.600000000000001,6.7,14.74,22.11,37.9,68.22,6.7,1.79,0.507,1.0,46.11,1
29,26.14,91.49,210.0,11.600000000000001,12.6,27.72,41.58,71.4,128.52,12.6,3.36,0.511,1.0,86.94,1
29,26.14,91.49,210.0,11.600000000000001,6.1,13.42,20.13,26.5,47.7,6.1,1.63,0.504,1.0,27.57,1
29,26.14,91.49,210.0,11.600000000000001,9.5,20.9,31.35,33.5,60.3,9.5,2.53,0.505,1.0,28.95,1
29,26.14,91.49,210.0,11.600000000000001,6.5,14.3,21.45,25.6,46.08,6.5,1.73,0.509,1.0,24.63,1
29,26.14,91.49,210.0,11.600000000000001,3.7,8.14,12.21,13.6,24.48,3.7,0.99,0.506,1.0,12.27,1
29,26.14,91.49,210.0,11.600000000000001,17.6,38.72,58.08,26.8,48.24,17.6,4.69,0.501,1.0,0.0,1
29,26.14,91.49,210.0,11.600000000000001,12.5,27.5,41.25,15.1,27.18,12.5,3.33,0.494,1.0,0.0,1
29,26.14,91.49,210.0,11.600000000000001,6.6,14.52,21.78,16.1,28.98,6.6,1.76,0.494,1.0,7.2,1
29,26.14,91.49,210.0,11.600000000000001,8.0,17.6,26.4,48.1,86.58,8.0,2.13,0.507,1.0,60.18,1
29,26.14,91.49,210.0,11.600000000000001,5.5,12.1,18.15,24.6,44.28,5.5,1.47,0.506,1.0,26.13,1
29,26.14,91.49,210.0,11.600000000000001,12.5,27.5,41.25,30.9,55.62,12.5,3.33,0.504,1.0,14.37,1
29,26.14,91.49,210.0,11.600000000000001,1.2,2.64,3.96,5.0,9.0,1.2,0.32,0.499,1.0,5.04,1
29,26.14,91.49,210.0,11.600000000000001,1.8,3.96,5.94,3.8,6.84,1.8,0.48,0.489,1.0,0.9,1
29,26.14,91.49,210.0,11.600000000000001,4.9,10.78,16.17,7.2,12.96,4.9,1.31,0.495,1.0,0.0,1
29,26.14,91.49,210.0,11.600000000000001,7.9,17.38,26.07,24.2,43.56,7.9,2.11,0.501,1.0,17.49,1
29,26.14,91.49,210.0,11.600000000000001,10.2,22.44,33.66,37.8,68.04,10.2,2.72,0.504,1.0,34.38,1
29,26.14,91.49,210.0,11.600000000000001,32.3,71.06,106.59,95.3,171.54,32.3,8.61,0.506,1.0,64.95,1
29,26.14,91.49,210.0,11.600000000000001,8.8,19.36,29.04,61.7,111.06,8.8,2.35,0.512,1.0,82.02,1
29,26.14,91.49,210.0,11.600000000000001,10.5,23.1,34.65,68.1,122.58,10.5,2.8,0.511,1.0,87.93,1
29,26.14,91.49,210.0,11.600000000000001,6.1,13.42,20.13,15.1,27.18,6.1,1.63,0.507,1.0,7.05,1
29,26.14,91.49,210.0,11.600000000000001,2.2,4.84,7.26,12.1,21.78,2.2,0.59,0.508,1.0,14.52,1
29,26.14,91.49,210.0,11.600000000000001,4.5,9.9,14.85,19.5,35.1,4.5,1.2,0.504,1.0,20.25,1
29,26.14,91.49,210.0,11.600000000000001,4.7,10.34,15.51,12.6,22.68,4.7,1.25,0.499,1.0,7.17,1
29,26.14,91.49,210.0,11.600000000000001,2.9,6.38,9.57,12.2,21.96,2.9,0.77,0.499,1.0,12.39,1
29,26.14,91.49,210.0,11.600000000000001,9.6,21.12,31.68,17.1,30.78,9.6,2.56,0.502,1.0,0.0,1
29,26.14,91.49,210.0,11.600000000000001,8.3,18.26,27.39,30.4,54.72,8.3,2.21,0.506,1.0,27.33,1
29,26.14,91.49,210.0,11.600000000000001,3.6,7.92,11.88,30.4,54.72,3.6,0.96,0.512,1.0,42.84,1
29,26.14,91.49,210.0,11.600000000000001,5.7,12.54,18.81,53.0,95.4,5.7,1.52,0.51,1.0,76.59,1
29,26.14,91.49,210.0,11.600000000000001,8.4,18.48,27.72,46.6,83.88,8.4,2.24,0.506,1.0,56.16,1
29,26.14,91.49,210.0,11.600000000000001,8.3,18.26,27.39,34.9,62.82,8.3,2.21,0.509,1.0,35.43,1
29,26.14,91.49,210.0,11.600000000000001,3.9,8.58,12.87,13.3,23.94,3.9,1.04,0.5,1.0,11.07,1
29,26.14,91.49,210.0,11.600000000000001,0.7,1.54,2.31,3.0,5.4,0.7,0.19,0.501,1.0,3.09,1
29,26.14,91.49,210.0,11.600000000000001,1.0,2.2,3.3,1.5,2.7,1.0,0.27,0.482,1.0,0.0,1
29,26.14,91.49,210.0,11.600000000000001,1.9,4.18,6.27,8.0,14.4,1.9,0.51,0.482,1.0,8.13,1
29,26.14,91.49,210.0,11.600000000000001,0.1,0.22,0.33,0.2,0.36,0.1,0.03,0.474,0.987,0.03,1
29,26.14,91.49,210.0,11.600000000000001,2.0,4.4,6.6,8.7,15.66,2.0,0.53,0.484,1.0,9.06,1
29,26.14,91.49,210.0,11.600000000000001,0.7,1.54,2.31,3.2,5.76,0.7,0.19,0.486,1.0,3.45,1
29,26.14,91.49,210.0,11.600000000000001,4.4,9.68,14.52,5.3,9.54,4.4,1.17,0.491,1.0,0.0,1
29,26.14,91.49,210.0,11.600000000000001,3.6,7.92,11.88,8.2,14.76,3.6,0.96,0.498,1.0,2.88,1
29,26.14,91.49,210.0,11.600000000000001,4.0,8.8,13.2,25.8,46.44,4.0,1.07,0.505,1.0,33.24,1
29,26.14,91.49,210.0,11.600000000000001,0.0,0.0,0.0,0.0,0.0,0.0,0.0,0.349,0.728,0.0,0
29,26.14,91.49,210.0,11.600000000000001,0.0,0.0,0.0,0.0,0.0,0.0,0.0,0.341,0.711,0.0,0
29,26.14,91.49,210.0,11.600000000000001,0.5,1.1,1.65,0.6,1.08,0.5,0.13,0.341,0.711,0.0,0
29,26.14,91.49,210.0,11.600000000000001,0.0,0.0,0.0,0.0,0.0,0.0,0.0,0.335,0.697,0.0,0
29,26.14,91.49,210.0,11.600000000000001,0.1,0.22,0.33,0.1,0.18,0.1,0.03,0.33,0.688,0.0,0
29,26.14,91.49,210.0,11.600000000000001,2.2,4.84,7.26,2.3,4.14,2.2,0.59,0.34,0.708,0.0,0
29,26.14,91.49,210.0,11.600000000000001,0.0,0.0,0.0,0.0,0.0,0.0,0.0,0.325,0.677,0.0,0
29,26.14,91.49,210.0,11.600000000000001,0.0,0.0,0.0,0.0,0.0,0.0,0.0,0.319,0.665,0.0,0
29,26.14,91.49,210.0,11.600000000000001,0.0,0.0,0.0,0.0,0.0,0.0,0.0,0.316,0.658,0.0,0
29,26.14,91.49,210.0,11.600000000000001,0.0,0.0,0.0,0.0,0.0,0.0,0.0,0.322,0.671,0.0,0
29,26.14,91.49,210.0,11.600000000000001,0.3,0.66,0.99,0.5,0.9,0.3,0.08,0.478,0.996,0.0,0
29,26.14,91.49,210.0,11.600000000000001,0.0,0.0,0.0,0.0,0.0,0.0,0.0,0.459,0.956,0.0,0
29,26.14,91.49,210.0,11.600000000000001,0.0,0.0,0.0,0.0,0.0,0.0,0.0,0.447,0.932,0.0,0
29,26.14,91.49,210.0,11.600000000000001,0.1,0.22,0.33,0.1,0.18,0.1,0.03,0.436,0.909,0.0,0
29,26.14,91.49,210.0,11.600000000000001,0.0,0.0,0.0,0.0,0.0,0.0,0.0,0.428,0.891,0.0,0
29,26.14,91.49,210.0,11.600000000000001,2.2,4.84,7.26,2.2,3.96,2.2,0.59,0.435,0.906,0.0,0
29,26.14,91.49,210.0,11.600000000000001,0.0,0.0,0.0,0.0,0.0,0.0,0.0,0.415,0.865,0.0,0
29,26.14,91.49,210.0,11.600000000000001,0.0,0.0,0.0,0.0,0.0,0.0,0.0,0.408,0.851,0.0,0
29,26.14,91.49,210.0,11.600000000000001,0.0,0.0,0.0,0.0,0.0,0.0,0.0,0.399,0.831,0.0,0
29,26.14,91.49,210.0,11.600000000000001,0.1,0.22,0.33,0.1,0.18,0.1,0.03,0.389,0.811,0.0,0
30,26.14,91.58,218.0,12.4,1.9,4.18,6.27,9.1,16.38,1.9,0.51,0.504,1.0,10.11,1
30,26.14,91.58,218.0,12.4,11.2,24.64,36.96,40.2,72.36,11.2,2.99,0.512,1.0,35.4,1
30,26.14,91.58,218.0,12.4,7.8,17.16,25.74,36.8,66.24,7.8,2.08,0.51,1.0,40.5,1
30,26.14,91.58,218.0,12.4,8.5,18.7,28.05,64.6,116.28,8.5,2.27,0.51,1.0,88.23,1
30,26.14,91.58,218.0,12.4,2.8,6.16,9.24,14.6,26.28,2.8,0.75,0.503,1.0,17.04,1
30,26.14,91.58,218.0,12.4,10.8,23.76,35.64,39.4,70.92,10.8,2.88,0.505,1.0,35.28,1
30,26.14,91.58,218.0,12.4,3.7,8.14,12.21,15.3,27.54,3.7,0.99,0.503,1.0,15.33,1
30,26.14,91.58,218.0,12.4,6.5,14.3,21.45,21.5,38.7,6.5,1.73,0.505,1.0,17.25,1
30,26.14,91.58,218.0,12.4,17.4,38.28,57.42,25.8,46.44,17.4,4.64,0.5,1.0,0.0,1
30,26.14,91.58,218.0,12.4,13.6,29.92,44.88,15.2,27.36,13.6,3.63,0.493,1.0,0.0,1
30,26.14,91.58,218.0,12.4,7.7,16.94,25.41,10.5,18.9,7.7,2.05,0.494,1.0,0.0,1
30,26.14,91.58,218.0,12.4,8.1,17.82,26.73,47.7,85.86,8.1,2.16,0.505,1.0,59.13,1
30,26.14,91.58,218.0,12.4,3.3,7.26,10.89,15.0,27.0,3.3,0.88,0.501,1.0,16.11,1
30,26.14,91.58,218.0,12.4,3.8,8.36,12.54,17.4,31.32,3.8,1.01,0.504,1.0,18.78,1
30,26.14,91.58,218.0,12.4,0.8,1.76,2.64,2.6,4.68,0.8,0.21,0.493,1.0,2.04,1
30,26.14,91.58,218.0,12.4,1.0,2.2,3.3,2.2,3.96,1.0,0.27,0.472,0.983,0.66,1
30,26.14,91.58,218.0,12.4,5.4,11.88,17.82,7.4,13.32,5.4,1.44,0.494,1.0,0.0,1
30,26.14,91.58,218.0,12.4,7.9,17.38,26.07,28.6,51.48,7.9,2.11,0.501,1.0,25.41,1
30,26.14,91.58,218.0,12.4,9.7,21.34,32.01,37.0,66.6,9.7,2.59,0.504,1.0,34.59,1
30,26.14,91.58,218.0,12.4,26.6,58.52,87.78,77.9,140.22,26.6,7.09,0.503,1.0,52.44,1
30,26.14,91.58,218.0,12.4,9.1,20.02,30.03,65.3,117.54,9.1,2.43,0.511,1.0,87.51,1
30,26.14,91.58,218.0,12.4,10.4,22.88,34.32,67.0,120.6,10.4,2.77,0.508,1.0,86.28,1
30,26.14,91.58,218.0,12.4,4.9,10.78,16.17,14.8,26.64,4.9,1.31,0.505,1.0,10.47,1
30,26.14,91.58,218.0,12.4,3.1,6.82,10.23,10.1,18.18,3.1,0.83,0.505,1.0,7.95,1
30,26.14,91.58,218.0,12.4,4.4,9.68,14.52,18.9,34.02,4.4,1.17,0.504,1.0,19.5,1
30,26.14,91.58,218.0,12.4,6.1,13.42,20.13,15.1,27.18,6.1,1.63,0.498,1.0,7.05,1
30,26.14,91.58,218.0,12.4,3.1,6.82,10.23,12.0,21.6,3.1,0.83,0.495,1.0,11.37,1
30,26.14,91.58,218.0,12.4,6.5,14.3,21.45,15.2,27.36,6.5,1.73,0.5,1.0,5.91,1
30,26.14,91.58,218.0,12.4,7.1,15.62,23.43,23.5,42.3,7.1,1.89,0.506,1.0,18.87,1
30,26.14,91.58,218.0,12.4,3.0,6.6,9.9,28.3,50.94,3.0,0.8,0.508,1.0,41.04,1
30,26.14,91.58,218.0,12.4,4.7,10.34,15.51,44.8,80.64,4.7,1.25,0.511,1.0,65.13,1
30,26.14,91.58,218.0,12.4,9.5,20.9,31.35,41.4,74.52,9.5,2.53,0.503,1.0,43.17,1
30,26.14,91.58,218.0,12.4,5.9,12.98,19.47,22.1,39.78,5.9,1.57,0.508,1.0,20.31,1
30,26.14,91.58,218.0,12.4,6.8,14.96,22.44,9.6,17.28,6.8,1.81,0.5,1.0,0.0,1
30,26.14,91.58,218.0,12.4,0.7,1.54,2.31,3.0,5.4,0.7,0.19,0.497,1.0,3.09,1
30,26.14,91.58,218.0,12.4,0.5,1.1,1.65,0.9,1.62,0.5,0.13,0.486,1.0,0.0,1
30,26.14,91.58,218.0,12.4,2.5,5.5,8.25,8.9,16.02,2.5,0.67,0.485,1.0,7.77,1
30,26.14,91.58,218.0,12.4,0.3,0.66,0.99,0.8,1.44,0.3,0.08,0.482,1.0,0.45,1
30,26.14,91.58,218.0,12.4,2.3,5.06,7.59,5.1,9.18,2.3,0.61,0.482,1.0,1.59,1
30,26.14,91.58,218.0,12.4,5.3,11.66,17.49,7.3,13.14,5.3,1.41,0.477,0.994,0.0,1
30,26.14,91.58,218.0,12.4,0.4,0.88,1.32,1.1,1.98,0.4,0.11,0.482,1.0,0.66,1
30,26.14,91.58,218.0,12.4,1.5,3.3,4.95,7.5,13.5,1.5,0.4,0.494,1.0,8.55,1
30,26.14,91.58,218.0,12.4,3.4,7.48,11.22,21.3,38.34,3.4,0.91,0.509,1.0,27.12,1
30,26.14,91.58,218.0,12.4,0.0,0.0,0.0,0.0,0.0,0.0,0.0,0.266,0.553,0.0,0
30,26.14,91.58,218.0,12.4,0.0,0.0,0.0,0.0,0.0,0.0,0.0,0.261,0.544,0.0,0
30,26.14,91.58,218.0,12.4,0.6,1.32,1.98,0.6,1.08,0.6,0.16,0.259,0.54,0.0,0
30,26.14,91.58,218.0,12.4,0.0,0.0,0.0,0.0,0.0,0.0,0.0,0.255,0.531,0.0,0
30,26.14,91.58,218.0,12.4,0.0,0.0,0.0,0.0,0.0,0.0,0.0,0.25,0.522,0.0,0
30,26.14,91.58,218.0,12.4,1.4,3.08,4.62,1.4,2.52,1.4,0.37,0.256,0.534,0.0,0
30,26.14,91.58,218.0,12.4,0.0,0.0,0.0,0.0,0.0,0.0,0.0,0.25,0.52,0.0,0
30,26.14,91.58,218.0,12.4,0.0,0.0,0.0,0.0,0.0,0.0,0.0,0.243,0.506,0.0,0
30,26.14,91.58,218.0,12.4,0.0,0.0,0.0,0.0,0.0,0.0,0.0,0.242,0.505,0.0,0
30,26.14,91.58,218.0,12.4,0.0,0.0,0.0,0.0,0.0,0.0,0.0,0.253,0.528,0.0,0
30,26.14,91.58,218.0,12.4,0.2,0.44,0.66,0.4,0.72,0.2,0.05,0.468,0.974,0.06,0
30,26.14,91.58,218.0,12.4,0.0,0.0,0.0,0.0,0.0,0.0,0.0,0.442,0.921,0.0,0
30,26.14,91.58,218.0,12.4,0.0,0.0,0.0,0.0,0.0,0.0,0.0,0.427,0.889,0.0,0
30,26.14,91.58,218.0,12.4,0.0,0.0,0.0,0.0,0.0,0.0,0.0,0.412,0.859,0.0,0
30,26.14,91.58,218.0,12.4,1.6,3.52,5.28,1.6,2.88,1.6,0.43,0.406,0.845,0.0,0
30,26.14,91.58,218.0,12.4,0.1,0.22,0.33,0.1,0.18,0.1,0.03,0.392,0.817,0.0,0
30,26.14,91.58,218.0,12.4,0.1,0.22,0.33,0.1,0.18,0.1,0.03,0.383,0.797,0.0,0
30,26.14,91.58,218.0,12.4,0.0,0.0,0.0,0.0,0.0,0.0,0.0,0.372,0.776,0.0,0
30,26.14,91.58,218.0,12.4,0.0,0.0,0.0,0.0,0.0,0.0,0.0,0.361,0.753,0.0,0
30,26.14,91.58,218.0,12.4,0.0,0.0,0.0,0.0,0.0,0.0,0.0,0.35,0.729,0.0,0
31,26.14,91.67,226.0,13.200000000000001,3.4,7.48,11.22,15.5,27.9,3.4,0.91,0.507,1.0,16.68,1
31,26.14,91.67,226.0,13.200000000000001,14.4,31.68,47.52,43.9,79.02,14.4,3.84,0.511,1.0,31.5,1
31,26.14,91.67,226.0,13.200000000000001,10.0,22.0,33.0,40.7,73.26,10.0,2.67,0.511,1.0,40.26,1
31,26.14,91.67,226.0,13.200000000000001,5.4,11.88,17.82,55.2,99.36,5.4,1.44,0.51,1.0,81.54,1
31,26.14,91.67,226.0,13.200000000000001,2.0,4.4,6.6,11.9,21.42,2.0,0.53,0.507,1.0,14.82,1
31,26.14,91.67,226.0,13.200000000000001,11.3,24.86,37.29,41.2,74.16,11.3,3.01,0.503,1.0,36.87,1
31,26.14,91.67,226.0,13.200000000000001,4.0,8.8,13.2,14.3,25.74,4.0,1.07,0.504,1.0,12.54,1
31,26.14,91.67,226.0,13.200000000000001,3.9,8.58,12.87,16.1,28.98,3.9,1.04,0.509,1.0,16.11,1
31,26.14,91.67,226.0,13.200000000000001,13.1,28.82,43.23,24.4,43.92,13.1,3.49,0.5,1.0,0.69,1
31,26.14,91.67,226.0,13.200000000000001,6.4,14.08,21.12,8.8,15.84,6.4,1.71,0.491,1.0,0.0,1
31,26.14,91.67,226.0,13.200000000000001,5.0,11.0,16.5,10.9,19.62,5.0,1.33,0.491,1.0,3.12,1
31,26.14,91.67,226.0,13.200000000000001,7.5,16.5,24.75,45.7,82.26,7.5,2.0,0.504,1.0,57.51,1
31,26.14,91.67,226.0,13.200000000000001,3.5,7.7,11.55,11.4,20.52,3.5,0.93,0.497,1.0,8.97,1
31,26.14,91.67,226.0,13.200000000000001,3.6,7.92,11.88,14.7,26.46,3.6,0.96,0.504,1.0,14.58,1
31,26.14,91.67,226.0,13.200000000000001,1.0,2.2,3.3,2.9,5.22,1.0,0.27,0.491,1.0,1.92,1
31,26.14,91.67,226.0,13.200000000000001,1.6,3.52,5.28,5.1,9.18,1.6,0.43,0.483,1.0,3.9,1
31,26.14,91.67,226.0,13.200000000000001,4.7,10.34,15.51,7.5,13.5,4.7,1.25,0.494,1.0,0.0,1
31,26.14,91.67,226.0,13.200000000000001,8.8,19.36,29.04,28.2,50.76,8.8,2.35,0.501,1.0,21.72,1
31,26.14,91.67,226.0,13.200000000000001,7.2,15.84,23.76,24.8,44.64,7.2,1.92,0.498,1.0,20.88,1
31,26.14,91.67,226.0,13.200000000000001,21.0,46.2,69.3,59.8,107.64,21.0,5.6,0.507,1.0,38.34,1
31,26.14,91.67,226.0,13.200000000000001,8.4,18.48,27.72,56.3,101.34,8.4,2.24,0.513,1.0,73.62,1
31,26.14,91.67,226.0,13.200000000000001,9.6,21.12,31.68,57.5,103.5,9.6,2.56,0.507,1.0,71.82,1
31,26.14,91.67,226.0,13.200000000000001,3.4,7.48,11.22,16.2,29.16,3.4,0.91,0.505,1.0,17.94,1
31,26.14,91.67,226.0,13.200000000000001,3.7,8.14,12.21,10.5,18.9,3.7,0.99,0.499,1.0,6.69,1
31,26.14,91.67,226.0,13.200000000000001,3.7,8.14,12.21,14.7,26.46,3.7,0.99,0.502,1.0,14.25,1
31,26.14,91.67,226.0,13.200000000000001,2.8,6.16,9.24,17.6,31.68,2.8,0.75,0.504,1.0,22.44,1
31,26.14,91.67,226.0,13.200000000000001,3.8,8.36,12.54,14.9,26.82,3.8,1.01,0.498,1.0,14.28,1
31,26.14,91.67,226.0,13.200000000000001,5.5,12.1,18.15,21.6,38.88,5.5,1.47,0.498,1.0,20.73,1
31,26.14,91.67,226.0,13.200000000000001,4.6,10.12,15.18,19.4,34.92,4.6,1.23,0.505,1.0,19.74,1
31,26.14,91.67,226.0,13.200000000000001,3.7,8.14,12.21,28.6,51.48,3.7,0.99,0.512,1.0,39.27,1
31,26.14,91.67,226.0,13.200000000000001,5.9,12.98,19.47,39.1,70.38,5.9,1.57,0.512,1.0,50.91,1
31,26.14,91.67,226.0,13.200000000000001,8.8,19.36,29.04,38.5,69.3,8.8,2.35,0.504,1.0,40.26,1
31,26.14,91.67,226.0,13.200000000000001,4.0,8.8,13.2,14.7,26.46,4.0,1.07,0.502,1.0,13.26,1
31,26.14,91.67,226.0,13.200000000000001,4.9,10.78,16.17,8.1,14.58,4.9,1.31,0.502,1.0,0.0,1
31,26.14,91.67,226.0,13.200000000000001,2.0,4.4,6.6,4.1,7.38,2.0,0.53,0.5,1.0,0.78,1
31,26.14,91.67,226.0,13.200000000000001,5.3,11.66,17.49,9.2,16.56,5.3,1.41,0.494,1.0,0.0,1
31,26.14,91.67,226.0,13.200000000000001,5.6,12.32,18.48,12.3,22.14,5.6,1.49,0.496,1.0,3.66,1
31,26.14,91.67,226.0,13.200000000000001,0.8,1.76,2.64,1.8,3.24,0.8,0.21,0.49,1.0,0.6,1
31,26.14,91.67,226.0,13.200000000000001,5.5,12.1,18.15,16.8,30.24,5.5,1.47,0.489,1.0,12.09,1
31,26.14,91.67,226.0,13.200000000000001,6.0,13.2,19.8,8.5,15.3,6.0,1.6,0.488,1.0,0.0,1
31,26.14,91.67,226.0,13.200000000000001,0.3,0.66,0.99,1.1,1.98,0.3,0.08,0.481,1.0,0.99,1
31,26.14,91.67,226.0,13.200000000000001,3.6,7.92,11.88,8.3,14.94,3.6,0.96,0.492,1.0,3.06,1
31,26.14,91.67,226.0,13.200000000000001,3.2,7.04,10.56,22.7,40.86,3.2,0.85,0.505,1.0,30.3,1
31,26.14,91.67,226.0,13.200000000000001,0.0,0.0,0.0,0.0,0.0,0.0,0.0,0.28,0.584,0.0,0
31,26.14,91.67,226.0,13.200000000000001,0.2,0.44,0.66,0.2,0.36,0.2,0.05,0.279,0.581,0.0,0
31,26.14,91.67,226.0,13.200000000000001,0.4,0.88,1.32,0.6,1.08,0.4,0.11,0.271,0.565,0.0,0
31,26.14,91.67,226.0,13.200000000000001,0.0,0.0,0.0,0.0,0.0,0.0,0.0,0.265,0.552,0.0,0
31,26.14,91.67,226.0,13.200000000000001,0.1,0.22,0.33,0.1,0.18,0.1,0.03,0.262,0.546,0.0,0
31,26.14,91.67,226.0,13.200000000000001,3.3,7.26,10.89,6.4,11.52,3.3,0.88,0.293,0.611,0.63,0
31,26.14,91.67,226.0,13.200000000000001,0.0,0.0,0.0,0.0,0.0,0.0,0.0,0.255,0.531,0.0,0
31,26.14,91.67,226.0,13.200000000000001,0.0,0.0,0.0,0.0,0.0,0.0,0.0,0.247,0.516,0.0,0
31,26.14,91.67,226.0,13.200000000000001,0.0,0.0,0.0,0.0,0.0,0.0,0.0,0.247,0.514,0.0,0
31,26.14,91.67,226.0,13.200000000000001,0.0,0.0,0.0,0.0,0.0,0.0,0.0,0.261,0.543,0.0,0
31,26.14,91.67,226.0,13.200000000000001,0.3,0.66,0.99,0.4,0.72,0.3,0.08,0.454,0.945,0.0,0
31,26.14,91.67,226.0,13.200000000000001,0.0,0.0,0.0,0.0,0.0,0.0,0.0,0.429,0.893,0.0,0
31,26.14,91.67,226.0,13.200000000000001,0.0,0.0,0.0,0.0,0.0,0.0,0.0,0.414,0.862,0.0,0
31,26.14,91.67,226.0,13.200000000000001,0.0,0.0,0.0,0.0,0.0,0.0,0.0,0.401,0.834,0.0,0
31,26.14,91.67,226.0,13.200000000000001,1.6,3.52,5.28,1.6,2.88,1.6,0.43,0.393,0.818,0.0,0
31,26.14,91.67,226.0,13.200000000000001,0.1,0.22,0.33,0.1,0.18,0.1,0.03,0.377,0.786,0.0,0
31,26.14,91.67,226.0,13.200000000000001,0.1,0.22,0.33,0.1,0.18,0.1,0.03,0.368,0.767,0.0,0
31,26.14,91.67,226.0,13.200000000000001,0.0,0.0,0.0,0.0,0.0,0.0,0.0,0.359,0.749,0.0,0
31,26.14,91.67,226.0,13.200000000000001,0.0,0.0,0.0,0.0,0.0,0.0,0.0,0.35,0.728,0.0,0
31,26.14,91.67,226.0,13.200000000000001,0.0,0.0,0.0,0.0,0.0,0.0,0.0,0.338,0.704,0.0,0
32,26.14,91.76,234.0,14.0,5.4,11.88,17.82,24.3,43.74,5.4,1.44,0.505,1.0,25.92,1
32,26.14,91.76,234.0,14.0,11.9,26.18,39.27,39.6,71.28,11.9,3.17,0.509,1.0,32.01,1
32,26.14,91.76,234.0,14.0,8.4,18.48,27.72,53.1,95.58,8.4,2.24,0.51,1.0,67.86,1
32,26.14,91.76,234.0,14.0,5.5,12.1,18.15,58.8,105.84,5.5,1.47,0.511,1.0,87.69,1
32,26.14,91.76,234.0,14.0,3.7,8.14,12.21,20.2,36.36,3.7,0.99,0.503,1.0,24.15,1
32,26.14,91.76,234.0,14.0,6.8,14.96,22.44,27.8,50.04,6.8,1.81,0.501,1.0,27.6,1
32,26.14,91.76,234.0,14.0,5.0,11.0,16.5,16.3,29.34,5.0,1.33,0.503,1.0,12.84,1
32,26.14,91.76,234.0,14.0,3.9,8.58,12.87,20.4,36.72,3.9,1.04,0.504,1.0,23.85,1
32,26.14,91.76,234.0,14.0,12.4,27.28,40.92,16.9,30.42,12.4,3.31,0.5,1.0,0.0,1
32,26.14,91.76,234.0,14.0,3.4,7.48,11.22,5.7,10.26,3.4,0.91,0.497,1.0,0.0,1
32,26.14,91.76,234.0,14.0,4.7,10.34,15.51,11.7,21.06,4.7,1.25,0.495,1.0,5.55,1
32,26.14,91.76,234.0,14.0,7.1,15.62,23.43,41.6,74.88,7.1,1.89,0.507,1.0,51.45,1
32,26.14,91.76,234.0,14.0,2.9,6.38,9.57,9.9,17.82,2.9,0.77,0.492,1.0,8.25,1
32,26.14,91.76,234.0,14.0,5.3,11.66,17.49,14.5,26.1,5.3,1.41,0.501,1.0,8.61,1
32,26.14,91.76,234.0,14.0,0.6,1.32,1.98,1.8,3.24,0.6,0.16,0.491,1.0,1.26,1
32,26.14,91.76,234.0,14.0,2.5,5.5,8.25,4.7,8.46,2.5,0.67,0.483,1.0,0.21,1
32,26.14,91.76,234.0,14.0,4.1,9.02,13.53,7.6,13.68,4.1,1.09,0.491,1.0,0.15,1
32,26.14,91.76,234.0,14.0,5.3,11.66,17.49,24.3,43.74,5.3,1.41,0.499,1.0,26.25,1
32,26.14,91.76,234.0,14.0,4.6,10.12,15.18,18.9,34.02,4.6,1.23,0.505,1.0,18.84,1
32,26.14,91.76,234.0,14.0,15.1,33.22,49.83,46.3,83.34,15.1,4.03,0.505,1.0,33.51,1
32,26.14,91.76,234.0,14.0,4.5,9.9,14.85,51.0,91.8,4.5,1.2,0.511,1.0,76.95,1
32,26.14,91.76,234.0,14.0,8.5,18.7,28.05,53.1,95.58,8.5,2.27,0.507,1.0,67.53,1
32,26.14,91.76,234.0,14.0,4.3,9.46,14.19,15.3,27.54,4.3,1.15,0.505,1.0,13.35,1
32,26.14,91.76,234.0,14.0,7.6,16.72,25.08,16.3,29.34,7.6,2.03,0.505,1.0,4.26,1
32,26.14,91.76,234.0,14.0,2.9,6.38,9.57,15.7,28.26,2.9,0.77,0.507,1.0,18.69,1
32,26.14,91.76,234.0,14.0,4.9,10.78,16.17,15.0,27.0,4.9,1.31,0.5,1.0,10.83,1
32,26.14,91.76,234.0,14.0,4.7,10.34,15.51,21.1,37.98,4.7,1.25,0.504,1.0,22.47,1
32,26.14,91.76,234.0,14.0,2.8,6.16,9.24,12.9,23.22,2.8,0.75,0.507,1.0,13.98,1
32,26.14,91.76,234.0,14.0,3.0,6.6,9.9,15.1,27.18,3.0,0.8,0.505,1.0,17.28,1
32,26.14,91.76,234.0,14.0,2.6,5.72,8.58,25.0,45.0,2.6,0.69,0.51,1.0,36.42,1
32,26.14,91.76,234.0,14.0,4.6,10.12,15.18,37.4,67.32,4.6,1.23,0.513,1.0,52.14,1
32,26.14,91.76,234.0,14.0,9.9,21.78,32.67,44.1,79.38,9.9,2.64,0.507,1.0,46.71,1
32,26.14,91.76,234.0,14.0,6.7,14.74,22.11,19.4,34.92,6.7,1.79,0.499,1.0,12.81,1
32,26.14,91.76,234.0,14.0,2.6,5.72,8.58,8.0,14.4,2.6,0.69,0.503,1.0,5.82,1
32,26.14,91.76,234.0,14.0,2.4,5.28,7.92,7.0,12.6,2.4,0.64,0.502,1.0,4.68,1
32,26.14,91.76,234.0,14.0,7.6,16.72,25.08,15.1,27.18,7.6,2.03,0.496,1.0,2.1,1
32,26.14,91.76,234.0,14.0,4.5,9.9,14.85,15.9,28.62,4.5,1.2,0.497,1.0,13.77,1
32,26.14,91.76,234.0,14.0,5.4,11.88,17.82,7.0,12.6,5.4,1.44,0.497,1.0,0.0,1
32,26.14,91.76,234.0,14.0,5.4,11.88,17.82,24.5,44.1,5.4,1.44,0.492,1.0,26.28,1
32,26.14,91.76,234.0,14.0,2.7,5.94,8.91,5.5,9.9,2.7,0.72,0.492,1.0,0.99,1
32,26.14,91.76,234.0,14.0,0.7,1.54,2.31,2.1,3.78,0.7,0.19,0.486,1.0,1.47,1
32,26.14,91.76,234.0,14.0,2.6,5.72,8.58,6.6,11.88,2.6,0.69,0.496,1.0,3.3,1
32,26.14,91.76,234.0,14.0,2.8,6.16,9.24,18.0,32.4,2.8,0.75,0.506,1.0,23.16,1
32,26.14,91.76,234.0,14.0,0.0,0.0,0.0,0.0,0.0,0.0,0.0,0.263,0.547,0.0,0
32,26.14,91.76,234.0,14.0,0.0,0.0,0.0,0.0,0.0,0.0,0.0,0.26,0.541,0.0,0
32,26.14,91.76,234.0,14.0,0.1,0.22,0.33,0.2,0.36,0.1,0.03,0.254,0.529,0.03,0
32,26.14,91.76,234.0,14.0,0.0,0.0,0.0,0.0,0.0,0.0,0.0,0.247,0.515,0.0,0
32,26.14,91.76,234.0,14.0,0.2,0.44,0.66,0.3,0.54,0.2,0.05,0.245,0.511,0.0,0
32,26.14,91.76,234.0,14.0,3.5,7.7,11.55,4.5,8.1,3.5,0.93,0.263,0.548,0.0,0
32,26.14,91.76,234.0,14.0,0.0,0.0,0.0,0.0,0.0,0.0,0.0,0.243,0.506,0.0,0
32,26.14,91.76,234.0,14.0,0.0,0.0,0.0,0.0,0.0,0.0,0.0,0.235,0.491,0.0,0
32,26.14,91.76,234.0,14.0,0.0,0.0,0.0,0.0,0.0,0.0,0.0,0.233,0.485,0.0,0
32,26.14,91.76,234.0,14.0,0.0,0.0,0.0,0.0,0.0,0.0,0.0,0.244,0.508,0.0,0
32,26.14,91.76,234.0,14.0,0.1,0.22,0.33,0.4,0.72,0.1,0.03,0.462,0.963,0.39,0
32,26.14,91.76,234.0,14.0,0.0,0.0,0.0,0.0,0.0,0.0,0.0,0.437,0.909,0.0,0
32,26.14,91.76,234.0,14.0,0.0,0.0,0.0,0.0,0.0,0.0,0.0,0.421,0.878,0.0,0
32,26.14,91.76,234.0,14.0,0.0,0.0,0.0,0.0,0.0,0.0,0.0,0.409,0.852,0.0,0
32,26.14,91.76,234.0,14.0,0.0,0.0,0.0,0.0,0.0,0.0,0.0,0.395,0.823,0.0,0
32,26.14,91.76,234.0,14.0,0.2,0.44,0.66,0.2,0.36,0.2,0.05,0.383,0.797,0.0,0
32,26.14,91.76,234.0,14.0,0.0,0.0,0.0,0.0,0.0,0.0,0.0,0.371,0.773,0.0,0
32,26.14,91.76,234.0,14.0,0.0,0.0,0.0,0.0,0.0,0.0,0.0,0.363,0.756,0.0,0
32,26.14,91.76,234.0,14.0,0.0,0.0,0.0,0.0,0.0,0.0,0.0,0.354,0.737,0.0,0
32,26.14,91.76,234.0,14.0,0.0,0.0,0.0,0.0,0.0,0.0,0.0,0.34,0.708,0.0,0
33,26.14,91.85,242.0,14.8,8.9,19.58,29.37,29.3,52.74,8.9,2.37,0.499,1.0,23.37,1
33,26.14,91.85,242.0,14.8,3.6,7.92,11.88,22.9,41.22,3.6,0.96,0.507,1.0,29.34,1
33,26.14,91.85,242.0,14.8,7.8,17.16,25.74,56.4,101.52,7.8,2.08,0.512,1.0,75.78,1
33,26.14,91.85,242.0,14.8,10.7,23.54,35.31,69.9,125.82,10.7,2.85,0.512,1.0,90.51,1
33,26.14,91.85,242.0,14.8,4.1,9.02,13.53,23.6,42.48,4.1,1.09,0.504,1.0,28.95,1
33,26.14,91.85,242.0,14.8,5.2,11.44,17.16,26.0,46.8,5.2,1.39,0.506,1.0,29.64,1
33,26.14,91.85,242.0,14.8,4.2,9.24,13.86,21.2,38.16,4.2,1.12,0.499,1.0,24.3,1
33,26.14,91.85,242.0,14.8,4.5,9.9,14.85,20.7,37.26,4.5,1.2,0.503,1.0,22.41,1
33,26.14,91.85,242.0,14.8,4.5,9.9,14.85,11.9,21.42,4.5,1.2,0.501,1.0,6.57,1
33,26.14,91.85,242.0,14.8,4.8,10.56,15.84,6.5,11.7,4.8,1.28,0.496,1.0,0.0,1
33,26.14,91.85,242.0,14.8,6.0,13.2,19.8,10.6,19.08,6.0,1.6,0.495,1.0,0.0,1
33,26.14,91.85,242.0,14.8,5.4,11.88,17.82,35.7,64.26,5.4,1.44,0.502,1.0,46.44,1
33,26.14,91.85,242.0,14.8,3.0,6.6,9.9,7.7,13.86,3.0,0.8,0.487,1.0,3.96,1
33,26.14,91.85,242.0,14.8,4.4,9.68,14.52,12.9,23.22,4.4,1.17,0.501,1.0,8.7,1
33,26.14,91.85,242.0,14.8,0.7,1.54,2.31,2.6,4.68,0.7,0.19,0.494,1.0,2.37,1
33,26.14,91.85,242.0,14.8,2.6,5.72,8.58,5.1,9.18,2.6,0.69,0.477,0.993,0.6,1
33,26.14,91.85,242.0,14.8,3.7,8.14,12.21,7.2,12.96,3.7,0.99,0.486,1.0,0.75,1
33,26.14,91.85,242.0,14.8,5.1,11.22,16.83,23.6,42.48,5.1,1.36,0.502,1.0,25.65,1
33,26.14,91.85,242.0,14.8,4.1,9.02,13.53,14.8,26.64,4.1,1.09,0.504,1.0,13.11,1
33,26.14,91.85,242.0,14.8,10.5,23.1,34.65,35.3,63.54,10.5,2.8,0.503,1.0,28.89,1
33,26.14,91.85,242.0,14.8,6.4,14.08,21.12,51.4,92.52,6.4,1.71,0.507,1.0,71.4,1
33,26.14,91.85,242.0,14.8,9.6,21.12,31.68,44.6,80.28,9.6,2.56,0.506,1.0,48.6,1
33,26.14,91.85,242.0,14.8,5.2,11.44,17.16,13.1,23.58,5.2,1.39,0.504,1.0,6.42,1
33,26.14,91.85,242.0,14.8,5.1,11.22,16.83,12.1,21.78,5.1,1.36,0.502,1.0,4.95,1
33,26.14,91.85,242.0,14.8,2.5,5.5,8.25,14.1,25.38,2.5,0.67,0.504,1.0,17.13,1
33,26.14,91.85,242.0,14.8,5.9,12.98,19.47,11.4,20.52,5.9,1.57,0.502,1.0,1.05,1
33,26.14,91.85,242.0,14.8,6.5,14.3,21.45,18.4,33.12,6.5,1.73,0.498,1.0,11.67,1
33,26.14,91.85,242.0,14.8,3.3,7.26,10.89,9.4,16.92,3.3,0.88,0.495,1.0,6.03,1
33,26.14,91.85,242.0,14.8,3.5,7.7,11.55,15.0,27.0,3.5,0.93,0.506,1.0,15.45,1
33,26.14,91.85,242.0,14.8,5.7,12.54,18.81,26.2,47.16,5.7,1.52,0.51,1.0,28.35,1
33,26.14,91.85,242.0,14.8,4.6,10.12,15.18,38.6,69.48,4.6,1.23,0.51,1.0,54.3,1
33,26.14,91.85,242.0,14.8,11.1,24.42,36.63,49.3,88.74,11.1,2.96,0.507,1.0,52.11,1
33,26.14,91.85,242.0,14.8,2.2,4.84,7.26,8.6,15.48,2.2,0.59,0.499,1.0,8.22,1
33,26.14,91.85,242.0,14.8,3.1,6.82,10.23,7.7,13.86,3.1,0.83,0.503,1.0,3.63,1
33,26.14,91.85,242.0,14.8,3.3,7.26,10.89,8.1,14.58,3.3,0.88,0.5,1.0,3.69,1
33,26.14,91.85,242.0,14.8,8.4,18.48,27.72,13.4,24.12,8.4,2.24,0.496,1.0,0.0,1
33,26.14,91.85,242.0,14.8,5.4,11.88,17.82,12.8,23.04,5.4,1.44,0.501,1.0,5.22,1
33,26.14,91.85,242.0,14.8,3.0,6.6,9.9,4.1,7.38,3.0,0.8,0.497,1.0,0.0,1
33,26.14,91.85,242.0,14.8,5.9,12.98,19.47,24.3,43.74,5.9,1.57,0.496,1.0,24.27,1
33,26.14,91.85,242.0,14.8,2.3,5.06,7.59,7.8,14.04,2.3,0.61,0.5,1.0,6.45,1
33,26.14,91.85,242.0,14.8,1.7,3.74,5.61,3.5,6.3,1.7,0.45,0.487,1.0,0.69,1
33,26.14,91.85,242.0,14.8,6.8,14.96,22.44,12.3,22.14,6.8,1.81,0.493,1.0,0.0,1
33,26.14,91.85,242.0,14.8,2.4,5.28,7.92,16.7,30.06,2.4,0.64,0.508,1.0,22.14,1
33,26.14,91.85,242.0,14.8,0.0,0.0,0.0,0.0,0.0,0.0,0.0,0.27,0.562,0.0,0
33,26.14,91.85,242.0,14.8,0.0,0.0,0.0,0.0,0.0,0.0,0.0,0.266,0.554,0.0,0
33,26.14,91.85,242.0,14.8,0.0,0.0,0.0,0.0,0.0,0.0,0.0,0.26,0.541,0.0,0
33,26.14,91.85,242.0,14.8,0.0,0.0,0.0,0.0,0.0,0.0,0.0,0.257,0.536,0.0,0
33,26.14,91.85,242.0,14.8,0.1,0.22,0.33,0.2,0.36,0.1,0.03,0.256,0.533,0.03,0
33,26.14,91.85,242.0,14.8,5.7,12.54,18.81,6.7,12.06,5.7,1.52,0.309,0.643,0.0,0
33,26.14,91.85,242.0,14.8,0.0,0.0,0.0,0.0,0.0,0.0,0.0,0.277,0.576,0.0,0
33,26.14,91.85,242.0,14.8,0.0,0.0,0.0,0.0,0.0,0.0,0.0,0.266,0.554,0.0,0
33,26.14,91.85,242.0,14.8,0.0,0.0,0.0,0.0,0.0,0.0,0.0,0.262,0.546,0.0,0
33,26.14,91.85,242.0,14.8,0.0,0.0,0.0,0.0,0.0,0.0,0.0,0.271,0.565,0.0,0
33,26.14,91.85,242.0,14.8,0.1,0.22,0.33,0.1,0.18,0.1,0.03,0.462,0.963,0.0,0
33,26.14,91.85,242.0,14.8,0.0,0.0,0.0,0.0,0.0,0.0,0.0,0.44,0.916,0.0,0
33,26.14,91.85,242.0,14.8,0.0,0.0,0.0,0.0,0.0,0.0,0.0,0.426,0.888,0.0,0
33,26.14,91.85,242.0,14.8,0.0,0.0,0.0,0.0,0.0,0.0,0.0,0.413,0.861,0.0,0
33,26.14,91.85,242.0,14.8,1.6,3.52,5.28,1.6,2.88,1.6,0.43,0.409,0.852,0.0,0
33,26.14,91.85,242.0,14.8,0.5,1.1,1.65,0.5,0.9,0.5,0.13,0.401,0.835,0.0,0
33,26.14,91.85,242.0,14.8,0.0,0.0,0.0,0.0,0.0,0.0,0.0,0.386,0.805,0.0,0
33,26.14,91.85,242.0,14.8,0.0,0.0,0.0,0.0,0.0,0.0,0.0,0.378,0.787,0.0,0
33,26.14,91.85,242.0,14.8,0.0,0.0,0.0,0.0,0.0,0.0,0.0,0.368,0.766,0.0,0
33,26.14,91.85,242.0,14.8,0.0,0.0,0.0,0.0,0.0,0.0,0.0,0.354,0.738,0.0,0
34,26.14,91.94,250.0,15.600000000000001,5.4,11.88,17.82,22.0,39.6,5.4,1.44,0.502,1.0,21.78,1
34,26.14,91.94,250.0,15.600000000000001,4.0,8.8,13.2,22.8,41.04,4.0,1.07,0.51,1.0,27.84,1
34,26.14,91.94,250.0,15.600000000000001,8.7,19.14,28.71,55.1,99.18,8.7,2.32,0.512,1.0,70.47,1
34,26.14,91.94,250.0,15.600000000000001,20.7,45.54,68.31,79.2,142.56,20.7,5.52,0.509,1.0,74.25,1
34,26.14,91.94,250.0,15.600000000000001,4.7,10.34,15.51,23.8,42.84,4.7,1.25,0.507,1.0,27.33,1
34,26.14,91.94,250.0,15.600000000000001,9.2,20.24,30.36,25.0,45.0,9.2,2.45,0.507,1.0,14.64,1
34,26.14,91.94,250.0,15.600000000000001,4.3,9.46,14.19,16.9,30.42,4.3,1.15,0.504,1.0,16.23,1
34,26.14,91.94,250.0,15.600000000000001,6.1,13.42,20.13,30.7,55.26,6.1,1.63,0.505,1.0,35.13,1
34,26.14,91.94,250.0,15.600000000000001,2.0,4.4,6.6,4.9,8.82,2.0,0.53,0.497,1.0,2.22,1
34,26.14,91.94,250.0,15.600000000000001,0.9,1.98,2.97,2.6,4.68,0.9,0.24,0.488,1.0,1.71,1
34,26.14,91.94,250.0,15.600000000000001,6.1,13.42,20.13,10.5,18.9,6.1,1.63,0.495,1.0,0.0,1
34,26.14,91.94,250.0,15.600000000000001,5.2,11.44,17.16,38.0,68.4,5.2,1.39,0.508,1.0,51.24,1
34,26.14,91.94,250.0,15.600000000000001,3.9,8.58,12.87,8.1,14.58,3.9,1.04,0.489,1.0,1.71,1
34,26.14,91.94,250.0,15.600000000000001,3.0,6.6,9.9,11.9,21.42,3.0,0.8,0.5,1.0,11.52,1
34,26.14,91.94,250.0,15.600000000000001,1.3,2.86,4.29,3.1,5.58,1.3,0.35,0.492,1.0,1.29,1
34,26.14,91.94,250.0,15.600000000000001,1.8,3.96,5.94,4.2,7.56,1.8,0.48,0.479,0.998,1.62,1
34,26.14,91.94,250.0,15.600000000000001,4.6,10.12,15.18,8.8,15.84,4.6,1.23,0.492,1.0,0.66,1
34,26.14,91.94,250.0,15.600000000000001,4.6,10.12,15.18,20.5,36.9,4.6,1.23,0.499,1.0,21.72,1
34,26.14,91.94,250.0,15.600000000000001,3.0,6.6,9.9,13.6,24.48,3.0,0.8,0.501,1.0,14.58,1
34,26.14,91.94,250.0,15.600000000000001,5.6,12.32,18.48,33.8,60.84,5.6,1.49,0.504,1.0,42.36,1
34,26.14,91.94,250.0,15.600000000000001,3.7,8.14,12.21,43.9,79.02,3.7,0.99,0.513,1.0,66.81,1
34,26.14,91.94,250.0,15.600000000000001,9.0,19.8,29.7,39.6,71.28,9.0,2.4,0.51,1.0,41.58,1
34,26.14,91.94,250.0,15.600000000000001,4.0,8.8,13.2,10.1,18.18,4.0,1.07,0.504,1.0,4.98,1
34,26.14,91.94,250.0,15.600000000000001,2.8,6.16,9.24,9.2,16.56,2.8,0.75,0.502,1.0,7.32,1
34,26.14,91.94,250.0,15.600000000000001,2.5,5.5,8.25,12.9,23.22,2.5,0.67,0.501,1.0,14.97,1
34,26.14,91.94,250.0,15.600000000000001,5.5,12.1,18.15,15.9,28.62,5.5,1.47,0.503,1.0,10.47,1
34,26.14,91.94,250.0,15.600000000000001,5.3,11.66,17.49,12.7,22.86,5.3,1.41,0.494,1.0,5.37,1
34,26.14,91.94,250.0,15.600000000000001,2.7,5.94,8.91,10.5,18.9,2.7,0.72,0.499,1.0,9.99,1
34,26.14,91.94,250.0,15.600000000000001,3.4,7.48,11.22,13.8,24.84,3.4,0.91,0.508,1.0,13.62,1
34,26.14,91.94,250.0,15.600000000000001,4.5,9.9,14.85,26.3,47.34,4.5,1.2,0.51,1.0,32.49,1
34,26.14,91.94,250.0,15.600000000000001,3.9,8.58,12.87,37.6,67.68,3.9,1.04,0.511,1.0,54.81,1
34,26.14,91.94,250.0,15.600000000000001,9.7,21.34,32.01,38.7,69.66,9.7,2.59,0.509,1.0,37.65,1
34,26.14,91.94,250.0,15.600000000000001,1.4,3.08,4.62,5.4,9.72,1.4,0.37,0.495,1.0,5.1,1
34,26.14,91.94,250.0,15.600000000000001,6.1,13.42,20.13,12.8,23.04,6.1,1.63,0.502,1.0,2.91,1
34,26.14,91.94,250.0,15.600000000000001,3.8,8.36,12.54,13.4,24.12,3.8,1.01,0.502,1.0,11.58,1
34,26.14,91.94,250.0,15.600000000000001,4.2,9.24,13.86,7.9,14.22,4.2,1.12,0.495,1.0,0.36,1
34,26.14,91.94,250.0,15.600000000000001,4.7,10.34,15.51,12.6,22.68,4.7,1.25,0.495,1.0,7.17,1
34,26.14,91.94,250.0,15.600000000000001,2.4,5.28,7.92,3.6,6.48,2.4,0.64,0.487,1.0,0.0,1
34,26.14,91.94,250.0,15.600000000000001,3.7,8.14,12.21,11.1,19.98,3.7,0.99,0.488,1.0,7.77,1
34,26.14,91.94,250.0,15.600000000000001,1.3,2.86,4.29,6.6,11.88,1.3,0.35,0.5,1.0,7.59,1
34,26.14,91.94,250.0,15.600000000000001,1.2,2.64,3.96,3.2,5.76,1.2,0.32,0.493,1.0,1.8,1
34,26.14,91.94,250.0,15.600000000000001,8.7,19.14,28.71,18.0,32.4,8.7,2.32,0.501,1.0,3.69,1
34,26.14,91.94,250.0,15.600000000000001,2.5,5.5,8.25,13.6,24.48,2.5,0.67,0.504,1.0,16.23,1
34,26.14,91.94,250.0,15.600000000000001,0.0,0.0,0.0,0.0,0.0,0.0,0.0,0.269,0.561,0.0,0
34,26.14,91.94,250.0,15.600000000000001,0.0,0.0,0.0,0.0,0.0,0.0,0.0,0.265,0.552,0.0,0
34,26.14,91.94,250.0,15.600000000000001,0.0,0.0,0.0,0.0,0.0,0.0,0.0,0.26,0.541,0.0,0
34,26.14,91.94,250.0,15.600000000000001,0.0,0.0,0.0,0.0,0.0,0.0,0.0,0.257,0.536,0.0,0
34,26.14,91.94,250.0,15.600000000000001,0.2,0.44,0.66,0.2,0.36,0.2,0.05,0.254,0.53,0.0,0
34,26.14,91.94,250.0,15.600000000000001,0.8,1.76,2.64,1.3,2.34,0.8,0.21,0.255,0.531,0.0,0
34,26.14,91.94,250.0,15.600000000000001,0.0,0.0,0.0,0.0,0.0,0.0,0.0,0.273,0.568,0.0,0
34,26.14,91.94,250.0,15.600000000000001,0.0,0.0,0.0,0.0,0.0,0.0,0.0,0.26,0.541,0.0,0
34,26.14,91.94,250.0,15.600000000000001,0.0,0.0,0.0,0.0,0.0,0.0,0.0,0.256,0.533,0.0,0
34,26.14,91.94,250.0,15.600000000000001,0.0,0.0,0.0,0.0,0.0,0.0,0.0,0.263,0.547,0.0,0
34,26.14,91.94,250.0,15.600000000000001,0.1,0.22,0.33,0.2,0.36,0.1,0.03,0.462,0.962,0.03,0
34,26.14,91.94,250.0,15.600000000000001,0.0,0.0,0.0,0.0,0.0,0.0,0.0,0.443,0.924,0.0,0
34,26.14,91.94,250.0,15.600000000000001,0.0,0.0,0.0,0.0,0.0,0.0,0.0,0.432,0.901,0.0,0
34,26.14,91.94,250.0,15.600000000000001,0.0,0.0,0.0,0.0,0.0,0.0,0.0,0.419,0.874,0.0,0
34,26.14,91.94,250.0,15.600000000000001,0.0,0.0,0.0,0.0,0.0,0.0,0.0,0.408,0.85,0.0,0
34,26.14,91.94,250.0,15.600000000000001,0.0,0.0,0.0,0.0,0.0,0.0,0.0,0.399,0.832,0.0,0
34,26.14,91.94,250.0,15.600000000000001,0.1,0.22,0.33,0.1,0.18,0.1,0.03,0.39,0.813,0.0,0
34,26.14,91.94,250.0,15.600000000000001,0.0,0.0,0.0,0.0,0.0,0.0,0.0,0.382,0.795,0.0,0
34,26.14,91.94,250.0,15.600000000000001,0.0,0.0,0.0,0.0,0.0,0.0,0.0,0.372,0.775,0.0,0
34,26.14,91.94,250.0,15.600000000000001,0.0,0.0,0.0,0.0,0.0,0.0,0.0,0.36,0.749,0.0,0
35,26.05,91.4,240.0,13.0,9.6,21.12,31.68,28.1,50.58,9.6,2.56,0.503,1.0,18.9,1
35,26.05,91.4,240.0,13.0,6.2,13.64,20.46,33.7,60.66,6.2,1.65,0.508,1.0,40.2,1
35,26.05,91.4,240.0,13.0,8.0,17.6,26.4,41.5,74.7,8.0,2.13,0.508,1.0,48.3,1
35,26.05,91.4,240.0,13.0,9.4,20.68,31.02,71.9,129.42,9.4,2.51,0.511,1.0,98.4,1
35,26.05,91.4,240.0,13.0,8.8,19.36,29.04,55.0,99.0,8.8,2.35,0.506,1.0,69.96,1
35,26.05,91.4,240.0,13.0,3.2,7.04,10.56,12.5,22.5,3.2,0.85,0.503,1.0,11.94,1
35,26.05,91.4,240.0,13.0,18.4,40.48,60.72,77.5,139.5,18.4,4.91,0.508,1.0,78.78,1
35,26.05,91.4,240.0,13.0,24.1,53.02,79.53,44.0,79.2,24.1,6.43,0.502,1.0,0.0,1
35,26.05,91.4,240.0,13.0,7.7,16.94,25.41,19.6,35.28,7.7,2.05,0.506,1.0,9.87,1
35,26.05,91.4,240.0,13.0,1.5,3.3,4.95,5.0,9.0,1.5,0.4,0.492,1.0,4.05,1
35,26.05,91.4,240.0,13.0,9.6,21.12,31.68,14.8,26.64,9.6,2.56,0.496,1.0,0.0,1
35,26.05,91.4,240.0,13.0,7.2,15.84,23.76,36.0,64.8,7.2,1.92,0.502,1.0,41.04,1
35,26.05,91.4,240.0,13.0,2.5,5.5,8.25,10.2,18.36,2.5,0.67,0.496,1.0,10.11,1
35,26.05,91.4,240.0,13.0,7.4,16.28,24.42,19.8,35.64,7.4,1.97,0.506,1.0,11.22,1
35,26.05,91.4,240.0,13.0,1.2,2.64,3.96,4.2,7.56,1.2,0.32,0.496,1.0,3.6,1
35,26.05,91.4,240.0,13.0,3.4,7.48,11.22,7.3,13.14,3.4,0.91,0.494,1.0,1.92,1
35,26.05,91.4,240.0,13.0,2.7,5.94,8.91,10.2,18.36,2.7,0.72,0.5,1.0,9.45,1
35,26.05,91.4,240.0,13.0,17.6,38.72,58.08,35.9,64.62,17.6,4.69,0.5,1.0,6.54,1
35,26.05,91.4,240.0,13.0,8.8,19.36,29.04,43.7,78.66,8.8,2.35,0.504,1.0,49.62,1
35,26.05,91.4,240.0,13.0,30.0,66.0,99.0,83.4,150.12,30.0,8.0,0.51,1.0,51.12,1
35,26.05,91.4,240.0,13.0,9.0,19.8,29.7,41.4,74.52,9.0,2.4,0.512,1.0,44.82,1
35,26.05,91.4,240.0,13.0,8.4,18.48,27.72,53.8,96.84,8.4,2.24,0.507,1.0,69.12,1
35,26.05,91.4,240.0,13.0,3.6,7.92,11.88,11.9,21.42,3.6,0.96,0.5,1.0,9.54,1
35,26.05,91.4,240.0,13.0,1.5,3.3,4.95,9.0,16.2,1.5,0.4,0.503,1.0,11.25,1
35,26.05,91.4,240.0,13.0,4.2,9.24,13.86,21.3,38.34,4.2,1.12,0.506,1.0,24.48,1
35,26.05,91.4,240.0,13.0,3.7,8.14,12.21,9.4,16.92,3.7,0.99,0.5,1.0,4.71,1
35,26.05,91.4,240.0,13.0,1.4,3.08,4.62,7.7,13.86,1.4,0.37,0.494,1.0,9.24,1
35,26.05,91.4,240.0,13.0,5.3,11.66,17.49,15.3,27.54,5.3,1.41,0.492,1.0,10.05,1
35,26.05,91.4,240.0,13.0,5.4,11.88,17.82,24.6,44.28,5.4,1.44,0.506,1.0,26.46,1
35,26.05,91.4,240.0,13.0,3.9,8.58,12.87,26.7,48.06,3.9,1.04,0.506,1.0,35.19,1
35,26.05,91.4,240.0,13.0,5.0,11.0,16.5,39.7,71.46,5.0,1.33,0.507,1.0,54.96,1
35,26.05,91.4,240.0,13.0,5.2,11.44,17.16,31.9,57.42,5.2,1.39,0.505,1.0,40.26,1
35,26.05,91.4,240.0,13.0,8.7,19.14,28.71,25.1,45.18,8.7,2.32,0.502,1.0,16.47,1
35,26.05,91.4,240.0,13.0,6.4,14.08,21.12,17.3,31.14,6.4,1.71,0.501,1.0,10.02,1
35,26.05,91.4,240.0,13.0,4.3,9.46,14.19,9.0,16.2,4.3,1.15,0.504,1.0,2.01,1
35,26.05,91.4,240.0,13.0,3.6,7.92,11.88,5.2,9.36,3.6,0.96,0.487,1.0,0.0,1
35,26.05,91.4,240.0,13.0,4.6,10.12,15.18,9.6,17.28,4.6,1.23,0.486,1.0,2.1,1
35,26.05,91.4,240.0,13.0,0.1,0.22,0.33,0.2,0.36,0.1,0.03,0.468,0.976,0.03,1
35,26.05,91.4,240.0,13.0,9.6,21.12,31.68,20.3,36.54,9.6,2.56,0.487,1.0,4.86,1
35,26.05,91.4,240.0,13.0,5.4,11.88,17.82,15.9,28.62,5.4,1.44,0.503,1.0,10.8,1
35,26.05,91.4,240.0,13.0,4.0,8.8,13.2,6.7,12.06,4.0,1.07,0.494,1.0,0.0,1
35,26.05,91.4,240.0,13.0,1.3,2.86,4.29,3.8,6.84,1.3,0.35,0.485,1.0,2.55,1
35,26.05,91.4,240.0,13.0,4.9,10.78,16.17,29.2,52.56,4.9,1.31,0.506,1.0,36.39,1
35,26.05,91.4,240.0,13.0,0.0,0.0,0.0,0.0,0.0,0.0,0.0,0.263,0.547,0.0,0
35,26.05,91.4,240.0,13.0,0.0,0.0,0.0,0.0,0.0,0.0,0.0,0.257,0.536,0.0,0
35,26.05,91.4,240.0,13.0,0.4,0.88,1.32,0.9,1.62,0.4,0.11,0.258,0.538,0.3,0
35,26.05,91.4,240.0,13.0,0.0,0.0,0.0,0.0,0.0,0.0,0.0,0.255,0.531,0.0,0
35,26.05,91.4,240.0,13.0,0.1,0.22,0.33,0.1,0.18,0.1,0.03,0.255,0.532,0.0,0
35,26.05,91.4,240.0,13.0,0.4,0.88,1.32,0.4,0.72,0.4,0.11,0.254,0.528,0.0,0
35,26.05,91.4,240.0,13.0,0.0,0.0,0.0,0.0,0.0,0.0,0.0,0.252,0.526,0.0,0
35,26.05,91.4,240.0,13.0,0.0,0.0,0.0,0.0,0.0,0.0,0.0,0.252,0.525,0.0,0
35,26.05,91.4,240.0,13.0,0.0,0.0,0.0,0.0,0.0,0.0,0.0,0.255,0.531,0.0,0
35,26.05,91.4,240.0,13.0,0.0,0.0,0.0,0.0,0.0,0.0,0.0,0.262,0.545,0.0,0
35,26.05,91.4,240.0,13.0,0.2,0.44,0.66,0.4,0.72,0.2,0.05,0.474,0.988,0.06,0
35,26.05,91.4,240.0,13.0,0.0,0.0,0.0,0.0,0.0,0.0,0.0,0.453,0.944,0.0,0
35,26.05,91.4,240.0,13.0,0.0,0.0,0.0,0.0,0.0,0.0,0.0,0.435,0.906,0.0,0
35,26.05,91.4,240.0,13.0,0.0,0.0,0.0,0.0,0.0,0.0,0.0,0.419,0.872,0.0,0
35,26.05,91.4,240.0,13.0,0.0,0.0,0.0,0.0,0.0,0.0,0.0,0.411,0.856,0.0,0
35,26.05,91.4,240.0,13.0,3.8,8.36,12.54,3.8,6.84,3.8,1.01,0.426,0.887,0.0,0
35,26.05,91.4,240.0,13.0,0.0,0.0,0.0,0.0,0.0,0.0,0.0,0.393,0.819,0.0,0
35,26.05,91.4,240.0,13.0,0.0,0.0,0.0,0.0,0.0,0.0,0.0,0.384,0.801,0.0,0
35,26.05,91.4,240.0,13.0,0.0,0.0,0.0,0.0,0.0,0.0,0.0,0.37,0.77,0.0,0
35,26.05,91.4,240.0,13.0,0.0,0.0,0.0,0.0,0.0,0.0,0.0,0.356,0.742,0.0,0
36,26.05,91.49,248.0,13.8,7.3,16.06,24.09,54.6,98.28,7.3,1.95,0.508,1.0,74.19,1
36,26.05,91.49,248.0,13.8,8.9,19.58,29.37,34.7,62.46,8.9,2.37,0.51,1.0,33.09,1
36,26.05,91.49,248.0,13.8,6.3,13.86,20.79,39.6,71.28,6.3,1.68,0.508,1.0,50.49,1
36,26.05,91.49,248.0,13.8,7.8,17.16,25.74,60.2,108.36,7.8,2.08,0.511,1.0,82.62,1
36,26.05,91.49,248.0,13.8,7.9,17.38,26.07,43.3,77.94,7.9,2.11,0.506,1.0,51.87,1
36,26.05,91.49,248.0,13.8,10.6,23.32,34.98,27.9,50.22,10.6,2.83,0.505,1.0,15.24,1
36,26.05,91.49,248.0,13.8,4.3,9.46,14.19,18.1,32.58,4.3,1.15,0.504,1.0,18.39,1
36,26.05,91.49,248.0,13.8,7.6,16.72,25.08,32.0,57.6,7.6,2.03,0.505,1.0,32.52,1
36,26.05,91.49,248.0,13.8,21.7,47.74,71.61,27.2,48.96,21.7,5.79,0.503,1.0,0.0,1
36,26.05,91.49,248.0,13.8,6.4,14.08,21.12,14.8,26.64,6.4,1.71,0.491,1.0,5.52,1
36,26.05,91.49,248.0,13.8,7.9,17.38,26.07,22.8,41.04,7.9,2.11,0.495,1.0,14.97,1
36,26.05,91.49,248.0,13.8,9.1,20.02,30.03,42.9,77.22,9.1,2.43,0.506,1.0,47.19,1
36,26.05,91.49,248.0,13.8,2.9,6.38,9.57,12.3,22.14,2.9,0.77,0.499,1.0,12.57,1
36,26.05,91.49,248.0,13.8,3.4,7.48,11.22,12.2,21.96,3.4,0.91,0.504,1.0,10.74,1
36,26.05,91.49,248.0,13.8,0.8,1.76,2.64,2.9,5.22,0.8,0.21,0.494,1.0,2.58,1
36,26.05,91.49,248.0,13.8,0.7,1.54,2.31,2.5,4.5,0.7,0.19,0.481,1.0,2.19,1
36,26.05,91.49,248.0,13.8,2.4,5.28,7.92,7.0,12.6,2.4,0.64,0.492,1.0,4.68,1
36,26.05,91.49,248.0,13.8,15.4,33.88,50.82,32.0,57.6,15.4,4.11,0.502,1.0,6.78,1
36,26.05,91.49,248.0,13.8,6.9,15.18,22.77,29.2,52.56,6.9,1.84,0.501,1.0,29.79,1
36,26.05,91.49,248.0,13.8,24.6,54.12,81.18,67.9,122.22,24.6,6.56,0.507,1.0,41.04,1
36,26.05,91.49,248.0,13.8,7.4,16.28,24.42,38.7,69.66,7.4,1.97,0.508,1.0,45.24,1
36,26.05,91.49,248.0,13.8,9.0,19.8,29.7,49.1,88.38,9.0,2.4,0.51,1.0,58.68,1
36,26.05,91.49,248.0,13.8,3.8,8.36,12.54,10.6,19.08,3.8,1.01,0.504,1.0,6.54,1
36,26.05,91.49,248.0,13.8,1.6,3.52,5.28,7.5,13.5,1.6,0.43,0.504,1.0,8.22,1
36,26.05,91.49,248.0,13.8,3.4,7.48,11.22,18.1,32.58,3.4,0.91,0.506,1.0,21.36,1
36,26.05,91.49,248.0,13.8,2.0,4.4,6.6,6.0,10.8,2.0,0.53,0.499,1.0,4.2,1
36,26.05,91.49,248.0,13.8,2.4,5.28,7.92,8.4,15.12,2.4,0.64,0.491,1.0,7.2,1
36,26.05,91.49,248.0,13.8,7.8,17.16,25.74,20.2,36.36,7.8,2.08,0.496,1.0,10.62,1
36,26.05,91.49,248.0,13.8,4.5,9.9,14.85,22.3,40.14,4.5,1.2,0.505,1.0,25.29,1
36,26.05,91.49,248.0,13.8,4.4,9.68,14.52,26.4,47.52,4.4,1.17,0.509,1.0,33.0,1
36,26.05,91.49,248.0,13.8,5.1,11.22,16.83,40.3,72.54,5.1,1.36,0.512,1.0,55.71,1
36,26.05,91.49,248.0,13.8,6.3,13.86,20.79,36.7,66.06,6.3,1.68,0.506,1.0,45.27,1
36,26.05,91.49,248.0,13.8,5.0,11.0,16.5,16.9,30.42,5.0,1.33,0.505,1.0,13.92,1
36,26.05,91.49,248.0,13.8,5.2,11.44,17.16,16.1,28.98,5.2,1.39,0.493,1.0,11.82,1
36,26.05,91.49,248.0,13.8,1.5,3.3,4.95,8.4,15.12,1.5,0.4,0.505,1.0,10.17,1
36,26.05,91.49,248.0,13.8,3.0,6.6,9.9,4.5,8.1,3.0,0.8,0.486,1.0,0.0,1
36,26.05,91.49,248.0,13.8,9.5,20.9,31.35,18.7,33.66,9.5,2.53,0.491,1.0,2.31,1
36,26.05,91.49,248.0,13.8,4.5,9.9,14.85,7.6,13.68,4.5,1.2,0.489,1.0,0.0,1
36,26.05,91.49,248.0,13.8,5.8,12.76,19.14,18.5,33.3,5.8,1.55,0.497,1.0,14.16,1
36,26.05,91.49,248.0,13.8,5.9,12.98,19.47,13.9,25.02,5.9,1.57,0.499,1.0,5.55,1
36,26.05,91.49,248.0,13.8,1.7,3.74,5.61,4.0,7.2,1.7,0.45,0.495,1.0,1.59,1
36,26.05,91.49,248.0,13.8,1.0,2.2,3.3,4.1,7.38,1.0,0.27,0.492,1.0,4.08,1
36,26.05,91.49,248.0,13.8,3.9,8.58,12.87,29.2,52.56,3.9,1.04,0.506,1.0,39.69,1
36,26.05,91.49,248.0,13.8,0.0,0.0,0.0,0.0,0.0,0.0,0.0,0.26,0.543,0.0,0
36,26.05,91.49,248.0,13.8,0.1,0.22,0.33,0.1,0.18,0.1,0.03,0.256,0.534,0.0,0
36,26.05,91.49,248.0,13.8,0.2,0.44,0.66,0.5,0.9,0.2,0.05,0.257,0.535,0.24,0
36,26.05,91.49,248.0,13.8,0.0,0.0,0.0,0.0,0.0,0.0,0.0,0.255,0.532,0.0,0
36,26.05,91.49,248.0,13.8,0.0,0.0,0.0,0.0,0.0,0.0,0.0,0.255,0.532,0.0,0
36,26.05,91.49,248.0,13.8,0.2,0.44,0.66,0.4,0.72,0.2,0.05,0.256,0.532,0.06,0
36,26.05,91.49,248.0,13.8,0.0,0.0,0.0,0.0,0.0,0.0,0.0,0.255,0.531,0.0,0
36,26.05,91.49,248.0,13.8,0.0,0.0,0.0,0.0,0.0,0.0,0.0,0.253,0.528,0.0,0
36,26.05,91.49,248.0,13.8,0.0,0.0,0.0,0.0,0.0,0.0,0.0,0.257,0.535,0.0,0
36,26.05,91.49,248.0,13.8,0.0,0.0,0.0,0.0,0.0,0.0,0.0,0.268,0.557,0.0,0
36,26.05,91.49,248.0,13.8,0.1,0.22,0.33,0.2,0.36,0.1,0.03,0.468,0.975,0.03,0
36,26.05,91.49,248.0,13.8,0.0,0.0,0.0,0.0,0.0,0.0,0.0,0.443,0.923,0.0,0
36,26.05,91.49,248.0,13.8,0.0,0.0,0.0,0.0,0.0,0.0,0.0,0.426,0.888,0.0,0
36,26.05,91.49,248.0,13.8,0.0,0.0,0.0,0.0,0.0,0.0,0.0,0.41,0.855,0.0,0
36,26.05,91.49,248.0,13.8,0.0,0.0,0.0,0.0,0.0,0.0,0.0,0.399,0.83,0.0,0
36,26.05,91.49,248.0,13.8,2.1,4.62,6.93,2.1,3.78,2.1,0.56,0.403,0.839,0.0,0
36,26.05,91.49,248.0,13.8,0.0,0.0,0.0,0.0,0.0,0.0,0.0,0.379,0.79,0.0,0
36,26.05,91.49,248.0,13.8,0.0,0.0,0.0,0.0,0.0,0.0,0.0,0.37,0.77,0.0,0
36,26.05,91.49,248.0,13.8,0.0,0.0,0.0,0.0,0.0,0.0,0.0,0.357,0.744,0.0,0
36,26.05,91.49,248.0,13.8,1.0,2.2,3.3,1.0,1.8,1.0,0.27,0.349,0.727,0.0,0
37,26.05,91.58,256.0,14.6,6.5,14.3,21.45,37.1,66.78,6.5,1.73,0.506,1.0,45.33,1
37,26.05,91.58,256.0,14.6,11.8,25.96,38.94,35.5,63.9,11.8,3.15,0.511,1.0,24.96,1
37,26.05,91.58,256.0,14.6,8.4,18.48,27.72,39.0,70.2,8.4,2.24,0.51,1.0,42.48,1
37,26.05,91.58,256.0,14.6,5.9,12.98,19.47,54.6,98.28,5.9,1.57,0.512,1.0,78.81,1
37,26.05,91.58,256.0,14.6,3.6,7.92,11.88,24.7,44.46,3.6,0.96,0.505,1.0,32.58,1
37,26.05,91.58,256.0,14.6,13.0,28.6,42.9,38.4,69.12,13.0,3.47,0.506,1.0,26.22,1
37,26.05,91.58,256.0,14.6,3.8,8.36,12.54,15.4,27.72,3.8,1.01,0.504,1.0,15.18,1
37,26.05,91.58,256.0,14.6,8.4,18.48,27.72,33.0,59.4,8.4,2.24,0.508,1.0,31.68,1
37,26.05,91.58,256.0,14.6,21.5,47.3,70.95,31.0,55.8,21.5,5.73,0.502,1.0,0.0,1
37,26.05,91.58,256.0,14.6,6.2,13.64,20.46,8.2,14.76,6.2,1.65,0.486,1.0,0.0,1
37,26.05,91.58,256.0,14.6,7.7,16.94,25.41,21.1,37.98,7.7,2.05,0.496,1.0,12.57,1
37,26.05,91.58,256.0,14.6,8.2,18.04,27.06,43.0,77.4,8.2,2.19,0.506,1.0,50.34,1
37,26.05,91.58,256.0,14.6,2.7,5.94,8.91,10.4,18.72,2.7,0.72,0.495,1.0,9.81,1
37,26.05,91.58,256.0,14.6,3.4,7.48,11.22,9.7,17.46,3.4,0.91,0.501,1.0,6.24,1
37,26.05,91.58,256.0,14.6,0.9,1.98,2.97,2.6,4.68,0.9,0.24,0.488,1.0,1.71,1
37,26.05,91.58,256.0,14.6,2.7,5.94,8.91,5.0,9.0,2.7,0.72,0.48,0.999,0.09,1
37,26.05,91.58,256.0,14.6,3.0,6.6,9.9,6.0,10.8,3.0,0.8,0.486,1.0,0.9,1
37,26.05,91.58,256.0,14.6,12.0,26.4,39.6,38.3,68.94,12.0,3.2,0.502,1.0,29.34,1
37,26.05,91.58,256.0,14.6,4.4,9.68,14.52,18.3,32.94,4.4,1.17,0.499,1.0,18.42,1
37,26.05,91.58,256.0,14.6,17.4,38.28,57.42,48.5,87.3,17.4,4.64,0.504,1.0,29.88,1
37,26.05,91.58,256.0,14.6,9.7,21.34,32.01,41.1,73.98,9.7,2.59,0.512,1.0,41.97,1
37,26.05,91.58,256.0,14.6,9.0,19.8,29.7,54.7,98.46,9.0,2.4,0.507,1.0,68.76,1
37,26.05,91.58,256.0,14.6,4.7,10.34,15.51,13.4,24.12,4.7,1.25,0.503,1.0,8.61,1
37,26.05,91.58,256.0,14.6,0.8,1.76,2.64,5.6,10.08,0.8,0.21,0.502,1.0,7.44,1
37,26.05,91.58,256.0,14.6,2.9,6.38,9.57,13.8,24.84,2.9,0.77,0.505,1.0,15.27,1
37,26.05,91.58,256.0,14.6,1.1,2.42,3.63,5.0,9.0,1.1,0.29,0.495,1.0,5.37,1
37,26.05,91.58,256.0,14.6,2.5,5.5,8.25,7.7,13.86,2.5,0.67,0.479,0.998,5.61,1
37,26.05,91.58,256.0,14.6,6.6,14.52,21.78,15.0,27.0,6.6,1.76,0.488,1.0,5.22,1
37,26.05,91.58,256.0,14.6,5.4,11.88,17.82,22.6,40.68,5.4,1.44,0.505,1.0,22.86,1
37,26.05,91.58,256.0,14.6,3.9,8.58,12.87,26.8,48.24,3.9,1.04,0.507,1.0,35.37,1
37,26.05,91.58,256.0,14.6,3.9,8.58,12.87,39.4,70.92,3.9,1.04,0.512,1.0,58.05,1
37,26.05,91.58,256.0,14.6,6.9,15.18,22.77,37.2,66.96,6.9,1.84,0.504,1.0,44.19,1
37,26.05,91.58,256.0,14.6,19.8,43.56,65.34,37.9,68.22,19.8,5.28,0.505,1.0,2.88,1
37,26.05,91.58,256.0,14.6,5.2,11.44,17.16,16.0,28.8,5.2,1.39,0.503,1.0,11.64,1
37,26.05,91.58,256.0,14.6,5.7,12.54,18.81,11.3,20.34,5.7,1.52,0.503,1.0,1.53,1
37,26.05,91.58,256.0,14.6,2.9,6.38,9.57,11.0,19.8,2.9,0.77,0.495,1.0,10.23,1
37,26.05,91.58,256.0,14.6,3.1,6.82,10.23,9.5,17.1,3.1,0.83,0.494,1.0,6.87,1
37,26.05,91.58,256.0,14.6,3.2,7.04,10.56,12.3,22.14,3.2,0.85,0.501,1.0,11.58,1
37,26.05,91.58,256.0,14.6,2.8,6.16,9.24,9.9,17.82,2.8,0.75,0.493,1.0,8.58,1
37,26.05,91.58,256.0,14.6,6.3,13.86,20.79,11.4,20.52,6.3,1.68,0.494,1.0,0.0,1
37,26.05,91.58,256.0,14.6,1.1,2.42,3.63,3.9,7.02,1.1,0.29,0.496,1.0,3.39,1
37,26.05,91.58,256.0,14.6,1.9,4.18,6.27,8.2,14.76,1.9,0.51,0.499,1.0,8.49,1
37,26.05,91.58,256.0,14.6,3.6,7.92,11.88,25.9,46.62,3.6,0.96,0.501,1.0,34.74,1
37,26.05,91.58,256.0,14.6,0.0,0.0,0.0,0.0,0.0,0.0,0.0,0.209,0.435,0.0,0
37,26.05,91.58,256.0,14.6,0.0,0.0,0.0,0.0,0.0,0.0,0.0,0.207,0.431,0.0,0
37,26.05,91.58,256.0,14.6,0.3,0.66,0.99,0.5,0.9,0.3,0.08,0.213,0.445,0.0,0
37,26.05,91.58,256.0,14.6,0.0,0.0,0.0,0.0,0.0,0.0,0.0,0.212,0.441,0.0,0
37,26.05,91.58,256.0,14.6,0.5,1.1,1.65,0.5,0.9,0.5,0.13,0.214,0.445,0.0,0
37,26.05,91.58,256.0,14.6,0.9,1.98,2.97,1.4,2.52,0.9,0.24,0.224,0.467,0.0,0
37,26.05,91.58,256.0,14.6,0.0,0.0,0.0,0.0,0.0,0.0,0.0,0.222,0.463,0.0,0
37,26.05,91.58,256.0,14.6,0.0,0.0,0.0,0.0,0.0,0.0,0.0,0.214,0.446,0.0,0
37,26.05,91.58,256.0,14.6,0.0,0.0,0.0,0.0,0.0,0.0,0.0,0.214,0.445,0.0,0
37,26.05,91.58,256.0,14.6,0.0,0.0,0.0,0.0,0.0,0.0,0.0,0.225,0.468,0.0,0
37,26.05,91.58,256.0,14.6,0.1,0.22,0.33,0.1,0.18,0.1,0.03,0.428,0.892,0.0,0
37,26.05,91.58,256.0,14.6,0.1,0.22,0.33,0.1,0.18,0.1,0.03,0.398,0.828,0.0,0
37,26.05,91.58,256.0,14.6,0.0,0.0,0.0,0.0,0.0,0.0,0.0,0.373,0.778,0.0,0
37,26.05,91.58,256.0,14.6,0.0,0.0,0.0,0.0,0.0,0.0,0.0,0.352,0.733,0.0,0
37,26.05,91.58,256.0,14.6,0.0,0.0,0.0,0.0,0.0,0.0,0.0,0.333,0.694,0.0,0
37,26.05,91.58,256.0,14.6,2.1,4.62,6.93,2.3,4.14,2.1,0.56,0.333,0.694,0.0,0
37,26.05,91.58,256.0,14.6,0.1,0.22,0.33,0.3,0.54,0.1,0.03,0.304,0.634,0.21,0
37,26.05,91.58,256.0,14.6,0.0,0.0,0.0,0.0,0.0,0.0,0.0,0.29,0.604,0.0,0
37,26.05,91.58,256.0,14.6,0.0,0.0,0.0,0.0,0.0,0.0,0.0,0.276,0.574,0.0,0
37,26.05,91.58,256.0,14.6,0.3,0.66,0.99,0.3,0.54,0.3,0.08,0.263,0.548,0.0,0
38,26.05,91.67,264.0,15.4,5.3,11.66,17.49,38.7,69.66,5.3,1.41,0.505,1.0,52.17,1
38,26.05,91.67,264.0,15.4,9.5,20.9,31.35,33.4,60.12,9.5,2.53,0.508,1.0,28.77,1
38,26.05,91.67,264.0,15.4,10.4,22.88,34.32,48.7,87.66,10.4,2.77,0.507,1.0,53.34,1
38,26.05,91.67,264.0,15.4,4.7,10.34,15.51,54.5,98.1,4.7,1.25,0.511,1.0,82.59,1
38,26.05,91.67,264.0,15.4,4.1,9.02,13.53,18.5,33.3,4.1,1.09,0.509,1.0,19.77,1
38,26.05,91.67,264.0,15.4,7.8,17.16,25.74,34.2,61.56,7.8,2.08,0.506,1.0,35.82,1
38,26.05,91.67,264.0,15.4,5.8,12.76,19.14,24.4,43.92,5.8,1.55,0.506,1.0,24.78,1
38,26.05,91.67,264.0,15.4,5.7,12.54,18.81,27.0,48.6,5.7,1.52,0.506,1.0,29.79,1
38,26.05,91.67,264.0,15.4,9.4,20.68,31.02,21.8,39.24,9.4,2.51,0.502,1.0,8.22,1
38,26.05,91.67,264.0,15.4,3.3,7.26,10.89,4.1,7.38,3.3,0.88,0.488,1.0,0.0,1
38,26.05,91.67,264.0,15.4,4.4,9.68,14.52,15.8,28.44,4.4,1.17,0.497,1.0,13.92,1
38,26.05,91.67,264.0,15.4,8.1,17.82,26.73,46.7,84.06,8.1,2.16,0.509,1.0,57.33,1
38,26.05,91.67,264.0,15.4,2.6,5.72,8.58,8.3,14.94,2.6,0.69,0.494,1.0,6.36,1
38,26.05,91.67,264.0,15.4,3.3,7.26,10.89,10.9,19.62,3.3,0.88,0.502,1.0,8.73,1
38,26.05,91.67,264.0,15.4,1.7,3.74,5.61,4.0,7.2,1.7,0.45,0.495,1.0,1.59,1
38,26.05,91.67,264.0,15.4,2.0,4.4,6.6,6.3,11.34,2.0,0.53,0.486,1.0,4.74,1
38,26.05,91.67,264.0,15.4,3.0,6.6,9.9,5.9,10.62,3.0,0.8,0.494,1.0,0.72,1
38,26.05,91.67,264.0,15.4,9.7,21.34,32.01,31.4,56.52,9.7,2.59,0.5,1.0,24.51,1
38,26.05,91.67,264.0,15.4,5.2,11.44,17.16,16.5,29.7,5.2,1.39,0.504,1.0,12.54,1
38,26.05,91.67,264.0,15.4,15.0,33.0,49.5,43.3,77.94,15.0,4.0,0.502,1.0,28.44,1
38,26.05,91.67,264.0,15.4,5.2,11.44,17.16,39.4,70.92,5.2,1.39,0.513,1.0,53.76,1
38,26.05,91.67,264.0,15.4,8.9,19.58,29.37,52.2,93.96,8.9,2.37,0.509,1.0,64.59,1
38,26.05,91.67,264.0,15.4,7.1,15.62,23.43,17.5,31.5,7.1,1.89,0.503,1.0,8.07,1
38,26.05,91.67,264.0,15.4,2.7,5.94,8.91,9.0,16.2,2.7,0.72,0.503,1.0,7.29,1
38,26.05,91.67,264.0,15.4,2.5,5.5,8.25,11.1,19.98,2.5,0.67,0.501,1.0,11.73,1
38,26.05,91.67,264.0,15.4,1.6,3.52,5.28,8.5,15.3,1.6,0.43,0.498,1.0,10.02,1
38,26.05,91.67,264.0,15.4,4.7,10.34,15.51,11.3,20.34,4.7,1.25,0.495,1.0,4.83,1
38,26.05,91.67,264.0,15.4,3.9,8.58,12.87,19.8,35.64,3.9,1.04,0.503,1.0,22.77,1
38,26.05,91.67,264.0,15.4,4.9,10.78,16.17,20.6,37.08,4.9,1.31,0.501,1.0,20.91,1
38,26.05,91.67,264.0,15.4,3.5,7.7,11.55,22.5,40.5,3.5,0.93,0.511,1.0,28.95,1
38,26.05,91.67,264.0,15.4,3.9,8.58,12.87,37.2,66.96,3.9,1.04,0.512,1.0,54.09,1
38,26.05,91.67,264.0,15.4,7.0,15.4,23.1,40.1,72.18,7.0,1.87,0.509,1.0,49.08,1
38,26.05,91.67,264.0,15.4,25.7,56.54,84.81,39.9,71.82,25.7,6.85,0.504,1.0,0.0,1
38,26.05,91.67,264.0,15.4,10.8,23.76,35.64,13.1,23.58,10.8,2.88,0.5,1.0,0.0,1
38,26.05,91.67,264.0,15.4,2.0,4.4,6.6,10.6,19.08,2.0,0.53,0.503,1.0,12.48,1
38,26.05,91.67,264.0,15.4,5.6,12.32,18.48,15.3,27.54,5.6,1.49,0.498,1.0,9.06,1
38,26.05,91.67,264.0,15.4,6.2,13.64,20.46,16.2,29.16,6.2,1.65,0.498,1.0,8.7,1
38,26.05,91.67,264.0,15.4,4.6,10.12,15.18,8.9,16.02,4.6,1.23,0.501,1.0,0.84,1
38,26.05,91.67,264.0,15.4,6.1,13.42,20.13,13.8,24.84,6.1,1.63,0.498,1.0,4.71,1
38,26.05,91.67,264.0,15.4,1.0,2.2,3.3,5.0,9.0,1.0,0.27,0.499,1.0,5.7,1
38,26.05,91.67,264.0,15.4,1.6,3.52,5.28,5.8,10.44,1.6,0.43,0.498,1.0,5.16,1
38,26.05,91.67,264.0,15.4,1.2,2.64,3.96,4.0,7.2,1.2,0.32,0.496,1.0,3.24,1
38,26.05,91.67,264.0,15.4,6.3,13.86,20.79,28.8,51.84,6.3,1.68,0.504,1.0,31.05,1
38,26.05,91.67,264.0,15.4,0.0,0.0,0.0,0.0,0.0,0.0,0.0,0.282,0.587,0.0,0
38,26.05,91.67,264.0,15.4,0.0,0.0,0.0,0.0,0.0,0.0,0.0,0.28,0.583,0.0,0
38,26.05,91.67,264.0,15.4,0.4,0.88,1.32,0.8,1.44,0.4,0.11,0.281,0.585,0.12,0
38,26.05,91.67,264.0,15.4,0.1,0.22,0.33,0.1,0.18,0.1,0.03,0.273,0.569,0.0,0
38,26.05,91.67,264.0,15.4,1.3,2.86,4.29,1.4,2.52,1.3,0.35,0.269,0.56,0.0,0
38,26.05,91.67,264.0,15.4,5.6,12.32,18.48,6.6,11.88,5.6,1.49,0.304,0.634,0.0,0
38,26.05,91.67,264.0,15.4,0.0,0.0,0.0,0.0,0.0,0.0,0.0,0.271,0.565,0.0,0
38,26.05,91.67,264.0,15.4,0.0,0.0,0.0,0.0,0.0,0.0,0.0,0.261,0.544,0.0,0
38,26.05,91.67,264.0,15.4,0.0,0.0,0.0,0.0,0.0,0.0,0.0,0.256,0.534,0.0,0
38,26.05,91.67,264.0,15.4,0.0,0.0,0.0,0.0,0.0,0.0,0.0,0.265,0.551,0.0,0
38,26.05,91.67,264.0,15.4,0.1,0.22,0.33,0.3,0.54,0.1,0.03,0.432,0.899,0.21,0
38,26.05,91.67,264.0,15.4,0.1,0.22,0.33,0.2,0.36,0.1,0.03,0.409,0.853,0.03,0
38,26.05,91.67,264.0,15.4,0.0,0.0,0.0,0.0,0.0,0.0,0.0,0.392,0.817,0.0,0
38,26.05,91.67,264.0,15.4,0.0,0.0,0.0,0.0,0.0,0.0,0.0,0.377,0.785,0.0,0
38,26.05,91.67,264.0,15.4,0.0,0.0,0.0,0.0,0.0,0.0,0.0,0.364,0.758,0.0,0
38,26.05,91.67,264.0,15.4,1.9,4.18,6.27,3.7,6.66,1.9,0.51,0.374,0.778,0.39,0
38,26.05,91.67,264.0,15.4,0.2,0.44,0.66,0.5,0.9,0.2,0.05,0.351,0.73,0.24,0
38,26.05,91.67,264.0,15.4,0.0,0.0,0.0,0.0,0.0,0.0,0.0,0.339,0.707,0.0,0
38,26.05,91.67,264.0,15.4,0.0,0.0,0.0,0.0,0.0,0.0,0.0,0.328,0.682,0.0,0
38,26.05,91.67,264.0,15.4,0.0,0.0,0.0,0.0,0.0,0.0,0.0,0.314,0.654,0.0,0
39,26.05,91.76,272.0,16.2,6.3,13.86,20.79,30.9,55.62,6.3,1.68,0.506,1.0,34.83,1
39,26.05,91.76,272.0,16.2,6.9,15.18,22.77,23.5,42.3,6.9,1.84,0.507,1.0,19.53,1
39,26.05,91.76,272.0,16.2,8.7,19.14,28.71,69.6,125.28,8.7,2.32,0.51,1.0,96.57,1
39,26.05,91.76,272.0,16.2,6.1,13.42,20.13,63.0,113.4,6.1,1.63,0.509,1.0,93.27,1
39,26.05,91.76,272.0,16.2,4.8,10.56,15.84,21.1,37.98,4.8,1.28,0.506,1.0,22.14,1
39,26.05,91.76,272.0,16.2,10.0,22.0,33.0,24.7,44.46,10.0,2.67,0.505,1.0,11.46,1
39,26.05,91.76,272.0,16.2,5.1,11.22,16.83,17.6,31.68,5.1,1.36,0.509,1.0,14.85,1
39,26.05,91.76,272.0,16.2,3.6,7.92,11.88,22.3,40.14,3.6,0.96,0.506,1.0,28.26,1
39,26.05,91.76,272.0,16.2,8.5,18.7,28.05,12.4,22.32,8.5,2.27,0.5,1.0,0.0,1
39,26.05,91.76,272.0,16.2,0.4,0.88,1.32,1.9,3.42,0.4,0.11,0.491,1.0,2.1,1
39,26.05,91.76,272.0,16.2,6.2,13.64,20.46,18.7,33.66,6.2,1.65,0.5,1.0,13.2,1
39,26.05,91.76,272.0,16.2,9.3,20.46,30.69,45.0,81.0,9.3,2.48,0.506,1.0,50.31,1
39,26.05,91.76,272.0,16.2,3.4,7.48,11.22,7.6,13.68,3.4,0.91,0.491,1.0,2.46,1
39,26.05,91.76,272.0,16.2,2.8,6.16,9.24,11.1,19.98,2.8,0.75,0.501,1.0,10.74,1
39,26.05,91.76,272.0,16.2,2.1,4.62,6.93,3.4,6.12,2.1,0.56,0.493,1.0,0.0,1
39,26.05,91.76,272.0,16.2,2.3,5.06,7.59,7.3,13.14,2.3,0.61,0.491,1.0,5.55,1
39,26.05,91.76,272.0,16.2,2.2,4.84,7.26,4.6,8.28,2.2,0.59,0.493,1.0,1.02,1
39,26.05,91.76,272.0,16.2,10.5,23.1,34.65,31.3,56.34,10.5,2.8,0.501,1.0,21.69,1
39,26.05,91.76,272.0,16.2,5.5,12.1,18.15,16.8,30.24,5.5,1.47,0.503,1.0,12.09,1
39,26.05,91.76,272.0,16.2,12.8,28.16,42.24,37.2,66.96,12.8,3.41,0.506,1.0,24.72,1
39,26.05,91.76,272.0,16.2,4.1,9.02,13.53,39.0,70.2,4.1,1.09,0.514,1.0,56.67,1
39,26.05,91.76,272.0,16.2,8.6,18.92,28.38,51.9,93.42,8.6,2.29,0.508,1.0,65.04,1
39,26.05,91.76,272.0,16.2,5.9,12.98,19.47,17.6,31.68,5.9,1.57,0.502,1.0,12.21,1
39,26.05,91.76,272.0,16.2,7.2,15.84,23.76,17.5,31.5,7.2,1.92,0.499,1.0,7.74,1
39,26.05,91.76,272.0,16.2,2.3,5.06,7.59,11.6,20.88,2.3,0.61,0.506,1.0,13.29,1
39,26.05,91.76,272.0,16.2,1.8,3.96,5.94,4.9,8.82,1.8,0.48,0.5,1.0,2.88,1
39,26.05,91.76,272.0,16.2,5.6,12.32,18.48,14.5,26.1,5.6,1.49,0.493,1.0,7.62,1
39,26.05,91.76,272.0,16.2,4.0,8.8,13.2,17.9,32.22,4.0,1.07,0.498,1.0,19.02,1
39,26.05,91.76,272.0,16.2,4.2,9.24,13.86,15.4,27.72,4.2,1.12,0.499,1.0,13.86,1
39,26.05,91.76,272.0,16.2,2.4,5.28,7.92,23.2,41.76,2.4,0.64,0.509,1.0,33.84,1
39,26.05,91.76,272.0,16.2,3.2,7.04,10.56,34.0,61.2,3.2,0.85,0.512,1.0,50.64,1
39,26.05,91.76,272.0,16.2,5.9,12.98,19.47,32.7,58.86,5.9,1.57,0.507,1.0,39.39,1
39,26.05,91.76,272.0,16.2,8.7,19.14,28.71,32.0,57.6,8.7,2.32,0.505,1.0,28.89,1
39,26.05,91.76,272.0,16.2,7.0,15.4,23.1,19.2,34.56,7.0,1.87,0.504,1.0,11.46,1
39,26.05,91.76,272.0,16.2,3.8,8.36,12.54,13.5,24.3,3.8,1.01,0.506,1.0,11.76,1
39,26.05,91.76,272.0,16.2,4.7,10.34,15.51,11.8,21.24,4.7,1.25,0.5,1.0,5.73,1
39,26.05,91.76,272.0,16.2,8.8,19.36,29.04,28.5,51.3,8.8,2.35,0.502,1.0,22.26,1
39,26.05,91.76,272.0,16.2,3.6,7.92,11.88,7.2,12.96,3.6,0.96,0.501,1.0,1.08,1
39,26.05,91.76,272.0,16.2,6.2,13.64,20.46,20.4,36.72,6.2,1.65,0.498,1.0,16.26,1
39,26.05,91.76,272.0,16.2,0.6,1.32,1.98,4.8,8.64,0.6,0.16,0.497,1.0,6.66,1
39,26.05,91.76,272.0,16.2,2.4,5.28,7.92,6.1,10.98,2.4,0.64,0.498,1.0,3.06,1
39,26.05,91.76,272.0,16.2,6.2,13.64,20.46,10.0,18.0,6.2,1.65,0.502,1.0,0.0,1
39,26.05,91.76,272.0,16.2,2.8,6.16,9.24,22.6,40.68,2.8,0.75,0.499,1.0,31.44,1
39,26.05,91.76,272.0,16.2,0.0,0.0,0.0,0.0,0.0,0.0,0.0,0.281,0.585,0.0,0
39,26.05,91.76,272.0,16.2,0.0,0.0,0.0,0.0,0.0,0.0,0.0,0.277,0.576,0.0,0
39,26.05,91.76,272.0,16.2,1.8,3.96,5.94,3.5,6.3,1.8,0.48,0.289,0.601,0.36,0
39,26.05,91.76,272.0,16.2,0.0,0.0,0.0,0.0,0.0,0.0,0.0,0.268,0.557,0.0,0
39,26.05,91.76,272.0,16.2,0.8,1.76,2.64,0.9,1.62,0.8,0.21,0.269,0.56,0.0,0
39,26.05,91.76,272.0,16.2,6.4,14.08,21.12,6.7,12.06,6.4,1.71,0.297,0.619,0.0,0
39,26.05,91.76,272.0,16.2,0.0,0.0,0.0,0.0,0.0,0.0,0.0,0.26,0.542,0.0,0
39,26.05,91.76,272.0,16.2,0.0,0.0,0.0,0.0,0.0,0.0,0.0,0.252,0.525,0.0,0
39,26.05,91.76,272.0,16.2,0.0,0.0,0.0,0.0,0.0,0.0,0.0,0.247,0.515,0.0,0
39,26.05,91.76,272.0,16.2,0.0,0.0,0.0,0.0,0.0,0.0,0.0,0.253,0.528,0.0,0
39,26.05,91.76,272.0,16.2,0.1,0.22,0.33,0.3,0.54,0.1,0.03,0.46,0.958,0.21,0
39,26.05,91.76,272.0,16.2,0.0,0.0,0.0,0.0,0.0,0.0,0.0,0.434,0.903,0.0,0
39,26.05,91.76,272.0,16.2,0.0,0.0,0.0,0.0,0.0,0.0,0.0,0.418,0.871,0.0,0
39,26.05,91.76,272.0,16.2,0.0,0.0,0.0,0.0,0.0,0.0,0.0,0.407,0.847,0.0,0
39,26.05,91.76,272.0,16.2,0.0,0.0,0.0,0.0,0.0,0.0,0.0,0.392,0.817,0.0,0
39,26.05,91.76,272.0,16.2,1.1,2.42,3.63,2.1,3.78,1.1,0.29,0.387,0.805,0.15,0
39,26.05,91.76,272.0,16.2,0.2,0.44,0.66,0.4,0.72,0.2,0.05,0.368,0.767,0.06,0
39,26.05,91.76,272.0,16.2,0.0,0.0,0.0,0.0,0.0,0.0,0.0,0.358,0.747,0.0,0
39,26.05,91.76,272.0,16.2,0.0,0.0,0.0,0.0,0.0,0.0,0.0,0.348,0.725,0.0,0
39,26.05,91.76,272.0,16.2,0.0,0.0,0.0,0.0,0.0,0.0,0.0,0.333,0.693,0.0,0
40,26.05,91.85,280.0,17.0,8.5,18.7,28.05,27.6,49.68,8.5,2.27,0.505,1.0,21.63,1
40,26.05,91.85,280.0,17.0,3.3,7.26,10.89,16.4,29.52,3.3,0.88,0.505,1.0,18.63,1
40,26.05,91.85,280.0,17.0,13.3,29.26,43.89,67.1,120.78,13.3,3.55,0.508,1.0,76.89,1
40,26.05,91.85,280.0,17.0,15.4,33.88,50.82,77.6,139.68,15.4,4.11,0.512,1.0,88.86,1
40,26.05,91.85,280.0,17.0,5.5,12.1,18.15,24.7,44.46,5.5,1.47,0.505,1.0,26.31,1
40,26.05,91.85,280.0,17.0,6.8,14.96,22.44,29.2,52.56,6.8,1.81,0.503,1.0,30.12,1
40,26.05,91.85,280.0,17.0,4.7,10.34,15.51,15.0,27.0,4.7,1.25,0.506,1.0,11.49,1
40,26.05,91.85,280.0,17.0,3.9,8.58,12.87,17.5,31.5,3.9,1.04,0.506,1.0,18.63,1
40,26.05,91.85,280.0,17.0,6.3,13.86,20.79,11.8,21.24,6.3,1.68,0.505,1.0,0.45,1
40,26.05,91.85,280.0,17.0,2.4,5.28,7.92,6.4,11.52,2.4,0.64,0.494,1.0,3.6,1
40,26.05,91.85,280.0,17.0,7.3,16.06,24.09,11.7,21.06,7.3,1.95,0.496,1.0,0.0,1
40,26.05,91.85,280.0,17.0,9.4,20.68,31.02,47.2,84.96,9.4,2.51,0.509,1.0,53.94,1
40,26.05,91.85,280.0,17.0,2.9,6.38,9.57,6.2,11.16,2.9,0.77,0.489,1.0,1.59,1
40,26.05,91.85,280.0,17.0,1.8,3.96,5.94,7.4,13.32,1.8,0.48,0.5,1.0,7.38,1
40,26.05,91.85,280.0,17.0,0.5,1.1,1.65,1.5,2.7,0.5,0.13,0.491,1.0,1.05,1
40,26.05,91.85,280.0,17.0,1.4,3.08,4.62,2.7,4.86,1.4,0.37,0.476,0.991,0.24,1
40,26.05,91.85,280.0,17.0,2.1,4.62,6.93,5.0,9.0,2.1,0.56,0.491,1.0,2.07,1
40,26.05,91.85,280.0,17.0,8.4,18.48,27.72,28.3,50.94,8.4,2.24,0.5,1.0,23.22,1
40,26.05,91.85,280.0,17.0,3.6,7.92,11.88,12.2,21.96,3.6,0.96,0.505,1.0,10.08,1
40,26.05,91.85,280.0,17.0,8.3,18.26,27.39,35.6,64.08,8.3,2.21,0.507,1.0,36.69,1
40,26.05,91.85,280.0,17.0,4.2,9.24,13.86,35.7,64.26,4.2,1.12,0.512,1.0,50.4,1
40,26.05,91.85,280.0,17.0,9.5,20.9,31.35,47.0,84.6,9.5,2.53,0.506,1.0,53.25,1
40,26.05,91.85,280.0,17.0,4.1,9.02,13.53,10.3,18.54,4.1,1.09,0.506,1.0,5.01,1
40,26.05,91.85,280.0,17.0,5.4,11.88,17.82,12.2,21.96,5.4,1.44,0.501,1.0,4.14,1
40,26.05,91.85,280.0,17.0,2.3,5.06,7.59,11.6,20.88,2.3,0.61,0.506,1.0,13.29,1
40,26.05,91.85,280.0,17.0,4.3,9.46,14.19,11.3,20.34,4.3,1.15,0.502,1.0,6.15,1
40,26.05,91.85,280.0,17.0,2.5,5.5,8.25,4.8,8.64,2.5,0.67,0.488,1.0,0.39,1
40,26.05,91.85,280.0,17.0,4.8,10.56,15.84,21.6,38.88,4.8,1.28,0.496,1.0,23.04,1
40,26.05,91.85,280.0,17.0,3.9,8.58,12.87,12.8,23.04,3.9,1.04,0.499,1.0,10.17,1
40,26.05,91.85,280.0,17.0,2.0,4.4,6.6,19.6,35.28,2.0,0.53,0.509,1.0,28.68,1
40,26.05,91.85,280.0,17.0,4.8,10.56,15.84,39.3,70.74,4.8,1.28,0.512,1.0,54.9,1
40,26.05,91.85,280.0,17.0,5.0,11.0,16.5,28.0,50.4,5.0,1.33,0.505,1.0,33.9,1
40,26.05,91.85,280.0,17.0,3.4,7.48,11.22,9.8,17.64,3.4,0.91,0.499,1.0,6.42,1
40,26.05,91.85,280.0,17.0,3.3,7.26,10.89,12.0,21.6,3.3,0.88,0.502,1.0,10.71,1
40,26.05,91.85,280.0,17.0,10.7,23.54,35.31,24.1,43.38,10.7,2.85,0.503,1.0,8.07,1
40,26.05,91.85,280.0,17.0,3.0,6.6,9.9,8.3,14.94,3.0,0.8,0.498,1.0,5.04,1
40,26.05,91.85,280.0,17.0,10.0,22.0,33.0,27.3,49.14,10.0,2.67,0.505,1.0,16.14,1
40,26.05,91.85,280.0,17.0,2.6,5.72,8.58,6.6,11.88,2.6,0.69,0.501,1.0,3.3,1
40,26.05,91.85,280.0,17.0,7.4,16.28,24.42,24.1,43.38,7.4,1.97,0.493,1.0,18.96,1
40,26.05,91.85,280.0,17.0,1.3,2.86,4.29,6.8,12.24,1.3,0.35,0.5,1.0,7.95,1
40,26.05,91.85,280.0,17.0,2.4,5.28,7.92,6.6,11.88,2.4,0.64,0.499,1.0,3.96,1
40,26.05,91.85,280.0,17.0,7.5,16.5,24.75,13.0,23.4,7.5,2.0,0.503,1.0,0.0,1
40,26.05,91.85,280.0,17.0,3.0,6.6,9.9,19.1,34.38,3.0,0.8,0.503,1.0,24.48,1
40,26.05,91.85,280.0,17.0,0.0,0.0,0.0,0.0,0.0,0.0,0.0,0.295,0.615,0.0,0
40,26.05,91.85,280.0,17.0,0.0,0.0,0.0,0.0,0.0,0.0,0.0,0.292,0.608,0.0,0
40,26.05,91.85,280.0,17.0,6.1,13.42,20.13,6.8,12.24,6.1,1.63,0.323,0.672,0.0,0
40,26.05,91.85,280.0,17.0,0.0,0.0,0.0,0.0,0.0,0.0,0.0,0.28,0.583,0.0,0
40,26.05,91.85,280.0,17.0,0.3,0.66,0.99,0.3,0.54,0.3,0.08,0.278,0.578,0.0,0
40,26.05,91.85,280.0,17.0,5.6,12.32,18.48,5.7,10.26,5.6,1.49,0.302,0.629,0.0,0
40,26.05,91.85,280.0,17.0,0.0,0.0,0.0,0.0,0.0,0.0,0.0,0.272,0.566,0.0,0
40,26.05,91.85,280.0,17.0,0.0,0.0,0.0,0.0,0.0,0.0,0.0,0.261,0.544,0.0,0
40,26.05,91.85,280.0,17.0,0.0,0.0,0.0,0.0,0.0,0.0,0.0,0.258,0.537,0.0,0
40,26.05,91.85,280.0,17.0,0.0,0.0,0.0,0.0,0.0,0.0,0.0,0.265,0.553,0.0,0
40,26.05,91.85,280.0,17.0,0.0,0.0,0.0,0.0,0.0,0.0,0.0,0.449,0.936,0.0,0
40,26.05,91.85,280.0,17.0,0.1,0.22,0.33,0.1,0.18,0.1,0.03,0.43,0.896,0.0,0
40,26.05,91.85,280.0,17.0,0.0,0.0,0.0,0.0,0.0,0.0,0.0,0.418,0.87,0.0,0
40,26.05,91.85,280.0,17.0,0.0,0.0,0.0,0.0,0.0,0.0,0.0,0.406,0.847,0.0,0
40,26.05,91.85,280.0,17.0,0.0,0.0,0.0,0.0,0.0,0.0,0.0,0.393,0.818,0.0,0
40,26.05,91.85,280.0,17.0,0.5,1.1,1.65,0.7,1.26,0.5,0.13,0.381,0.794,0.0,0
40,26.05,91.85,280.0,17.0,0.1,0.22,0.33,0.1,0.18,0.1,0.03,0.37,0.77,0.0,0
40,26.05,91.85,280.0,17.0,0.0,0.0,0.0,0.0,0.0,0.0,0.0,0.361,0.753,0.0,0
40,26.05,91.85,280.0,17.0,0.0,0.0,0.0,0.0,0.0,0.0,0.0,0.352,0.732,0.0,0
40,26.05,91.85,280.0,17.0,0.0,0.0,0.0,0.0,0.0,0.0,0.0,0.338,0.705,0.0,0
41,26.05,91.94,288.0,17.8,5.3,11.66,17.49,28.3,50.94,5.3,1.41,0.505,1.0,33.45,1
41,26.05,91.94,288.0,17.8,6.0,13.2,19.8,23.0,41.4,6.0,1.6,0.512,1.0,21.6,1
41,26.05,91.94,288.0,17.8,13.9,30.58,45.87,60.4,108.72,13.9,3.71,0.511,1.0,62.85,1
41,26.05,91.94,288.0,17.8,19.0,41.8,62.7,86.0,154.8,19.0,5.07,0.512,1.0,92.1,1
41,26.05,91.94,288.0,17.8,5.0,11.0,16.5,25.5,45.9,5.0,1.33,0.504,1.0,29.4,1
41,26.05,91.94,288.0,17.8,9.4,20.68,31.02,40.4,72.72,9.4,2.51,0.506,1.0,41.7,1
41,26.05,91.94,288.0,17.8,4.7,10.34,15.51,21.5,38.7,4.7,1.25,0.505,1.0,23.19,1
41,26.05,91.94,288.0,17.8,3.6,7.92,11.88,16.8,30.24,3.6,0.96,0.506,1.0,18.36,1
41,26.05,91.94,288.0,17.8,1.1,2.42,3.63,7.3,13.14,1.1,0.29,0.504,1.0,9.51,1
41,26.05,91.94,288.0,17.8,1.2,2.64,3.96,3.5,6.3,1.2,0.32,0.489,1.0,2.34,1
41,26.05,91.94,288.0,17.8,8.9,19.58,29.37,14.6,26.28,8.9,2.37,0.499,1.0,0.0,1
41,26.05,91.94,288.0,17.8,8.0,17.6,26.4,53.5,96.3,8.0,2.13,0.507,1.0,69.9,1
41,26.05,91.94,288.0,17.8,3.2,7.04,10.56,7.2,12.96,3.2,0.85,0.49,1.0,2.4,1
41,26.05,91.94,288.0,17.8,5.5,12.1,18.15,10.5,18.9,5.5,1.47,0.498,1.0,0.75,1
41,26.05,91.94,288.0,17.8,0.8,1.76,2.64,2.2,3.96,0.8,0.21,0.493,1.0,1.32,1
41,26.05,91.94,288.0,17.8,0.7,1.54,2.31,2.0,3.6,0.7,0.19,0.476,0.991,1.29,1
41,26.05,91.94,288.0,17.8,2.0,4.4,6.6,5.8,10.44,2.0,0.53,0.492,1.0,3.84,1
41,26.05,91.94,288.0,17.8,5.9,12.98,19.47,24.9,44.82,5.9,1.57,0.5,1.0,25.35,1
41,26.05,91.94,288.0,17.8,4.6,10.12,15.18,11.8,21.24,4.6,1.23,0.505,1.0,6.06,1
41,26.05,91.94,288.0,17.8,7.3,16.06,24.09,28.7,51.66,7.3,1.95,0.502,1.0,27.57,1
41,26.05,91.94,288.0,17.8,4.2,9.24,13.86,35.4,63.72,4.2,1.12,0.512,1.0,49.86,1
41,26.05,91.94,288.0,17.8,9.6,21.12,31.68,39.4,70.92,9.6,2.56,0.506,1.0,39.24,1
41,26.05,91.94,288.0,17.8,5.1,11.22,16.83,9.7,17.46,5.1,1.36,0.505,1.0,0.63,1
41,26.05,91.94,288.0,17.8,3.2,7.04,10.56,10.1,18.18,3.2,0.85,0.498,1.0,7.62,1
41,26.05,91.94,288.0,17.8,1.9,4.18,6.27,10.9,19.62,1.9,0.51,0.504,1.0,13.35,1
41,26.05,91.94,288.0,17.8,5.6,12.32,18.48,15.7,28.26,5.6,1.49,0.502,1.0,9.78,1
41,26.05,91.94,288.0,17.8,1.2,2.64,3.96,4.3,7.74,1.2,0.32,0.491,1.0,3.78,1
41,26.05,91.94,288.0,17.8,4.4,9.68,14.52,21.1,37.98,4.4,1.17,0.503,1.0,23.46,1
41,26.05,91.94,288.0,17.8,4.1,9.02,13.53,17.6,31.68,4.1,1.09,0.5,1.0,18.15,1
41,26.05,91.94,288.0,17.8,2.6,5.72,8.58,18.4,33.12,2.6,0.69,0.511,1.0,24.54,1
41,26.05,91.94,288.0,17.8,4.8,10.56,15.84,40.9,73.62,4.8,1.28,0.512,1.0,57.78,1
41,26.05,91.94,288.0,17.8,4.7,10.34,15.51,27.7,49.86,4.7,1.25,0.506,1.0,34.35,1
41,26.05,91.94,288.0,17.8,0.9,1.98,2.97,5.8,10.44,0.9,0.24,0.497,1.0,7.47,1
41,26.05,91.94,288.0,17.8,1.4,3.08,4.62,6.9,12.42,1.4,0.37,0.501,1.0,7.8,1
41,26.05,91.94,288.0,17.8,13.7,30.14,45.21,25.5,45.9,13.7,3.65,0.501,1.0,0.69,1
41,26.05,91.94,288.0,17.8,0.6,1.32,1.98,3.1,5.58,0.6,0.16,0.497,1.0,3.6,1
41,26.05,91.94,288.0,17.8,4.8,10.56,15.84,12.3,22.14,4.8,1.28,0.499,1.0,6.3,1
41,26.05,91.94,288.0,17.8,2.7,5.94,8.91,4.5,8.1,2.7,0.72,0.498,1.0,0.0,1
41,26.05,91.94,288.0,17.8,8.6,18.92,28.38,21.1,37.98,8.6,2.29,0.502,1.0,9.6,1
41,26.05,91.94,288.0,17.8,1.4,3.08,4.62,7.3,13.14,1.4,0.37,0.502,1.0,8.52,1
41,26.05,91.94,288.0,17.8,5.1,11.22,16.83,8.8,15.84,5.1,1.36,0.502,1.0,0.0,1
41,26.05,91.94,288.0,17.8,6.2,13.64,20.46,14.2,25.56,6.2,1.65,0.498,1.0,5.1,1
41,26.05,91.94,288.0,17.8,2.6,5.72,8.58,14.7,26.46,2.6,0.69,0.506,1.0,17.88,1
41,26.05,91.94,288.0,17.8,0.0,0.0,0.0,0.0,0.0,0.0,0.0,0.309,0.644,0.0,0
41,26.05,91.94,288.0,17.8,0.0,0.0,0.0,0.0,0.0,0.0,0.0,0.306,0.637,0.0,0
41,26.05,91.94,288.0,17.8,1.2,2.64,3.96,1.2,2.16,1.2,0.32,0.301,0.627,0.0,0
41,26.05,91.94,288.0,17.8,0.0,0.0,0.0,0.0,0.0,0.0,0.0,0.289,0.602,0.0,0
41,26.05,91.94,288.0,17.8,0.0,0.0,0.0,0.0,0.0,0.0,0.0,0.285,0.594,0.0,0
41,26.05,91.94,288.0,17.8,1.1,2.42,3.63,1.5,2.7,1.1,0.29,0.285,0.595,0.0,0
41,26.05,91.94,288.0,17.8,0.0,0.0,0.0,0.0,0.0,0.0,0.0,0.28,0.583,0.0,0
41,26.05,91.94,288.0,17.8,0.0,0.0,0.0,0.0,0.0,0.0,0.0,0.268,0.559,0.0,0
41,26.05,91.94,288.0,17.8,0.0,0.0,0.0,0.0,0.0,0.0,0.0,0.266,0.555,0.0,0
41,26.05,91.94,288.0,17.8,0.0,0.0,0.0,0.0,0.0,0.0,0.0,0.272,0.567,0.0,0
41,26.05,91.94,288.0,17.8,0.0,0.0,0.0,0.0,0.0,0.0,0.0,0.442,0.92,0.0,0
41,26.05,91.94,288.0,17.8,0.1,0.22,0.33,0.1,0.18,0.1,0.03,0.428,0.891,0.0,0
41,26.05,91.94,288.0,17.8,0.0,0.0,0.0,0.0,0.0,0.0,0.0,0.418,0.871,0.0,0
41,26.05,91.94,288.0,17.8,0.0,0.0,0.0,0.0,0.0,0.0,0.0,0.405,0.845,0.0,0
41,26.05,91.94,288.0,17.8,1.5,3.3,4.95,1.5,2.7,1.5,0.4,0.397,0.827,0.0,0
41,26.05,91.94,288.0,17.8,0.8,1.76,2.64,1.7,3.06,0.8,0.21,0.386,0.804,0.42,0
41,26.05,91.94,288.0,17.8,0.5,1.1,1.65,0.5,0.9,0.5,0.13,0.373,0.777,0.0,0
41,26.05,91.94,288.0,17.8,0.0,0.0,0.0,0.0,0.0,0.0,0.0,0.365,0.76,0.0,0
41,26.05,91.94,288.0,17.8,0.0,0.0,0.0,0.0,0.0,0.0,0.0,0.354,0.738,0.0,0
41,26.05,91.94,288.0,17.8,0.1,0.22,0.33,0.1,0.18,0.1,0.03,0.341,0.71,0.0,0
42,25.96,91.4,278.0,15.200000000000001,4.8,10.56,15.84,21.8,39.24,4.8,1.28,0.504,1.0,23.4,1
42,25.96,91.4,278.0,15.200000000000001,5.0,11.0,16.5,27.9,50.22,5.0,1.33,0.51,1.0,33.72,1
42,25.96,91.4,278.0,15.200000000000001,5.7,12.54,18.81,35.4,63.72,5.7,1.52,0.505,1.0,44.91,1
42,25.96,91.4,278.0,15.200000000000001,7.7,16.94,25.41,65.3,117.54,7.7,2.05,0.511,1.0,92.13,1
42,25.96,91.4,278.0,15.200000000000001,10.5,23.1,34.65,46.9,84.42,10.5,2.8,0.502,1.0,49.77,1
42,25.96,91.4,278.0,15.200000000000001,1.5,3.3,4.95,6.3,11.34,1.5,0.4,0.504,1.0,6.39,1
42,25.96,91.4,278.0,15.200000000000001,5.0,11.0,16.5,13.5,24.3,5.0,1.33,0.503,1.0,7.8,1
42,25.96,91.4,278.0,15.200000000000001,7.5,16.5,24.75,18.8,33.84,7.5,2.0,0.505,1.0,9.09,1
42,25.96,91.4,278.0,15.200000000000001,8.1,17.82,26.73,17.7,31.86,8.1,2.16,0.504,1.0,5.13,1
42,25.96,91.4,278.0,15.200000000000001,10.5,23.1,34.65,14.9,26.82,10.5,2.8,0.491,1.0,0.0,1
42,25.96,91.4,278.0,15.200000000000001,2.1,4.62,6.93,4.8,8.64,2.1,0.56,0.491,1.0,1.71,1
42,25.96,91.4,278.0,15.200000000000001,6.8,14.96,22.44,36.2,65.16,6.8,1.81,0.506,1.0,42.72,1
42,25.96,91.4,278.0,15.200000000000001,1.7,3.74,5.61,7.5,13.5,1.7,0.45,0.497,1.0,7.89,1
42,25.96,91.4,278.0,15.200000000000001,7.0,15.4,23.1,16.4,29.52,7.0,1.87,0.504,1.0,6.42,1
42,25.96,91.4,278.0,15.200000000000001,1.2,2.64,3.96,3.3,5.94,1.2,0.32,0.494,1.0,1.98,1
42,25.96,91.4,278.0,15.200000000000001,0.8,1.76,2.64,3.2,5.76,0.8,0.21,0.49,1.0,3.12,1
42,25.96,91.4,278.0,15.200000000000001,3.5,7.7,11.55,9.6,17.28,3.5,0.93,0.497,1.0,5.73,1
42,25.96,91.4,278.0,15.200000000000001,32.6,71.72,107.58,63.5,114.3,32.6,8.69,0.502,1.0,6.72,1
42,25.96,91.4,278.0,15.200000000000001,7.7,16.94,25.41,33.9,61.02,7.7,2.05,0.506,1.0,35.61,1
42,25.96,91.4,278.0,15.200000000000001,21.9,48.18,72.27,73.0,131.4,21.9,5.84,0.507,1.0,59.13,1
42,25.96,91.4,278.0,15.200000000000001,4.4,9.68,14.52,23.5,42.3,4.4,1.17,0.51,1.0,27.78,1
42,25.96,91.4,278.0,15.200000000000001,8.6,18.92,28.38,49.7,89.46,8.6,2.29,0.511,1.0,61.08,1
42,25.96,91.4,278.0,15.200000000000001,3.7,8.14,12.21,10.7,19.26,3.7,0.99,0.503,1.0,7.05,1
42,25.96,91.4,278.0,15.200000000000001,1.1,2.42,3.63,6.9,12.42,1.1,0.29,0.502,1.0,8.79,1
42,25.96,91.4,278.0,15.200000000000001,3.5,7.7,11.55,16.9,30.42,3.5,0.93,0.504,1.0,18.87,1
42,25.96,91.4,278.0,15.200000000000001,2.4,5.28,7.92,7.0,12.6,2.4,0.64,0.499,1.0,4.68,1
42,25.96,91.4,278.0,15.200000000000001,0.5,1.1,1.65,2.0,3.6,0.5,0.13,0.478,0.996,1.95,1
42,25.96,91.4,278.0,15.200000000000001,2.9,6.38,9.57,11.3,20.34,2.9,0.77,0.486,1.0,10.77,1
42,25.96,91.4,278.0,15.200000000000001,5.1,11.22,16.83,19.5,35.1,5.1,1.36,0.505,1.0,18.27,1
42,25.96,91.4,278.0,15.200000000000001,4.5,9.9,14.85,21.9,39.42,4.5,1.2,0.509,1.0,24.57,1
42,25.96,91.4,278.0,15.200000000000001,4.5,9.9,14.85,40.3,72.54,4.5,1.2,0.508,1.0,57.69,1
42,25.96,91.4,278.0,15.200000000000001,5.9,12.98,19.47,34.1,61.38,5.9,1.57,0.504,1.0,41.91,1
42,25.96,91.4,278.0,15.200000000000001,10.1,22.22,33.33,26.4,47.52,10.1,2.69,0.5,1.0,14.19,1
42,25.96,91.4,278.0,15.200000000000001,5.9,12.98,19.47,12.1,21.78,5.9,1.57,0.498,1.0,2.31,1
42,25.96,91.4,278.0,15.200000000000001,5.3,11.66,17.49,6.8,12.24,5.3,1.41,0.497,1.0,0.0,1
42,25.96,91.4,278.0,15.200000000000001,1.2,2.64,3.96,3.8,6.84,1.2,0.32,0.496,1.0,2.88,1
42,25.96,91.4,278.0,15.200000000000001,8.2,18.04,27.06,12.5,22.5,8.2,2.19,0.491,1.0,0.0,1
42,25.96,91.4,278.0,15.200000000000001,0.7,1.54,2.31,1.1,1.98,0.7,0.19,0.461,0.961,0.0,1
42,25.96,91.4,278.0,15.200000000000001,11.2,24.64,36.96,16.0,28.8,11.2,2.99,0.483,1.0,0.0,1
42,25.96,91.4,278.0,15.200000000000001,12.6,27.72,41.58,24.4,43.92,12.6,3.36,0.502,1.0,2.34,1
42,25.96,91.4,278.0,15.200000000000001,1.6,3.52,5.28,2.6,4.68,1.6,0.43,0.487,1.0,0.0,1
42,25.96,91.4,278.0,15.200000000000001,0.4,0.88,1.32,2.8,5.04,0.4,0.11,0.478,0.995,3.72,1
42,25.96,91.4,278.0,15.200000000000001,4.6,10.12,15.18,28.3,50.94,4.6,1.23,0.503,1.0,35.76,1
42,25.96,91.4,278.0,15.200000000000001,0.0,0.0,0.0,0.0,0.0,0.0,0.0,0.269,0.56,0.0,0
42,25.96,91.4,278.0,15.200000000000001,0.0,0.0,0.0,0.0,0.0,0.0,0.0,0.268,0.559,0.0,0
42,25.96,91.4,278.0,15.200000000000001,0.3,0.66,0.99,0.9,1.62,0.3,0.08,0.266,0.555,0.63,0
42,25.96,91.4,278.0,15.200000000000001,0.0,0.0,0.0,0.0,0.0,0.0,0.0,0.265,0.553,0.0,0
42,25.96,91.4,278.0,15.200000000000001,0.0,0.0,0.0,0.0,0.0,0.0,0.0,0.268,0.557,0.0,0
42,25.96,91.4,278.0,15.200000000000001,1.2,2.64,3.96,1.5,2.7,1.2,0.32,0.273,0.568,0.0,0
42,25.96,91.4,278.0,15.200000000000001,0.0,0.0,0.0,0.0,0.0,0.0,0.0,0.266,0.555,0.0,0
42,25.96,91.4,278.0,15.200000000000001,0.0,0.0,0.0,0.0,0.0,0.0,0.0,0.266,0.553,0.0,0
42,25.96,91.4,278.0,15.200000000000001,0.0,0.0,0.0,0.0,0.0,0.0,0.0,0.267,0.557,0.0,0
42,25.96,91.4,278.0,15.200000000000001,0.0,0.0,0.0,0.0,0.0,0.0,0.0,0.275,0.573,0.0,0
42,25.96,91.4,278.0,15.200000000000001,0.1,0.22,0.33,0.2,0.36,0.1,0.03,0.464,0.967,0.03,0
42,25.96,91.4,278.0,15.200000000000001,0.0,0.0,0.0,0.0,0.0,0.0,0.0,0.441,0.919,0.0,0
42,25.96,91.4,278.0,15.200000000000001,0.0,0.0,0.0,0.0,0.0,0.0,0.0,0.427,0.89,0.0,0
42,25.96,91.4,278.0,15.200000000000001,0.0,0.0,0.0,0.0,0.0,0.0,0.0,0.412,0.859,0.0,0
42,25.96,91.4,278.0,15.200000000000001,0.1,0.22,0.33,0.1,0.18,0.1,0.03,0.399,0.83,0.0,0
42,25.96,91.4,278.0,15.200000000000001,4.3,9.46,14.19,4.3,7.74,4.3,1.15,0.415,0.865,0.0,0
42,25.96,91.4,278.0,15.200000000000001,0.0,0.0,0.0,0.0,0.0,0.0,0.0,0.379,0.789,0.0,0
42,25.96,91.4,278.0,15.200000000000001,0.0,0.0,0.0,0.0,0.0,0.0,0.0,0.369,0.769,0.0,0
42,25.96,91.4,278.0,15.200000000000001,0.0,0.0,0.0,0.0,0.0,0.0,0.0,0.359,0.747,0.0,0
42,25.96,91.4,278.0,15.200000000000001,0.0,0.0,0.0,0.0,0.0,0.0,0.0,0.348,0.724,0.0,0
43,25.96,91.49,286.0,16.0,5.5,12.1,18.15,17.4,31.32,5.5,1.47,0.501,1.0,13.17,1
43,25.96,91.49,286.0,16.0,8.5,18.7,28.05,27.1,48.78,8.5,2.27,0.511,1.0,20.73,1
43,25.96,91.49,286.0,16.0,6.3,13.86,20.79,32.7,58.86,6.3,1.68,0.508,1.0,38.07,1
43,25.96,91.49,286.0,16.0,7.7,16.94,25.41,58.0,104.4,7.7,2.05,0.513,1.0,78.99,1
43,25.96,91.49,286.0,16.0,7.5,16.5,24.75,41.6,74.88,7.5,2.0,0.509,1.0,50.13,1
43,25.96,91.49,286.0,16.0,5.1,11.22,16.83,18.6,33.48,5.1,1.36,0.503,1.0,16.65,1
43,25.96,91.49,286.0,16.0,3.9,8.58,12.87,10.9,19.62,3.9,1.04,0.501,1.0,6.75,1
43,25.96,91.49,286.0,16.0,9.1,20.02,30.03,21.6,38.88,9.1,2.43,0.505,1.0,8.85,1
43,25.96,91.49,286.0,16.0,12.8,28.16,42.24,22.0,39.6,12.8,3.41,0.503,1.0,0.0,1
43,25.96,91.49,286.0,16.0,9.9,21.78,32.67,18.3,32.94,9.9,2.64,0.493,1.0,0.27,1
43,25.96,91.49,286.0,16.0,4.8,10.56,15.84,15.8,28.44,4.8,1.28,0.496,1.0,12.6,1
43,25.96,91.49,286.0,16.0,7.6,16.72,25.08,40.9,73.62,7.6,2.03,0.503,1.0,48.54,1
43,25.96,91.49,286.0,16.0,1.3,2.86,4.29,4.7,8.46,1.3,0.35,0.485,1.0,4.17,1
43,25.96,91.49,286.0,16.0,3.2,7.04,10.56,9.1,16.38,3.2,0.85,0.502,1.0,5.82,1
43,25.96,91.49,286.0,16.0,2.3,5.06,7.59,4.1,7.38,2.3,0.61,0.49,1.0,0.0,1
43,25.96,91.49,286.0,16.0,3.7,8.14,12.21,4.6,8.28,3.7,0.99,0.471,0.982,0.0,1
43,25.96,91.49,286.0,16.0,2.0,4.4,6.6,4.2,7.56,2.0,0.53,0.479,0.998,0.96,1
43,25.96,91.49,286.0,16.0,20.3,44.66,66.99,50.1,90.18,20.3,5.41,0.501,1.0,23.19,1
43,25.96,91.49,286.0,16.0,7.4,16.28,24.42,25.6,46.08,7.4,1.97,0.504,1.0,21.66,1
43,25.96,91.49,286.0,16.0,16.0,35.2,52.8,44.2,79.56,16.0,4.27,0.505,1.0,26.76,1
43,25.96,91.49,286.0,16.0,2.9,6.38,9.57,21.7,39.06,2.9,0.77,0.512,1.0,29.49,1
43,25.96,91.49,286.0,16.0,8.0,17.6,26.4,44.0,79.2,8.0,2.13,0.506,1.0,52.8,1
43,25.96,91.49,286.0,16.0,4.0,8.8,13.2,11.1,19.98,4.0,1.07,0.5,1.0,6.78,1
43,25.96,91.49,286.0,16.0,0.9,1.98,2.97,4.8,8.64,0.9,0.24,0.5,1.0,5.67,1
43,25.96,91.49,286.0,16.0,2.6,5.72,8.58,12.4,22.32,2.6,0.69,0.5,1.0,13.74,1
43,25.96,91.49,286.0,16.0,1.8,3.96,5.94,4.4,7.92,1.8,0.48,0.494,1.0,1.98,1
43,25.96,91.49,286.0,16.0,2.3,5.06,7.59,4.2,7.56,2.3,0.61,0.492,1.0,0.0,1
43,25.96,91.49,286.0,16.0,2.0,4.4,6.6,10.9,19.62,2.0,0.53,0.493,1.0,13.02,1
43,25.96,91.49,286.0,16.0,4.0,8.8,13.2,18.4,33.12,4.0,1.07,0.503,1.0,19.92,1
43,25.96,91.49,286.0,16.0,3.5,7.7,11.55,18.5,33.3,3.5,0.93,0.507,1.0,21.75,1
43,25.96,91.49,286.0,16.0,3.2,7.04,10.56,28.7,51.66,3.2,0.85,0.513,1.0,41.1,1
43,25.96,91.49,286.0,16.0,5.6,12.32,18.48,27.7,49.86,5.6,1.49,0.504,1.0,31.38,1
43,25.96,91.49,286.0,16.0,6.2,13.64,20.46,15.2,27.36,6.2,1.65,0.496,1.0,6.9,1
43,25.96,91.49,286.0,16.0,5.9,12.98,19.47,17.5,31.5,5.9,1.57,0.499,1.0,12.03,1
43,25.96,91.49,286.0,16.0,3.0,6.6,9.9,5.9,10.62,3.0,0.8,0.495,1.0,0.72,1
43,25.96,91.49,286.0,16.0,0.7,1.54,2.31,4.0,7.2,0.7,0.19,0.494,1.0,4.89,1
43,25.96,91.49,286.0,16.0,9.1,20.02,30.03,13.4,24.12,9.1,2.43,0.493,1.0,0.0,1
43,25.96,91.49,286.0,16.0,7.1,15.62,23.43,10.4,18.72,7.1,1.89,0.487,1.0,0.0,1
43,25.96,91.49,286.0,16.0,7.6,16.72,25.08,11.5,20.7,7.6,2.03,0.493,1.0,0.0,1
43,25.96,91.49,286.0,16.0,18.1,39.82,59.73,33.4,60.12,18.1,4.83,0.501,1.0,0.39,1
43,25.96,91.49,286.0,16.0,3.3,7.26,10.89,6.7,12.06,3.3,0.88,0.498,1.0,1.17,1
43,25.96,91.49,286.0,16.0,0.6,1.32,1.98,2.7,4.86,0.6,0.16,0.487,1.0,2.88,1
43,25.96,91.49,286.0,16.0,4.1,9.02,13.53,25.3,45.54,4.1,1.09,0.505,1.0,32.01,1
43,25.96,91.49,286.0,16.0,0.0,0.0,0.0,0.0,0.0,0.0,0.0,0.237,0.494,0.0,0
43,25.96,91.49,286.0,16.0,0.0,0.0,0.0,0.0,0.0,0.0,0.0,0.238,0.496,0.0,0
43,25.96,91.49,286.0,16.0,0.6,1.32,1.98,1.1,1.98,0.6,0.16,0.241,0.502,0.0,0
43,25.96,91.49,286.0,16.0,0.0,0.0,0.0,0.0,0.0,0.0,0.0,0.238,0.496,0.0,0
43,25.96,91.49,286.0,16.0,0.0,0.0,0.0,0.0,0.0,0.0,0.0,0.24,0.501,0.0,0
43,25.96,91.49,286.0,16.0,0.9,1.98,2.97,1.6,2.88,0.9,0.24,0.244,0.508,0.0,0
43,25.96,91.49,286.0,16.0,0.0,0.0,0.0,0.0,0.0,0.0,0.0,0.237,0.493,0.0,0
43,25.96,91.49,286.0,16.0,0.0,0.0,0.0,0.0,0.0,0.0,0.0,0.236,0.491,0.0,0
43,25.96,91.49,286.0,16.0,0.0,0.0,0.0,0.0,0.0,0.0,0.0,0.235,0.49,0.0,0
43,25.96,91.49,286.0,16.0,0.0,0.0,0.0,0.0,0.0,0.0,0.0,0.245,0.511,0.0,0
43,25.96,91.49,286.0,16.0,0.0,0.0,0.0,0.0,0.0,0.0,0.0,0.446,0.929,0.0,0
43,25.96,91.49,286.0,16.0,0.0,0.0,0.0,0.0,0.0,0.0,0.0,0.418,0.871,0.0,0
43,25.96,91.49,286.0,16.0,0.0,0.0,0.0,0.0,0.0,0.0,0.0,0.398,0.829,0.0,0
43,25.96,91.49,286.0,16.0,0.0,0.0,0.0,0.0,0.0,0.0,0.0,0.378,0.788,0.0,0
43,25.96,91.49,286.0,16.0,0.1,0.22,0.33,0.1,0.18,0.1,0.03,0.361,0.752,0.0,0
43,25.96,91.49,286.0,16.0,1.9,4.18,6.27,1.9,3.42,1.9,0.51,0.359,0.749,0.0,0
43,25.96,91.49,286.0,16.0,0.1,0.22,0.33,0.2,0.36,0.1,0.03,0.337,0.701,0.03,0
43,25.96,91.49,286.0,16.0,0.0,0.0,0.0,0.0,0.0,0.0,0.0,0.323,0.674,0.0,0
43,25.96,91.49,286.0,16.0,0.0,0.0,0.0,0.0,0.0,0.0,0.0,0.31,0.645,0.0,0
43,25.96,91.49,286.0,16.0,0.3,0.66,0.99,0.5,0.9,0.3,0.08,0.299,0.624,0.0,0
44,25.96,91.58,294.0,16.8,8.8,19.36,29.04,30.2,54.36,8.8,2.35,0.507,1.0,25.32,1
44,25.96,91.58,294.0,16.8,9.0,19.8,29.7,24.3,43.74,9.0,2.4,0.511,1.0,14.04,1
44,25.96,91.58,294.0,16.8,6.0,13.2,19.8,33.8,60.84,6.0,1.6,0.509,1.0,41.04,1
44,25.96,91.58,294.0,16.8,5.9,12.98,19.47,49.4,88.92,5.9,1.57,0.514,1.0,69.45,1
44,25.96,91.58,294.0,16.8,7.1,15.62,23.43,35.4,63.72,7.1,1.89,0.51,1.0,40.29,1
44,25.96,91.58,294.0,16.8,9.0,19.8,29.7,28.7,51.66,9.0,2.4,0.508,1.0,21.96,1
44,25.96,91.58,294.0,16.8,3.9,8.58,12.87,14.6,26.28,3.9,1.04,0.503,1.0,13.41,1
44,25.96,91.58,294.0,16.8,5.9,12.98,19.47,23.4,42.12,5.9,1.57,0.508,1.0,22.65,1
44,25.96,91.58,294.0,16.8,18.1,39.82,59.73,24.7,44.46,18.1,4.83,0.503,1.0,0.0,1
44,25.96,91.58,294.0,16.8,2.7,5.94,8.91,5.2,9.36,2.7,0.72,0.484,1.0,0.45,1
44,25.96,91.58,294.0,16.8,3.3,7.26,10.89,10.6,19.08,3.3,0.88,0.491,1.0,8.19,1
44,25.96,91.58,294.0,16.8,7.4,16.28,24.42,41.6,74.88,7.4,1.97,0.505,1.0,50.46,1
44,25.96,91.58,294.0,16.8,1.4,3.08,4.62,3.7,6.66,1.4,0.37,0.488,1.0,2.04,1
44,25.96,91.58,294.0,16.8,1.5,3.3,4.95,6.5,11.7,1.5,0.4,0.498,1.0,6.75,1
44,25.96,91.58,294.0,16.8,3.8,8.36,12.54,6.3,11.34,3.8,1.01,0.491,1.0,0.0,1
44,25.96,91.58,294.0,16.8,3.4,7.48,11.22,6.1,10.98,3.4,0.91,0.476,0.991,0.0,1
44,25.96,91.58,294.0,16.8,1.9,4.18,6.27,5.5,9.9,1.9,0.51,0.488,1.0,3.63,1
44,25.96,91.58,294.0,16.8,14.1,31.02,46.53,41.4,74.52,14.1,3.76,0.501,1.0,27.99,1
44,25.96,91.58,294.0,16.8,6.0,13.2,19.8,17.6,31.68,6.0,1.6,0.504,1.0,11.88,1
44,25.96,91.58,294.0,16.8,11.2,24.64,36.96,32.2,57.96,11.2,2.99,0.502,1.0,21.0,1
44,25.96,91.58,294.0,16.8,2.9,6.38,9.57,22.3,40.14,2.9,0.77,0.513,1.0,30.57,1
44,25.96,91.58,294.0,16.8,9.8,21.56,32.34,42.5,76.5,9.8,2.61,0.503,1.0,44.16,1
44,25.96,91.58,294.0,16.8,5.5,12.1,18.15,10.6,19.08,5.5,1.47,0.499,1.0,0.93,1
44,25.96,91.58,294.0,16.8,1.5,3.3,4.95,5.1,9.18,1.5,0.4,0.501,1.0,4.23,1
44,25.96,91.58,294.0,16.8,2.0,4.4,6.6,9.4,16.92,2.0,0.53,0.503,1.0,10.32,1
44,25.96,91.58,294.0,16.8,0.6,1.32,1.98,2.6,4.68,0.6,0.16,0.488,1.0,2.7,1
44,25.96,91.58,294.0,16.8,3.2,7.04,10.56,8.6,15.48,3.2,0.85,0.487,1.0,4.92,1
44,25.96,91.58,294.0,16.8,3.8,8.36,12.54,14.7,26.46,3.8,1.01,0.494,1.0,13.92,1
44,25.96,91.58,294.0,16.8,3.5,7.7,11.55,16.0,28.8,3.5,0.93,0.5,1.0,17.25,1
44,25.96,91.58,294.0,16.8,3.5,7.7,11.55,18.6,33.48,3.5,0.93,0.509,1.0,21.93,1
44,25.96,91.58,294.0,16.8,3.1,6.82,10.23,30.3,54.54,3.1,0.83,0.511,1.0,44.31,1
44,25.96,91.58,294.0,16.8,5.7,12.54,18.81,28.9,52.02,5.7,1.52,0.503,1.0,33.21,1
44,25.96,91.58,294.0,16.8,7.5,16.5,24.75,19.0,34.2,7.5,2.0,0.504,1.0,9.45,1
44,25.96,91.58,294.0,16.8,4.5,9.9,14.85,12.0,21.6,4.5,1.2,0.5,1.0,6.75,1
44,25.96,91.58,294.0,16.8,1.5,3.3,4.95,5.0,9.0,1.5,0.4,0.498,1.0,4.05,1
44,25.96,91.58,294.0,16.8,3.0,6.6,9.9,6.7,12.06,3.0,0.8,0.498,1.0,2.16,1
44,25.96,91.58,294.0,16.8,4.9,10.78,16.17,12.3,22.14,4.9,1.31,0.498,1.0,5.97,1
44,25.96,91.58,294.0,16.8,8.7,19.14,28.71,12.5,22.5,8.7,2.32,0.494,1.0,0.0,1
44,25.96,91.58,294.0,16.8,1.7,3.74,5.61,7.5,13.5,1.7,0.45,0.496,1.0,7.89,1
44,25.96,91.58,294.0,16.8,17.3,38.06,57.09,27.0,48.6,17.3,4.61,0.502,1.0,0.0,1
44,25.96,91.58,294.0,16.8,2.4,5.28,7.92,4.1,7.38,2.4,0.64,0.498,1.0,0.0,1
44,25.96,91.58,294.0,16.8,0.7,1.54,2.31,2.5,4.5,0.7,0.19,0.487,1.0,2.19,1
44,25.96,91.58,294.0,16.8,3.2,7.04,10.56,23.5,42.3,3.2,0.85,0.507,1.0,31.74,1
44,25.96,91.58,294.0,16.8,0.1,0.22,0.33,0.2,0.36,0.1,0.03,0.243,0.506,0.03,0
44,25.96,91.58,294.0,16.8,0.0,0.0,0.0,0.0,0.0,0.0,0.0,0.245,0.51,0.0,0
44,25.96,91.58,294.0,16.8,0.3,0.66,0.99,0.6,1.08,0.3,0.08,0.249,0.518,0.09,0
44,25.96,91.58,294.0,16.8,0.4,0.88,1.32,0.5,0.9,0.4,0.11,0.241,0.502,0.0,0
44,25.96,91.58,294.0,16.8,0.1,0.22,0.33,0.1,0.18,0.1,0.03,0.241,0.502,0.0,0
44,25.96,91.58,294.0,16.8,1.0,2.2,3.3,1.6,2.88,1.0,0.27,0.248,0.516,0.0,0
44,25.96,91.58,294.0,16.8,0.0,0.0,0.0,0.0,0.0,0.0,0.0,0.244,0.508,0.0,0
44,25.96,91.58,294.0,16.8,0.0,0.0,0.0,0.0,0.0,0.0,0.0,0.242,0.504,0.0,0
44,25.96,91.58,294.0,16.8,0.0,0.0,0.0,0.0,0.0,0.0,0.0,0.237,0.493,0.0,0
44,25.96,91.58,294.0,16.8,0.0,0.0,0.0,0.0,0.0,0.0,0.0,0.247,0.515,0.0,0
44,25.96,91.58,294.0,16.8,0.0,0.0,0.0,0.0,0.0,0.0,0.0,0.434,0.904,0.0,0
44,25.96,91.58,294.0,16.8,0.1,0.22,0.33,0.1,0.18,0.1,0.03,0.409,0.851,0.0,0
44,25.96,91.58,294.0,16.8,0.0,0.0,0.0,0.0,0.0,0.0,0.0,0.386,0.805,0.0,0
44,25.96,91.58,294.0,16.8,1.3,2.86,4.29,1.3,2.34,1.3,0.35,0.377,0.786,0.0,0
44,25.96,91.58,294.0,16.8,0.0,0.0,0.0,0.0,0.0,0.0,0.0,0.364,0.757,0.0,0
44,25.96,91.58,294.0,16.8,0.6,1.32,1.98,1.1,1.98,0.6,0.16,0.356,0.742,0.0,0
44,25.96,91.58,294.0,16.8,0.2,0.44,0.66,0.6,1.08,0.2,0.05,0.348,0.725,0.42,0
44,25.96,91.58,294.0,16.8,0.0,0.0,0.0,0.0,0.0,0.0,0.0,0.335,0.699,0.0,0
44,25.96,91.58,294.0,16.8,0.0,0.0,0.0,0.0,0.0,0.0,0.0,0.322,0.671,0.0,0
44,25.96,91.58,294.0,16.8,0.3,0.66,0.99,0.8,1.44,0.3,0.08,0.313,0.651,0.45,0
45,25.96,91.67,302.0,17.6,4.6,10.12,15.18,28.2,50.76,4.6,1.23,0.504,1.0,35.58,1
45,25.96,91.67,302.0,17.6,5.1,11.22,16.83,22.9,41.22,5.1,1.36,0.511,1.0,24.39,1
45,25.96,91.67,302.0,17.6,7.5,16.5,24.75,50.3,90.54,7.5,2.0,0.51,1.0,65.79,1
45,25.96,91.67,302.0,17.6,5.1,11.22,16.83,57.9,104.22,5.1,1.36,0.512,1.0,87.39,1
45,25.96,91.67,302.0,17.6,5.2,11.44,17.16,25.1,45.18,5.2,1.39,0.508,1.0,28.02,1
45,25.96,91.67,302.0,17.6,5.7,12.54,18.81,31.2,56.16,5.7,1.52,0.505,1.0,37.35,1
45,25.96,91.67,302.0,17.6,5.3,11.66,17.49,18.8,33.84,5.3,1.41,0.504,1.0,16.35,1
45,25.96,91.67,302.0,17.6,6.7,14.74,22.11,29.3,52.74,6.7,1.79,0.504,1.0,30.63,1
45,25.96,91.67,302.0,17.6,11.2,24.64,36.96,23.2,41.76,11.2,2.99,0.507,1.0,4.8,1
45,25.96,91.67,302.0,17.6,4.3,9.46,14.19,9.2,16.56,4.3,1.15,0.495,1.0,2.37,1
45,25.96,91.67,302.0,17.6,10.6,23.32,34.98,26.2,47.16,10.6,2.83,0.494,1.0,12.18,1
45,25.96,91.67,302.0,17.6,8.7,19.14,28.71,46.7,84.06,8.7,2.32,0.505,1.0,55.35,1
45,25.96,91.67,302.0,17.6,1.5,3.3,4.95,5.0,9.0,1.5,0.4,0.492,1.0,4.05,1
45,25.96,91.67,302.0,17.6,5.5,12.1,18.15,14.2,25.56,5.5,1.47,0.5,1.0,7.41,1
45,25.96,91.67,302.0,17.6,1.1,2.42,3.63,3.8,6.84,1.1,0.29,0.494,1.0,3.21,1
45,25.96,91.67,302.0,17.6,1.7,3.74,5.61,5.3,9.54,1.7,0.45,0.492,1.0,3.93,1
45,25.96,91.67,302.0,17.6,2.0,4.4,6.6,5.5,9.9,2.0,0.53,0.492,1.0,3.3,1
45,25.96,91.67,302.0,17.6,10.7,23.54,35.31,39.0,70.2,10.7,2.85,0.499,1.0,34.89,1
45,25.96,91.67,302.0,17.6,9.3,20.46,30.69,22.8,41.04,9.3,2.48,0.504,1.0,10.35,1
45,25.96,91.67,302.0,17.6,9.9,21.78,32.67,33.2,59.76,9.9,2.64,0.504,1.0,27.09,1
45,25.96,91.67,302.0,17.6,3.0,6.6,9.9,25.9,46.62,3.0,0.8,0.51,1.0,36.72,1
45,25.96,91.67,302.0,17.6,12.1,26.62,39.93,45.9,82.62,12.1,3.23,0.509,1.0,42.69,1
45,25.96,91.67,302.0,17.6,4.4,9.68,14.52,9.7,17.46,4.4,1.17,0.504,1.0,2.94,1
45,25.96,91.67,302.0,17.6,3.7,8.14,12.21,7.9,14.22,3.7,0.99,0.498,1.0,2.01,1
45,25.96,91.67,302.0,17.6,1.6,3.52,5.28,8.2,14.76,1.6,0.43,0.501,1.0,9.48,1
45,25.96,91.67,302.0,17.6,1.9,4.18,6.27,7.2,12.96,1.9,0.51,0.503,1.0,6.69,1
45,25.96,91.67,302.0,17.6,4.5,9.9,14.85,10.4,18.72,4.5,1.2,0.5,1.0,3.87,1
45,25.96,91.67,302.0,17.6,7.0,15.4,23.1,30.9,55.62,7.0,1.87,0.506,1.0,32.52,1
45,25.96,91.67,302.0,17.6,5.3,11.66,17.49,20.1,36.18,5.3,1.41,0.501,1.0,18.69,1
45,25.96,91.67,302.0,17.6,3.6,7.92,11.88,17.7,31.86,3.6,0.96,0.507,1.0,19.98,1
45,25.96,91.67,302.0,17.6,4.5,9.9,14.85,36.3,65.34,4.5,1.2,0.511,1.0,50.49,1
45,25.96,91.67,302.0,17.6,6.0,13.2,19.8,31.3,56.34,6.0,1.6,0.507,1.0,36.54,1
45,25.96,91.67,302.0,17.6,18.2,40.04,60.06,27.9,50.22,18.2,4.85,0.505,1.0,0.0,1
45,25.96,91.67,302.0,17.6,13.5,29.7,44.55,20.8,37.44,13.5,3.6,0.501,1.0,0.0,1
45,25.96,91.67,302.0,17.6,10.3,22.66,33.99,25.7,46.26,10.3,2.75,0.501,1.0,12.27,1
45,25.96,91.67,302.0,17.6,1.8,3.96,5.94,9.8,17.64,1.8,0.48,0.502,1.0,11.7,1
45,25.96,91.67,302.0,17.6,5.9,12.98,19.47,13.3,23.94,5.9,1.57,0.501,1.0,4.47,1
45,25.96,91.67,302.0,17.6,9.3,20.46,30.69,21.9,39.42,9.3,2.48,0.501,1.0,8.73,1
45,25.96,91.67,302.0,17.6,6.6,14.52,21.78,15.3,27.54,6.6,1.76,0.498,1.0,5.76,1
45,25.96,91.67,302.0,17.6,11.9,26.18,39.27,22.0,39.6,11.9,3.17,0.502,1.0,0.33,1
45,25.96,91.67,302.0,17.6,3.5,7.7,11.55,6.5,11.7,3.5,0.93,0.5,1.0,0.15,1
45,25.96,91.67,302.0,17.6,2.5,5.5,8.25,5.7,10.26,2.5,0.67,0.497,1.0,2.01,1
45,25.96,91.67,302.0,17.6,4.7,10.34,15.51,24.8,44.64,4.7,1.25,0.503,1.0,29.13,1
45,25.96,91.67,302.0,17.6,0.2,0.44,0.66,0.3,0.54,0.2,0.05,0.289,0.602,0.0,0
45,25.96,91.67,302.0,17.6,0.0,0.0,0.0,0.0,0.0,0.0,0.0,0.287,0.597,0.0,0
45,25.96,91.67,302.0,17.6,0.5,1.1,1.65,1.5,2.7,0.5,0.13,0.29,0.604,1.05,0
45,25.96,91.67,302.0,17.6,0.1,0.22,0.33,0.2,0.36,0.1,0.03,0.281,0.586,0.03,0
45,25.96,91.67,302.0,17.6,1.2,2.64,3.96,1.5,2.7,1.2,0.32,0.282,0.587,0.0,0
45,25.96,91.67,302.0,17.6,5.1,11.22,16.83,8.6,15.48,5.1,1.36,0.324,0.675,0.0,0
45,25.96,91.67,302.0,17.6,0.0,0.0,0.0,0.0,0.0,0.0,0.0,0.283,0.589,0.0,0
45,25.96,91.67,302.0,17.6,0.0,0.0,0.0,0.0,0.0,0.0,0.0,0.277,0.576,0.0,0
45,25.96,91.67,302.0,17.6,0.0,0.0,0.0,0.0,0.0,0.0,0.0,0.267,0.557,0.0,0
45,25.96,91.67,302.0,17.6,0.0,0.0,0.0,0.0,0.0,0.0,0.0,0.27,0.562,0.0,0
45,25.96,91.67,302.0,17.6,0.0,0.0,0.0,0.0,0.0,0.0,0.0,0.456,0.95,0.0,0
45,25.96,91.67,302.0,17.6,0.3,0.66,0.99,0.9,1.62,0.3,0.08,0.439,0.916,0.63,0
45,25.96,91.67,302.0,17.6,0.0,0.0,0.0,0.0,0.0,0.0,0.0,0.425,0.885,0.0,0
45,25.96,91.67,302.0,17.6,0.2,0.44,0.66,0.3,0.54,0.2,0.05,0.418,0.87,0.0,0
45,25.96,91.67,302.0,17.6,1.3,2.86,4.29,1.3,2.34,1.3,0.35,0.412,0.859,0.0,0
45,25.96,91.67,302.0,17.6,0.7,1.54,2.31,0.9,1.62,0.7,0.19,0.409,0.851,0.0,0
45,25.96,91.67,302.0,17.6,0.2,0.44,0.66,0.5,0.9,0.2,0.05,0.405,0.844,0.24,0
45,25.96,91.67,302.0,17.6,0.0,0.0,0.0,0.0,0.0,0.0,0.0,0.394,0.821,0.0,0
45,25.96,91.67,302.0,17.6,0.0,0.0,0.0,0.0,0.0,0.0,0.0,0.381,0.793,0.0,0
45,25.96,91.67,302.0,17.6,0.2,0.44,0.66,0.3,0.54,0.2,0.05,0.366,0.763,0.0,0
46,25.96,91.76,310.0,18.400000000000002,5.4,11.88,17.82,23.8,42.84,5.4,1.44,0.501,1.0,25.02,1
46,25.96,91.76,310.0,18.400000000000002,5.4,11.88,17.82,18.2,32.76,5.4,1.44,0.504,1.0,14.94,1
46,25.96,91.76,310.0,18.400000000000002,14.1,31.02,46.53,73.0,131.4,14.1,3.76,0.508,1.0,84.87,1
46,25.96,91.76,310.0,18.400000000000002,6.7,14.74,22.11,68.5,123.3,6.7,1.79,0.512,1.0,101.19,1
46,25.96,91.76,310.0,18.400000000000002,5.4,11.88,17.82,25.5,45.9,5.4,1.44,0.506,1.0,28.08,1
46,25.96,91.76,310.0,18.400000000000002,9.8,21.56,32.34,45.5,81.9,9.8,2.61,0.509,1.0,49.56,1
46,25.96,91.76,310.0,18.400000000000002,6.4,14.08,21.12,20.3,36.54,6.4,1.71,0.506,1.0,15.42,1
46,25.96,91.76,310.0,18.400000000000002,7.8,17.16,25.74,27.0,48.6,7.8,2.08,0.509,1.0,22.86,1
46,25.96,91.76,310.0,18.400000000000002,5.2,11.44,17.16,19.7,35.46,5.2,1.39,0.504,1.0,18.3,1
46,25.96,91.76,310.0,18.400000000000002,4.9,10.78,16.17,17.1,30.78,4.9,1.31,0.498,1.0,14.61,1
46,25.96,91.76,310.0,18.400000000000002,6.6,14.52,21.78,18.4,33.12,6.6,1.76,0.496,1.0,11.34,1
46,25.96,91.76,310.0,18.400000000000002,12.5,27.5,41.25,51.6,92.88,12.5,3.33,0.507,1.0,51.63,1
46,25.96,91.76,310.0,18.400000000000002,2.3,5.06,7.59,5.2,9.36,2.3,0.61,0.491,1.0,1.77,1
46,25.96,91.76,310.0,18.400000000000002,3.4,7.48,11.22,9.3,16.74,3.4,0.91,0.497,1.0,5.52,1
46,25.96,91.76,310.0,18.400000000000002,2.3,5.06,7.59,5.2,9.36,2.3,0.61,0.497,1.0,1.77,1
46,25.96,91.76,310.0,18.400000000000002,1.8,3.96,5.94,4.5,8.1,1.8,0.48,0.485,1.0,2.16,1
46,25.96,91.76,310.0,18.400000000000002,1.3,2.86,4.29,5.8,10.44,1.3,0.35,0.483,1.0,6.15,1
46,25.96,91.76,310.0,18.400000000000002,8.9,19.58,29.37,30.2,54.36,8.9,2.37,0.502,1.0,24.99,1
46,25.96,91.76,310.0,18.400000000000002,11.3,24.86,37.29,18.6,33.48,11.3,3.01,0.502,1.0,0.0,1
46,25.96,91.76,310.0,18.400000000000002,10.5,23.1,34.65,35.0,63.0,10.5,2.8,0.503,1.0,28.35,1
46,25.96,91.76,310.0,18.400000000000002,3.4,7.48,11.22,26.6,47.88,3.4,0.91,0.511,1.0,36.66,1
46,25.96,91.76,310.0,18.400000000000002,10.4,22.88,34.32,45.8,82.44,10.4,2.77,0.505,1.0,48.12,1
46,25.96,91.76,310.0,18.400000000000002,2.4,5.28,7.92,9.3,16.74,2.4,0.64,0.505,1.0,8.82,1
46,25.96,91.76,310.0,18.400000000000002,3.2,7.04,10.56,7.2,12.96,3.2,0.85,0.5,1.0,2.4,1
46,25.96,91.76,310.0,18.400000000000002,1.4,3.08,4.62,7.3,13.14,1.4,0.37,0.501,1.0,8.52,1
46,25.96,91.76,310.0,18.400000000000002,2.0,4.4,6.6,7.8,14.04,2.0,0.53,0.501,1.0,7.44,1
46,25.96,91.76,310.0,18.400000000000002,4.8,10.56,15.84,7.1,12.78,4.8,1.28,0.498,1.0,0.0,1
46,25.96,91.76,310.0,18.400000000000002,6.1,13.42,20.13,22.6,40.68,6.1,1.63,0.502,1.0,20.55,1
46,25.96,91.76,310.0,18.400000000000002,4.3,9.46,14.19,17.2,30.96,4.3,1.15,0.5,1.0,16.77,1
46,25.96,91.76,310.0,18.400000000000002,2.2,4.84,7.26,15.6,28.08,2.2,0.59,0.507,1.0,20.82,1
46,25.96,91.76,310.0,18.400000000000002,4.0,8.8,13.2,37.2,66.96,4.0,1.07,0.512,1.0,53.76,1
46,25.96,91.76,310.0,18.400000000000002,5.7,12.54,18.81,33.1,59.58,5.7,1.52,0.508,1.0,40.77,1
46,25.96,91.76,310.0,18.400000000000002,10.6,23.32,34.98,28.6,51.48,10.6,2.83,0.503,1.0,16.5,1
46,25.96,91.76,310.0,18.400000000000002,8.7,19.14,28.71,17.3,31.14,8.7,2.32,0.498,1.0,2.43,1
46,25.96,91.76,310.0,18.400000000000002,5.1,11.22,16.83,17.5,31.5,5.1,1.36,0.502,1.0,14.67,1
46,25.96,91.76,310.0,18.400000000000002,1.8,3.96,5.94,8.3,14.94,1.8,0.48,0.501,1.0,9.0,1
46,25.96,91.76,310.0,18.400000000000002,7.4,16.28,24.42,21.3,38.34,7.4,1.97,0.501,1.0,13.92,1
46,25.96,91.76,310.0,18.400000000000002,6.4,14.08,21.12,14.9,26.82,6.4,1.71,0.502,1.0,5.7,1
46,25.96,91.76,310.0,18.400000000000002,5.1,11.22,16.83,20.1,36.18,5.1,1.36,0.5,1.0,19.35,1
46,25.96,91.76,310.0,18.400000000000002,4.4,9.68,14.52,8.3,14.94,4.4,1.17,0.502,1.0,0.42,1
46,25.96,91.76,310.0,18.400000000000002,0.5,1.1,1.65,2.2,3.96,0.5,0.13,0.499,1.0,2.31,1
46,25.96,91.76,310.0,18.400000000000002,4.0,8.8,13.2,7.8,14.04,4.0,1.07,0.497,1.0,0.84,1
46,25.96,91.76,310.0,18.400000000000002,3.1,6.82,10.23,23.6,42.48,3.1,0.83,0.498,1.0,32.25,1
46,25.96,91.76,310.0,18.400000000000002,0.1,0.22,0.33,0.1,0.18,0.1,0.03,0.296,0.618,0.0,0
46,25.96,91.76,310.0,18.400000000000002,0.1,0.22,0.33,0.1,0.18,0.1,0.03,0.291,0.605,0.0,0
46,25.96,91.76,310.0,18.400000000000002,1.3,2.86,4.29,2.6,4.68,1.3,0.35,0.294,0.612,0.39,0
46,25.96,91.76,310.0,18.400000000000002,0.0,0.0,0.0,0.0,0.0,0.0,0.0,0.282,0.588,0.0,0
46,25.96,91.76,310.0,18.400000000000002,1.6,3.52,5.28,1.7,3.06,1.6,0.43,0.277,0.576,0.0,0
46,25.96,91.76,310.0,18.400000000000002,4.8,10.56,15.84,4.9,8.82,4.8,1.28,0.299,0.623,0.0,0
46,25.96,91.76,310.0,18.400000000000002,0.0,0.0,0.0,0.0,0.0,0.0,0.0,0.276,0.574,0.0,0
46,25.96,91.76,310.0,18.400000000000002,0.0,0.0,0.0,0.0,0.0,0.0,0.0,0.268,0.559,0.0,0
46,25.96,91.76,310.0,18.400000000000002,0.0,0.0,0.0,0.0,0.0,0.0,0.0,0.266,0.553,0.0,0
46,25.96,91.76,310.0,18.400000000000002,0.0,0.0,0.0,0.0,0.0,0.0,0.0,0.264,0.55,0.0,0
46,25.96,91.76,310.0,18.400000000000002,0.0,0.0,0.0,0.0,0.0,0.0,0.0,0.457,0.953,0.0,0
46,25.96,91.76,310.0,18.400000000000002,0.1,0.22,0.33,0.4,0.72,0.1,0.03,0.438,0.913,0.39,0
46,25.96,91.76,310.0,18.400000000000002,0.0,0.0,0.0,0.0,0.0,0.0,0.0,0.426,0.888,0.0,0
46,25.96,91.76,310.0,18.400000000000002,0.0,0.0,0.0,0.0,0.0,0.0,0.0,0.417,0.869,0.0,0
46,25.96,91.76,310.0,18.400000000000002,0.8,1.76,2.64,0.9,1.62,0.8,0.21,0.409,0.852,0.0,0
46,25.96,91.76,310.0,18.400000000000002,0.0,0.0,0.0,0.0,0.0,0.0,0.0,0.397,0.828,0.0,0
46,25.96,91.76,310.0,18.400000000000002,0.2,0.44,0.66,0.3,0.54,0.2,0.05,0.391,0.815,0.0,0
46,25.96,91.76,310.0,18.400000000000002,0.0,0.0,0.0,0.0,0.0,0.0,0.0,0.38,0.792,0.0,0
46,25.96,91.76,310.0,18.400000000000002,0.0,0.0,0.0,0.0,0.0,0.0,0.0,0.367,0.765,0.0,0
46,25.96,91.76,310.0,18.400000000000002,0.1,0.22,0.33,0.1,0.18,0.1,0.03,0.35,0.729,0.0,0
47,25.96,91.85,318.0,19.200000000000003,1.9,4.18,6.27,10.7,19.26,1.9,0.51,0.503,1.0,12.99,1
47,25.96,91.85,318.0,19.200000000000003,5.0,11.0,16.5,15.2,27.36,5.0,1.33,0.506,1.0,10.86,1
47,25.96,91.85,318.0,19.200000000000003,17.3,38.06,57.09,74.5,134.1,17.3,4.61,0.51,1.0,77.01,1
47,25.96,91.85,318.0,19.200000000000003,10.8,23.76,35.64,70.4,126.72,10.8,2.88,0.514,1.0,91.08,1
47,25.96,91.85,318.0,19.200000000000003,5.7,12.54,18.81,27.5,49.5,5.7,1.52,0.509,1.0,30.69,1
47,25.96,91.85,318.0,19.200000000000003,10.5,23.1,34.65,49.6,89.28,10.5,2.8,0.505,1.0,54.63,1
47,25.96,91.85,318.0,19.200000000000003,10.4,22.88,34.32,31.2,56.16,10.4,2.77,0.506,1.0,21.84,1
47,25.96,91.85,318.0,19.200000000000003,6.5,14.3,21.45,22.8,41.04,6.5,1.73,0.509,1.0,19.59,1
47,25.96,91.85,318.0,19.200000000000003,5.1,11.22,16.83,15.5,27.9,5.1,1.36,0.503,1.0,11.07,1
47,25.96,91.85,318.0,19.200000000000003,1.3,2.86,4.29,4.7,8.46,1.3,0.35,0.494,1.0,4.17,1
47,25.96,91.85,318.0,19.200000000000003,9.3,20.46,30.69,21.2,38.16,9.3,2.48,0.499,1.0,7.47,1
47,25.96,91.85,318.0,19.200000000000003,17.2,37.84,56.76,59.9,107.82,17.2,4.59,0.505,1.0,51.06,1
47,25.96,91.85,318.0,19.200000000000003,4.4,9.68,14.52,6.5,11.7,4.4,1.17,0.489,1.0,0.0,1
47,25.96,91.85,318.0,19.200000000000003,2.1,4.62,6.93,6.2,11.16,2.1,0.56,0.496,1.0,4.23,1
47,25.96,91.85,318.0,19.200000000000003,1.7,3.74,5.61,4.7,8.46,1.7,0.45,0.496,1.0,2.85,1
47,25.96,91.85,318.0,19.200000000000003,1.0,2.2,3.3,2.3,4.14,1.0,0.27,0.479,0.998,0.84,1
47,25.96,91.85,318.0,19.200000000000003,1.4,3.08,4.62,5.2,9.36,1.4,0.37,0.485,1.0,4.74,1
47,25.96,91.85,318.0,19.200000000000003,7.3,16.06,24.09,25.8,46.44,7.3,1.95,0.5,1.0,22.35,1
47,25.96,91.85,318.0,19.200000000000003,11.6,25.52,38.28,16.2,29.16,11.6,3.09,0.502,1.0,0.0,1
47,25.96,91.85,318.0,19.200000000000003,3.6,7.92,11.88,20.6,37.08,3.6,0.96,0.498,1.0,25.2,1
47,25.96,91.85,318.0,19.200000000000003,3.7,8.14,12.21,27.6,49.68,3.7,0.99,0.514,1.0,37.47,1
47,25.96,91.85,318.0,19.200000000000003,8.8,19.36,29.04,44.3,79.74,8.8,2.35,0.507,1.0,50.7,1
47,25.96,91.85,318.0,19.200000000000003,2.4,5.28,7.92,7.7,13.86,2.4,0.64,0.503,1.0,5.94,1
47,25.96,91.85,318.0,19.200000000000003,0.8,1.76,2.64,4.9,8.82,0.8,0.21,0.495,1.0,6.18,1
47,25.96,91.85,318.0,19.200000000000003,1.3,2.86,4.29,9.0,16.2,1.3,0.35,0.503,1.0,11.91,1
47,25.96,91.85,318.0,19.200000000000003,5.5,12.1,18.15,12.2,21.96,5.5,1.47,0.499,1.0,3.81,1
47,25.96,91.85,318.0,19.200000000000003,4.2,9.24,13.86,7.4,13.32,4.2,1.12,0.496,1.0,0.0,1
47,25.96,91.85,318.0,19.200000000000003,9.7,21.34,32.01,23.3,41.94,9.7,2.59,0.504,1.0,9.93,1
47,25.96,91.85,318.0,19.200000000000003,5.1,11.22,16.83,18.9,34.02,5.1,1.36,0.499,1.0,17.19,1
47,25.96,91.85,318.0,19.200000000000003,1.6,3.52,5.28,13.9,25.02,1.6,0.43,0.508,1.0,19.74,1
47,25.96,91.85,318.0,19.200000000000003,4.4,9.68,14.52,39.0,70.2,4.4,1.17,0.514,1.0,55.68,1
47,25.96,91.85,318.0,19.200000000000003,5.4,11.88,17.82,30.7,55.26,5.4,1.44,0.508,1.0,37.44,1
47,25.96,91.85,318.0,19.200000000000003,8.0,17.6,26.4,22.3,40.14,8.0,2.13,0.501,1.0,13.74,1
47,25.96,91.85,318.0,19.200000000000003,6.2,13.64,20.46,15.5,27.9,6.2,1.65,0.5,1.0,7.44,1
47,25.96,91.85,318.0,19.200000000000003,13.0,28.6,42.9,20.2,36.36,13.0,3.47,0.505,1.0,0.0,1
47,25.96,91.85,318.0,19.200000000000003,2.3,5.06,7.59,6.9,12.42,2.3,0.61,0.503,1.0,4.83,1
47,25.96,91.85,318.0,19.200000000000003,8.9,19.58,29.37,31.6,56.88,8.9,2.37,0.509,1.0,27.51,1
47,25.96,91.85,318.0,19.200000000000003,12.1,26.62,39.93,28.5,51.3,12.1,3.23,0.502,1.0,11.37,1
47,25.96,91.85,318.0,19.200000000000003,9.3,20.46,30.69,23.1,41.58,9.3,2.48,0.499,1.0,10.89,1
47,25.96,91.85,318.0,19.200000000000003,5.7,12.54,18.81,14.1,25.38,5.7,1.52,0.502,1.0,6.57,1
47,25.96,91.85,318.0,19.200000000000003,1.5,3.3,4.95,5.9,10.62,1.5,0.4,0.497,1.0,5.67,1
47,25.96,91.85,318.0,19.200000000000003,3.7,8.14,12.21,13.0,23.4,3.7,0.99,0.502,1.0,11.19,1
47,25.96,91.85,318.0,19.200000000000003,2.7,5.94,8.91,17.5,31.5,2.7,0.72,0.508,1.0,22.59,1
47,25.96,91.85,318.0,19.200000000000003,0.0,0.0,0.0,0.0,0.0,0.0,0.0,0.291,0.607,0.0,0
47,25.96,91.85,318.0,19.200000000000003,0.0,0.0,0.0,0.0,0.0,0.0,0.0,0.287,0.597,0.0,0
47,25.96,91.85,318.0,19.200000000000003,3.0,6.6,9.9,4.3,7.74,3.0,0.8,0.306,0.639,0.0,0
47,25.96,91.85,318.0,19.200000000000003,0.0,0.0,0.0,0.0,0.0,0.0,0.0,0.279,0.582,0.0,0
47,25.96,91.85,318.0,19.200000000000003,0.7,1.54,2.31,0.7,1.26,0.7,0.19,0.277,0.576,0.0,0
47,25.96,91.85,318.0,19.200000000000003,0.0,0.0,0.0,0.0,0.0,0.0,0.0,0.267,0.556,0.0,0
47,25.96,91.85,318.0,19.200000000000003,0.0,0.0,0.0,0.0,0.0,0.0,0.0,0.262,0.546,0.0,0
47,25.96,91.85,318.0,19.200000000000003,0.0,0.0,0.0,0.0,0.0,0.0,0.0,0.254,0.528,0.0,0
47,25.96,91.85,318.0,19.200000000000003,0.0,0.0,0.0,0.0,0.0,0.0,0.0,0.253,0.527,0.0,0
47,25.96,91.85,318.0,19.200000000000003,0.0,0.0,0.0,0.0,0.0,0.0,0.0,0.253,0.526,0.0,0
47,25.96,91.85,318.0,19.200000000000003,0.1,0.22,0.33,0.1,0.18,0.1,0.03,0.447,0.931,0.0,0
47,25.96,91.85,318.0,19.200000000000003,0.2,0.44,0.66,0.6,1.08,0.2,0.05,0.432,0.901,0.42,0
47,25.96,91.85,318.0,19.200000000000003,0.0,0.0,0.0,0.0,0.0,0.0,0.0,0.424,0.883,0.0,0
47,25.96,91.85,318.0,19.200000000000003,0.9,1.98,2.97,1.3,2.34,0.9,0.24,0.419,0.873,0.0,0
47,25.96,91.85,318.0,19.200000000000003,0.2,0.44,0.66,0.2,0.36,0.2,0.05,0.449,0.936,0.0,0
47,25.96,91.85,318.0,19.200000000000003,0.0,0.0,0.0,0.0,0.0,0.0,0.0,0.429,0.893,0.0,0
47,25.96,91.85,318.0,19.200000000000003,0.2,0.44,0.66,0.4,0.72,0.2,0.05,0.415,0.865,0.06,0
47,25.96,91.85,318.0,19.200000000000003,0.0,0.0,0.0,0.0,0.0,0.0,0.0,0.402,0.838,0.0,0
47,25.96,91.85,318.0,19.200000000000003,0.0,0.0,0.0,0.0,0.0,0.0,0.0,0.39,0.812,0.0,0
47,25.96,91.85,318.0,19.200000000000003,0.1,0.22,0.33,0.3,0.54,0.1,0.03,0.375,0.781,0.21,0
48,25.96,91.94,326.0,20.0,3.9,8.58,12.87,29.9,53.82,3.9,1.04,0.508,1.0,40.95,1
48,25.96,91.94,326.0,20.0,6.9,15.18,22.77,26.2,47.16,6.9,1.84,0.508,1.0,24.39,1
48,25.96,91.94,326.0,20.0,15.2,33.44,50.16,77.4,139.32,15.2,4.05,0.511,1.0,89.16,1
48,25.96,91.94,326.0,20.0,10.2,22.44,33.66,75.4,135.72,10.2,2.72,0.511,1.0,102.06,1
48,25.96,91.94,326.0,20.0,5.4,11.88,17.82,21.5,38.7,5.4,1.44,0.509,1.0,20.88,1
48,25.96,91.94,326.0,20.0,14.8,32.56,48.84,56.1,100.98,14.8,3.95,0.506,1.0,52.14,1
48,25.96,91.94,326.0,20.0,5.2,11.44,17.16,24.0,43.2,5.2,1.39,0.506,1.0,26.04,1
48,25.96,91.94,326.0,20.0,3.9,8.58,12.87,23.8,42.84,3.9,1.04,0.509,1.0,29.97,1
48,25.96,91.94,326.0,20.0,10.1,22.22,33.33,30.4,54.72,10.1,2.69,0.507,1.0,21.39,1
48,25.96,91.94,326.0,20.0,5.0,11.0,16.5,9.4,16.92,5.0,1.33,0.497,1.0,0.42,1
48,25.96,91.94,326.0,20.0,6.9,15.18,22.77,12.0,21.6,6.9,1.84,0.499,1.0,0.0,1
48,25.96,91.94,326.0,20.0,20.9,45.98,68.97,74.6,134.28,20.9,5.57,0.504,1.0,65.31,1
48,25.96,91.94,326.0,20.0,4.1,9.02,13.53,7.2,12.96,4.1,1.09,0.489,1.0,0.0,1
48,25.96,91.94,326.0,20.0,2.8,6.16,9.24,6.9,12.42,2.8,0.75,0.496,1.0,3.18,1
48,25.96,91.94,326.0,20.0,1.0,2.2,3.3,4.5,8.1,1.0,0.27,0.496,1.0,4.8,1
48,25.96,91.94,326.0,20.0,1.0,2.2,3.3,2.9,5.22,1.0,0.27,0.483,1.0,1.92,1
48,25.96,91.94,326.0,20.0,1.2,2.64,3.96,5.0,9.0,1.2,0.32,0.488,1.0,5.04,1
48,25.96,91.94,326.0,20.0,5.8,12.76,19.14,22.9,41.22,5.8,1.55,0.501,1.0,22.08,1
48,25.96,91.94,326.0,20.0,9.2,20.24,30.36,14.5,26.1,9.2,2.45,0.501,1.0,0.0,1
48,25.96,91.94,326.0,20.0,4.4,9.68,14.52,15.6,28.08,4.4,1.17,0.499,1.0,13.56,1
48,25.96,91.94,326.0,20.0,3.6,7.92,11.88,28.6,51.48,3.6,0.96,0.51,1.0,39.6,1
48,25.96,91.94,326.0,20.0,9.1,20.02,30.03,41.7,75.06,9.1,2.43,0.508,1.0,45.03,1
48,25.96,91.94,326.0,20.0,4.1,9.02,13.53,9.7,17.46,4.1,1.09,0.504,1.0,3.93,1
48,25.96,91.94,326.0,20.0,1.0,2.2,3.3,5.4,9.72,1.0,0.27,0.496,1.0,6.42,1
48,25.96,91.94,326.0,20.0,1.3,2.86,4.29,9.1,16.38,1.3,0.35,0.506,1.0,12.09,1
48,25.96,91.94,326.0,20.0,3.1,6.82,10.23,11.5,20.7,3.1,0.83,0.504,1.0,10.47,1
48,25.96,91.94,326.0,20.0,3.3,7.26,10.89,9.9,17.82,3.3,0.88,0.493,1.0,6.93,1
48,25.96,91.94,326.0,20.0,5.6,12.32,18.48,27.8,50.04,5.6,1.49,0.504,1.0,31.56,1
48,25.96,91.94,326.0,20.0,8.0,17.6,26.4,18.4,33.12,8.0,2.13,0.501,1.0,6.72,1
48,25.96,91.94,326.0,20.0,1.8,3.96,5.94,14.2,25.56,1.8,0.48,0.509,1.0,19.62,1
48,25.96,91.94,326.0,20.0,5.9,12.98,19.47,41.3,74.34,5.9,1.57,0.515,1.0,54.87,1
48,25.96,91.94,326.0,20.0,4.8,10.56,15.84,28.4,51.12,4.8,1.28,0.506,1.0,35.28,1
48,25.96,91.94,326.0,20.0,3.1,6.82,10.23,11.8,21.24,3.1,0.83,0.503,1.0,11.01,1
48,25.96,91.94,326.0,20.0,6.8,14.96,22.44,15.7,28.26,6.8,1.81,0.503,1.0,5.82,1
48,25.96,91.94,326.0,20.0,12.8,28.16,42.24,24.1,43.38,12.8,3.41,0.505,1.0,1.14,1
48,25.96,91.94,326.0,20.0,3.4,7.48,11.22,9.2,16.56,3.4,0.91,0.5,1.0,5.34,1
48,25.96,91.94,326.0,20.0,4.6,10.12,15.18,22.1,39.78,4.6,1.23,0.504,1.0,24.6,1
48,25.96,91.94,326.0,20.0,6.3,13.86,20.79,22.8,41.04,6.3,1.68,0.506,1.0,20.25,1
48,25.96,91.94,326.0,20.0,16.1,35.42,53.13,33.7,60.66,16.1,4.29,0.5,1.0,7.53,1
48,25.96,91.94,326.0,20.0,2.1,4.62,6.93,11.0,19.8,2.1,0.56,0.5,1.0,12.87,1
48,25.96,91.94,326.0,20.0,4.3,9.46,14.19,21.3,38.34,4.3,1.15,0.497,1.0,24.15,1
48,25.96,91.94,326.0,20.0,7.0,15.4,23.1,13.4,24.12,7.0,1.87,0.5,1.0,1.02,1
48,25.96,91.94,326.0,20.0,2.5,5.5,8.25,13.0,23.4,2.5,0.67,0.502,1.0,15.15,1
48,25.96,91.94,326.0,20.0,0.1,0.22,0.33,0.1,0.18,0.1,0.03,0.291,0.606,0.0,0
48,25.96,91.94,326.0,20.0,0.0,0.0,0.0,0.0,0.0,0.0,0.0,0.287,0.598,0.0,0
48,25.96,91.94,326.0,20.0,0.3,0.66,0.99,0.8,1.44,0.3,0.08,0.282,0.588,0.45,0
48,25.96,91.94,326.0,20.0,0.1,0.22,0.33,0.1,0.18,0.1,0.03,0.274,0.571,0.0,0
48,25.96,91.94,326.0,20.0,0.6,1.32,1.98,1.2,2.16,0.6,0.16,0.276,0.575,0.18,0
48,25.96,91.94,326.0,20.0,3.1,6.82,10.23,3.1,5.58,3.1,0.83,0.283,0.59,0.0,0
48,25.96,91.94,326.0,20.0,0.0,0.0,0.0,0.0,0.0,0.0,0.0,0.263,0.547,0.0,0
48,25.96,91.94,326.0,20.0,0.0,0.0,0.0,0.0,0.0,0.0,0.0,0.253,0.527,0.0,0
48,25.96,91.94,326.0,20.0,0.0,0.0,0.0,0.0,0.0,0.0,0.0,0.252,0.524,0.0,0
48,25.96,91.94,326.0,20.0,0.0,0.0,0.0,0.0,0.0,0.0,0.0,0.249,0.52,0.0,0
48,25.96,91.94,326.0,20.0,0.1,0.22,0.33,0.3,0.54,0.1,0.03,0.438,0.913,0.21,0
48,25.96,91.94,326.0,20.0,0.3,0.66,0.99,0.6,1.08,0.3,0.08,0.427,0.889,0.09,0
48,25.96,91.94,326.0,20.0,0.1,0.22,0.33,0.1,0.18,0.1,0.03,0.42,0.875,0.0,0
48,25.96,91.94,326.0,20.0,1.3,2.86,4.29,2.3,4.14,1.3,0.35,0.423,0.882,0.0,0
48,25.96,91.94,326.0,20.0,0.3,0.66,0.99,0.4,0.72,0.3,0.08,0.42,0.874,0.0,0
48,25.96,91.94,326.0,20.0,0.2,0.44,0.66,0.2,0.36,0.2,0.05,0.416,0.867,0.0,0
48,25.96,91.94,326.0,20.0,0.3,0.66,0.99,0.7,1.26,0.3,0.08,0.413,0.86,0.27,0
48,25.96,91.94,326.0,20.0,0.1,0.22,0.33,0.1,0.18,0.1,0.03,0.402,0.838,0.0,0
48,25.96,91.94,326.0,20.0,0.0,0.0,0.0,0.0,0.0,0.0,0.0,0.39,0.812,0.0,0
48,25.96,91.94,326.0,20.0,0.2,0.44,0.66,0.4,0.72,0.2,0.05,0.377,0.785,0.06,0
